VOLUNTEER QUALITY CONTROL
                      volunteer_id       bias   scatter  n_overlap  teolixx_mean_count  relative_scatter
not-logged-in-8c184c22a6683b0c4aee  24.500000 34.648232          2            1.000000         34.648232
                       Sajudevassy  17.000000 27.712813          3            1.000000         27.712813
                          jwang557  21.000000 25.455844          2            1.500000         16.970563
                        ryleeowens  14.500000 23.043437          4            1.500000         15.362291
not-logged-in-e5c96738f8fcef478a2f  24.500000 34.648232          2            2.500000         13.859293
                           erincth  14.000000 19.798990          2            1.500000         13.199327
                      saraisalgado  10.250000 14.495689          2            1.250000         11.596551
                         catrae108  18.666667 22.143472          3            2.000000         11.071736
not-logged-in-03e85494867240616647  12.000000 18.248288          3            1.666667         10.948973
                         halseyyyy   7.666667 13.279056          3            1.333333          9.959292
                          fa6ima_o  24.500000 34.648232          2            3.500000          9.899495
                        KarenMejia  24.500000 34.648232          2            3.500000          9.899495
                        ttn2amazon  20.000000 24.041631          2            2.500000          9.616652
                           amiitha  12.000000 16.093477          3            2.000000          8.046738
not-logged-in-c628726051582fd872ef  15.333333 29.194748          3            3.666667          7.962204
                           2266146   5.500000  7.778175          2            1.000000          7.778175
                           ktarkin  21.500000 30.405592          2            4.000000          7.601398
                 Aiden_Hangebrauck  18.333333 22.501852          3            3.000000          7.500617
                            Pooshr  18.666667 26.274195          3            3.666667          7.165690
                     Mireyalozoyaa  14.000000  7.071068          2            1.000000          7.071068
                        rylogan530   5.000000  7.000000          3            1.000000          7.000000
                        LeonardoCR  16.857143 14.713130          7            2.142857          6.866127
not-logged-in-6113bfbbf91461133e5e  14.000000 25.159491          3            3.666667          6.861679
                            esayre   7.800000  8.983318          5            1.400000          6.416656
                      Rachelpw0427  13.666667 21.361960          3            3.333333          6.408588
                       Marcojsjfnk  20.933333 18.694792         15            2.933333          6.373224
                          rmaclac4   5.500000  6.363961          2            1.000000          6.363961
not-logged-in-9c25a7254c3263f3a2b7  20.000000 28.284271          2            4.500000          6.285394
not-logged-in-a755a6562966f4797995  10.666667 20.207259          3            3.333333          6.062178
not-logged-in-06fb690566ca8d45fd28   6.000000  8.485281          2            1.500000          5.656854
not-logged-in-7ead9bdee52b85948f37   6.666667 12.423097          3            2.333333          5.324184
                            cladtf  11.000000  5.196152          3            1.000000          5.196152
                           carlyeh  14.285714 13.300555          7            2.571429          5.172438
                            Adwita  30.666667 17.009801          3            3.333333          5.102940
                             AJR19  20.000000 25.455844          2            5.000000          5.091169
not-logged-in-12eeda05bb3646e35832   7.500000  7.593857          4            1.500000          5.062571
                          dshaylen   7.333333 10.115994          3            2.000000          5.057997
                     HarryPotter68  22.333333 18.175075          3            3.666667          4.956839
                           chollar  11.500000 14.849242          2            3.000000          4.949747
                        Sudipkarki  15.500000 26.162951          2            5.500000          4.756900
not-logged-in-7a985943fe466f377f95   7.250000 16.560495          4            3.500000          4.731570
                           tkeplar  16.750000 24.395184          2            5.250000          4.646702
                       gmps.zoo124  18.055556 16.223342         36            3.500000          4.635241
                         sarahapes  13.800000 20.290392          5            4.400000          4.611453
                            Brr979  20.333333 18.147543          3            4.000000          4.536886
not-logged-in-a08ecadbe09e2694435e  16.666667 18.147543          3            4.000000          4.536886
not-logged-in-be8681aef15ce31af7ea   5.400000 13.126309          5            3.000000          4.375436
                       GracyLatini   9.750000 19.619293          4            4.500000          4.359843
                         BruceChen  21.000000 21.656408          3            5.000000          4.331282
not-logged-in-f195182cd5685b67b4a3   8.666667 13.647955          6            3.166667          4.309880
not-logged-in-53ef8199878b4d14cdef  11.625000 24.803814          4            6.125000          4.049602
                   matthewhoussian  18.000000 15.641824          4            4.000000          3.910456
                          20039742   9.833333 12.998718          6            3.333333          3.899615
                         yulia2007  17.500000 24.748737          2            6.500000          3.807498
                            Mrwool   4.000000  5.656854          2            1.500000          3.771236
                        tnguyen302  19.500000 26.162951          2            7.000000          3.737564
                           margeym  27.666667 23.629078          3            6.333333          3.730907
                      HellaCoolGuy   8.250000 13.961256          4            3.750000          3.723002
                         Humbertoo   6.777778 10.721215          9            2.888889          3.711190
not-logged-in-3de8521fd4d229475260   9.000000 17.742604          6            4.833333          3.670884
                           NsColts   8.257143 19.517101         35            5.400000          3.614278
                        urluv_nndn   5.000000  7.071068          2            2.000000          3.535534
                             Zaydd  10.200000 13.079246         10            3.700000          3.534931
not-logged-in-c538a2c30686515fcc42   7.750000  9.126634         12            2.583333          3.532891
                          addieg12  13.333333 22.233608          3            6.333333          3.510570
not-logged-in-f2dce6f5ab7d3bc6475b   9.333333 15.474711          6            4.500000          3.438825
                   CreativePegasus  11.500000 12.020815          2            3.500000          3.434519
not-logged-in-00f64b1328f0410ca56c   7.000000  8.485281          2            2.500000          3.394113
not-logged-in-22e6420ba39360a9180f   4.500000  4.949747          2            1.500000          3.299832
                               Z_u  15.000000 19.798990          2            6.000000          3.299832
not-logged-in-491dec6ff474210272c3   3.500000  4.949747          2            1.500000          3.299832
                        nidhis0411   9.400000 14.467204          5            4.400000          3.288001
                            trc012  14.750000 12.120919          4            3.750000          3.232245
not-logged-in-f376e6a0464cd8220c25   6.333333  9.451631          3            3.000000          3.150544
                         gavin1220  10.428571 21.923026          7            7.000000          3.131861
not-logged-in-da8d9f0f910cf317879b   4.000000  6.244998          3            2.000000          3.122499
                      sarahnichols   3.200000  5.540758          5            1.800000          3.078199
                        bbayer1222   6.333333  8.082904          3            2.666667          3.031089
                          Anuska_K   7.400000 11.287161         15            3.733333          3.023347
not-logged-in-aec6bc0fedb3460e6e06   4.000000  6.928203          3            2.333333          2.969230
                           DavidA6   5.000000  8.041559          4            2.750000          2.924203
                     EMixlapapal02  16.625000 14.426249         16            4.937500          2.921772
                   maggierobertson   8.909091 13.523717         11            4.636364          2.916880
not-logged-in-80be0493f53cac47457b  10.000000 10.165300          4            3.500000          2.904372
not-logged-in-093c7fbc5c6ecca21077   8.800000 14.164117         10            4.900000          2.890636
                         yanechko7  12.333333 10.598742          3            3.666667          2.890566
                      Dewil2125687  10.200000 16.619266          5            5.800000          2.865391
not-logged-in-ac1fd323e737277a564b   2.000000  2.828427          2            1.000000          2.828427
not-logged-in-c4d1717ad6beb2c1d14f   4.000000  5.656854          2            2.000000          2.828427
                 gas_station_sushi   2.000000  2.828427          2            1.000000          2.828427
                           MandyJG   2.000000  4.242641          2            1.500000          2.828427
not-logged-in-4552ed1d23c3487dcfca   3.000000  4.242641          2            1.500000          2.828427
not-logged-in-f604d62d997712621ded   4.333333  8.358628          6            3.000000          2.786209
                    Elijahschwartz  14.666667 19.502137          3            7.000000          2.786020
                            Vega42   2.666667  4.618802          3            1.666667          2.771281
not-logged-in-cb5fe3f7228942ad4e5f   5.250000  9.604686          4            3.500000          2.744196
                        OLIVER1234  10.750000 17.727098          4            6.500000          2.727246
                         Pavnigoel  14.902439 16.227762         41            5.951220          2.726796
not-logged-in-e3a1ba447a4407e1a870  11.000000 21.478672          4            8.000000          2.684834
                   Mcdaniel2145363  17.000000 24.041631          2            9.000000          2.671292
not-logged-in-dec13906661a68356df4   5.000000  9.175065         12            3.500000          2.621447
                        JayLavonne   5.500000  7.778175          2            3.000000          2.592725
not-logged-in-7317c20c4a72713d70ff  12.200000 11.300442          5            4.400000          2.568282
not-logged-in-16abeecb854f25390d15   6.500000 15.351439          4            6.000000          2.558573
                      ericrauscher  10.000000  6.377042          4            2.500000          2.550817
                 parmagnus_utep592   3.500000  6.363961          2            2.500000          2.545584
not-logged-in-0c0f56628091072718d7   4.333333  5.859465          3            2.333333          2.511199
                          aereed05  12.600000 16.979399          5            6.800000          2.496970
                           poojahg   2.333333  6.658328          3            2.666667          2.496873
                           KMLopez   2.500000  4.949747          2            2.000000          2.474874
                          Morgan19   9.750000  9.178780          4            3.750000          2.447675
                          cardojen   4.125000 10.629306          8            4.375000          2.429556
                           Masooma   4.666667  4.041452          3            1.666667          2.424871
not-logged-in-ab167ec277065fef4d3a   0.000000  8.485281          2            3.500000          2.424366
not-logged-in-02d8be2bee3342d97ac5   6.500000 12.020815          2            5.000000          2.404163
                             hxita   4.666667 13.613719          3            5.666667          2.402421
                   SweetLemonBeans   3.666667  6.350853          3            2.666667          2.381570
                       abdallah610  21.933333 14.774006         30            6.266667          2.357554
not-logged-in-7e6695113c522889ab7f   7.500000 10.606602          2            4.500000          2.357023
                    AustinChoi1111   8.500000 10.606602          2            4.500000          2.357023
not-logged-in-8b8262e2c9d9c914b7d4   3.000000  7.071068          2            3.000000          2.357023
                  rebecca.strack._  13.800000 15.449919          5            6.600000          2.340897
not-logged-in-4d888b7d0cfed1f68bf9   3.200000  4.658326          5            2.000000          2.329163
                    williamsr19034   1.142857 20.907962          7            9.000000          2.323107
                    Khazhmyrerilus  23.500000 11.600493          8            5.000000          2.320099
                           xavier_  27.000000 17.944358          4            7.750000          2.315401
                         cdlee4711   1.333333  2.309401          3            1.000000          2.309401
                      Karim.Samiha   4.000000  6.082763          3            2.666667          2.281036
not-logged-in-2bf1b0e9f1b766e747b4   3.000000 10.132456          4            4.500000          2.251657
                          Taro0211   1.750000 16.136492         12            7.166667          2.251603
not-logged-in-e1b1f4edfb008fc88207  19.500000 24.748737          2           11.000000          2.249885
                       nadianoelle  11.785714 16.687990         14            7.428571          2.246460
                    Rawdhaalshehhi   2.210526  7.970072         38            3.578947          2.226932
                            KaranM   3.500000  7.778175          2            3.500000          2.222336
                         smorris25   4.500000  6.633250          8            3.000000          2.211083
                        viniza4545  25.000000 20.248457          6            9.166667          2.208923
                   samcastillo9808  15.400000 16.727223          5            7.600000          2.200950
                            agb026   2.666667 12.027746          6            5.500000          2.186863
                    Lyss434project  11.000000 14.142136          2            6.500000          2.175713
                            oneige   8.500000 13.784049          8            6.375000          2.162204
not-logged-in-2e10fcdf8936cb2ebad5   1.428571  7.699722          7            3.571429          2.155922
                          tate1616   2.266667 14.781584         15            6.933333          2.131959
not-logged-in-feecce91c78d22ee9833   3.500000  6.363961          2            3.000000          2.121320
not-logged-in-aee59bff55d9803f7479  12.000000 12.727922          2            6.000000          2.121320
not-logged-in-68440c55a0a9a32d51ce   1.500000  2.121320          2            1.000000          2.121320
not-logged-in-8d0e113e361ec0c2fbbe   3.500000  2.121320          2            1.000000          2.121320
not-logged-in-2f2d92afa12842489985   1.500000  2.121320          2            1.000000          2.121320
                      mckenajensen   5.666667  2.081666          3            1.000000          2.081666
                           2156119   9.000000 13.076697          3            6.333333          2.064742
                           Sebas28   3.076923  4.906824         13            2.384615          2.057700
                        lkushner16   5.900000 14.184890         10            6.900000          2.055781
not-logged-in-01e9b3a9ec49abafa8da  12.500000  9.192388          2            4.500000          2.042753
not-logged-in-f24043ca3427d85b2718   8.000000 22.124647          5           11.000000          2.011332
not-logged-in-08059006aee0c94144a2   4.333333  6.027714          3            3.000000          2.009238
              ZsajuanAlexanderPowe  -0.200000 18.194191         15            9.066667          2.006712
                     Cortez2152650  10.333333 16.041613          3            8.000000          2.005202
                      julesswinney   4.200000  7.190271          5            3.600000          1.997298
                    howdyitsjustin   5.684211 15.577950         19            7.842105          1.986450
not-logged-in-1570dbeac979744afee3   2.000000  2.645751          3            1.333333          1.984313
                   hungryturtle246   5.200000 10.891383         10            5.500000          1.980251
                          desirees   3.500000  4.949747          2            2.500000          1.979899
not-logged-in-32045d64d66783ab3ad3   3.500000  4.949747          2            2.500000          1.979899
not-logged-in-47ab7fb3cc54bdae2caa   3.250000  2.474874          2            1.250000          1.979899
                  Learnmoreforlife   4.500000  8.346656          4            4.250000          1.963919
not-logged-in-1b0372d14c82c88d2422  17.000000 12.727922          2            6.500000          1.958142
                    steriemart1207   6.545455  9.048355         11            4.636364          1.951606
not-logged-in-364678aa2ed76205e7a9   1.400000  4.277850          5            2.200000          1.944477
                    ThePossibility   4.875000 10.412047          8            5.375000          1.937125
not-logged-in-7ba532a54edcfd4e2de6   2.800000  5.357238          5            2.800000          1.913299
not-logged-in-7720bfc33346116ac848  18.750000 22.838199          4           12.000000          1.903183
                          Peckens2   4.300000 11.776153         10            6.200000          1.899380
                      Olivia.Edler   3.777273  8.808249        110            4.650000          1.894247
not-logged-in-8056942eecdbabe3ff5d   4.000000  6.928203          3            3.666667          1.889510
                          joustin7  10.000000  2.828427          2            1.500000          1.885618
not-logged-in-71b44b9413f5f1a6d79b   5.000000  5.656854          2            3.000000          1.885618
                          mnewnham   3.000000  2.828427          2            1.500000          1.885618
                        PaulBanham   0.000000  2.828427          2            1.500000          1.885618
not-logged-in-3be9f3fcfa5036cf9a13   3.142857  7.492854          7            4.000000          1.873213
not-logged-in-b32f4946ff0d848b1ce9   8.250000 11.236103          4            6.000000          1.872684
                       lshepherd24  10.750000  7.410578          4            4.000000          1.852645
                         Malek2001  11.200000  9.975526         10            5.400000          1.847320
not-logged-in-bb2f6348a0d4d1dc18cb   0.488636  8.290853         44            4.488636          1.847076
not-logged-in-4d9b02770e7caea797b0  12.000000 19.697716          3           10.666667          1.846661
                    AppleRustria16   3.666667  5.507571          3            3.000000          1.835857
               arunodi_siriwardane   3.000000  7.949843          6            4.333333          1.834579
not-logged-in-b1cc988081525d8a7855   1.250000  4.573474          4            2.500000          1.829390
                      mustarimohua  16.666667 16.391054          6            9.000000          1.821228
not-logged-in-9250f691b7792503f8fe   6.500000  6.363961          2            3.500000          1.818275
not-logged-in-2106a9a23314b7b08697   2.111111 10.693975          9            5.888889          1.815958
                        masuma.123   1.285714  3.352327          7            1.857143          1.805099
not-logged-in-d321b87bca9bcd397726   8.166667 17.104580          6            9.500000          1.800482
                grantmesomescience   2.750000  3.593976          4            2.000000          1.796988
not-logged-in-6f81f96dc53b5df35094  -1.416667 11.024422         12            6.166667          1.787744
                           Hesston  -2.600000 12.856905          5            7.200000          1.785681
                          Htabasum   6.777778 14.069273          9            7.888889          1.783429
                       catelynvans   2.166667  5.344779          6            3.000000          1.781593
not-logged-in-c1dedf76d53efa048254   9.000000 12.884099          4            7.250000          1.777117
not-logged-in-3e4f6eee5e19756640a4   2.166667 15.354695          6            8.666667          1.771696
                     ghidorah_24.7  13.000000 14.142136          2            8.000000          1.767767
                    jenniferwegman   2.000000  3.785939          7            2.142857          1.766771
not-logged-in-1b3dd67eecad1429dc98   3.111111  4.512329          9            2.555556          1.765694
not-logged-in-9a32b4966779c1384736   2.428571  6.051367          7            3.428571          1.764982
                   Isabelsilverman  13.000000 10.099505          4            5.750000          1.756436
                          91100426   3.179487  8.858156         39            5.051282          1.753645
                         KhaleaB17   6.857143 22.682068          7           13.000000          1.744774
                           modancy   6.200000 10.109402          5            5.800000          1.743000
                          sacharya  -7.000000 26.870058          2           15.500000          1.733552
                MRCitizenScientist   4.666667  4.041452          3            2.333333          1.732051
not-logged-in-39077baaf4e6ca980f9b   1.500000  7.778175          2            4.500000          1.728483
not-logged-in-4d739b92bc2465860b75   0.454545 14.257374         11            8.272727          1.723419
                      barrywstuart   0.666667  8.020806          3            4.666667          1.718744
not-logged-in-3213a54b1da8b45225cc  23.500000 21.377558          4           12.500000          1.710205
                   StragglySeal788   5.200000  9.549869          5            5.600000          1.705334
not-logged-in-142781a23deb125ed624   4.000000  4.242641          2            2.500000          1.697056
not-logged-in-d1036b52471e038f3ede   8.000000  8.485281          2            5.000000          1.697056
not-logged-in-29c0f30b3ccb71cf8c9b   0.944444  4.231167          9            2.500000          1.692467
                            drmfol   6.666667 10.692677          3            6.333333          1.688317
                         LeviJoyce   3.789474 12.699864         19            7.526316          1.687395
                           Kenya17  10.000000 10.980502         15            6.533333          1.680689
                     Enazooniverse  12.800000 11.242775         10            6.700000          1.678026
                 ArnoldSimanjuntak   0.500000  2.516611          4            1.500000          1.677741
                           tsaluja   1.214286  9.291672         14            5.571429          1.667736
                              6823   2.333333  6.658328          3            4.000000          1.664582
                        egor.lukin  -1.583333 12.724053         12            7.666667          1.659659
not-logged-in-7363465e2256aa6bbe67   0.288889  6.887479         45            4.155556          1.657415
                 parmagnus_utep358   2.250000  3.304038          4            2.000000          1.652019
                        meaganvaiz   4.500000  4.949747          2            3.000000          1.649916
                            teilat   2.500000  4.949747          2            3.000000          1.649916
                       La_Torretta   2.800000  5.263079          5            3.200000          1.644712
                      etrippett123   1.421053  9.934876         19            6.052632          1.641414
                        gabbiellis  19.000000 15.556349          2            9.500000          1.637510
                            829110  -0.166667  9.457335         18            5.777778          1.636846
                   MaquinaGuerrera   3.000000  4.242641          5            2.600000          1.631785
                dayanara_Hernandez  31.538462  7.366765         13            4.538462          1.623186
                          Anna0899   2.060000 10.784170         25            6.660000          1.619245
not-logged-in-805a2f10585e00592ed2 -11.000000 29.866369          3           18.666667          1.599984
                       victoriaf18  -1.082090 12.543338        134            7.850746          1.597726
                           mvoll23   4.136364  3.688434         11            2.318182          1.591089
                              KoHi   5.430693 10.258418        101            6.460396          1.587893
                            FionnT   3.423469  7.878517        196            4.964286          1.587039
                           1382019  -2.666667 10.557778          6            6.666667          1.583667
not-logged-in-d3a3f7c495c0b68b62aa   2.500000  6.697548          8            4.250000          1.575894
                            chjroy   3.333333  4.725816          3            3.000000          1.575272
not-logged-in-2728cb3680b8bf96bc11   2.666667  4.725816          3            3.000000          1.575272
                          mjscirto   2.750000  2.753785          4            1.750000          1.573592
not-logged-in-3a570eee2af010de07f5   3.600000 10.358571          5            6.600000          1.569481
not-logged-in-cf9a0a55616a540c2768   1.600000  8.906350         40            5.675000          1.569401
                          jennys50   2.500000  5.090097         12            3.250000          1.566184
                   kendalldepriest   0.666667  2.081666          3            1.333333          1.561249
                        analucia25   7.666667  9.865766          3            6.333333          1.557752
                           2125255   5.500000  7.778175          2            5.000000          1.555635
not-logged-in-681358e67fb696af2ec7   4.500000  7.778175          2            5.000000          1.555635
                          LHeffner   1.000000  2.708013          4            1.750000          1.547436
                       realestneil   0.953125 12.254484         64            7.921875          1.546917
not-logged-in-98453d1f89eb45c9e534   2.333333  6.658328          3            4.333333          1.536537
not-logged-in-6c7cf7914f6c1fabbcbf  12.200000 13.516656          5            8.800000          1.535984
not-logged-in-f563f994f5bf298c4819   3.500000  9.192388          2            6.000000          1.532065
                          ayushafk  19.500000  9.192388          2            6.000000          1.532065
                           ogelmon  -1.090909 11.139610         11            7.272727          1.531696
not-logged-in-080476e0d4bf5bb719d6   1.000000  6.670832          5            4.400000          1.516098
not-logged-in-832a82347858cb843f3c   1.333333  4.041452          3            2.666667          1.515544
not-logged-in-706c95d610c8003abf24   1.000000  7.549834          3            5.000000          1.509967
not-logged-in-eb2950c0b1f15af7783b   2.600000  4.827007          5            3.200000          1.508440
                      rileycertain  -0.800000 10.256705          5            6.800000          1.508339
                         Sandrag20   9.666667  6.027714          3            4.000000          1.506928
not-logged-in-e31eaeca8b2eccfc4f30   5.666667 11.547005          3            7.666667          1.506131
not-logged-in-821bf34c80c2b397a197   5.250000  7.889867          4            5.250000          1.502832
                           Wadamou   3.333333  6.506407          3            4.333333          1.501479
                           owenlan  -1.800000  6.603030         15            4.400000          1.500689
not-logged-in-98c0190503ce1fc67084   1.500000  3.000000          4            2.000000          1.500000
                       ephillips58  -3.833333 10.888832          6            7.333333          1.484841
                         ireen2009   0.411765  7.937717         17            5.352941          1.482870
               beyondcommunication  10.391827  9.613627        208            6.483173          1.482858
                             Orlis   4.333333  4.932883          3            3.333333          1.479865
                            Crix_B   1.755102 10.192034         98            6.897959          1.477543
                       DarwinSingh   4.666667  9.814955          3            6.666667          1.472243
                       evielici0us  -0.769231  5.433750         13            3.692308          1.471641
not-logged-in-8be2bfabfdba5f45c9ec  -0.327273  7.013359         55            4.781818          1.466672
                           nghiaah   1.500000  4.847680          6            3.333333          1.454304
                      mikaelab1026  -9.000000 25.874698          5           17.800000          1.453635
not-logged-in-1b6201e1d1d288a43a99   2.000000  4.335897          6            3.000000          1.445299
                              an27   1.666667  2.886751          3            2.000000          1.443376
                     jarenrjackson  -2.284722  5.923360        144            4.104167          1.443255
not-logged-in-7f604e1d76183c12cf1d   4.200000  7.155418          5            5.000000          1.431084
                          tjoosten   3.250000  4.769696         12            3.333333          1.430909
                  Fernanda_Vallejo   5.000000  4.629100          8            3.250000          1.424339
                           DedhiaS   3.250000  4.272002          4            3.000000          1.424001
              gabriel_gonzalez1401   3.714286  3.860669          7            2.714286          1.422352
                      Logan.Lamont -12.750000 24.171264          4           17.000000          1.421839
                          lsaffer1   1.000000  7.146428         29            5.034483          1.419496
not-logged-in-b83f237871f257d8f4ab   1.000000  1.414214          2            1.000000          1.414214
                          ellanez1   3.500000  3.535534          2            2.500000          1.414214
                           Rhonbon   2.000000  1.414214          2            1.000000          1.414214
                           Cecyria   1.000000  1.414214          2            1.000000          1.414214
                         ricardob.   5.000000  1.414214          2            1.000000          1.414214
                        Tradespark   1.000000  1.414214          2            1.000000          1.414214
not-logged-in-31031daecadbffcd49f5   2.000000  1.414214          2            1.000000          1.414214
not-logged-in-3675ba69eb01d604c797   4.500000 10.606602          2            7.500000          1.414214
not-logged-in-8468753ba8f88ec11558   4.000000  5.656854          2            4.000000          1.414214
not-logged-in-cf156394f330f046f6ae   6.000000  5.656854          2            4.000000          1.414214
                          Saif1703   1.000000  1.414214          2            1.000000          1.414214
                     alexismcinnis   0.500000  3.535534          2            2.500000          1.414214
                         Oliviaeck  13.500000  4.949747          2            3.500000          1.414214
                        zoon123456   4.500000  6.363961          2            4.500000          1.414214
                       fionnakunce   2.500000  7.778175          2            5.500000          1.414214
not-logged-in-c6ec2687b1869ce6d85f   2.500000  2.121320          2            1.500000          1.414214
                         adalyz.12   6.500000  7.778175          2            5.500000          1.414214
                         B.Wilson1  -3.500000  7.778175          2            5.500000          1.414214
                        Haleyevans   3.500000  2.121320          2            1.500000          1.414214
not-logged-in-94bf7e27c83cf9bb2cb6   3.000000  4.242641          2            3.000000          1.414214
                       YuktaPathak   0.500000  9.192388          2            6.500000          1.414214
                   steampowerplane  -8.000000 12.727922          2            9.000000          1.414214
                  hhhhhhhhhaaaaaaa   1.333333  8.835191         12            6.250000          1.413631
                        AmesSawyer   5.375000  9.364637          8            6.625000          1.413530
                   MiniBikelover14  -4.400000 10.454664          5            7.400000          1.412792
                         lpotopsky   7.714286  6.848705          7            4.857143          1.410028
                            bwking   2.428571  4.391550          7            3.142857          1.397311
                        kingleolob  -4.285714 15.766148          7           11.285714          1.397000
                   lydiagreenfield   1.333333  2.309401          3            1.666667          1.385641
                            MClone -10.666667 18.475209          3           13.333333          1.385641
                      XiongKangyue   0.500000  1.732051          4            1.250000          1.385641
                            layla1  -7.250000 13.841363          4           10.000000          1.384136
not-logged-in-0be02456212680d3c91d  -2.083333  7.128156         12            5.166667          1.379643
                           flowing  15.860465 10.546159         86            7.662791          1.376282
                      coscto.hello   0.400000  5.220837         15            3.800000          1.373905
                       Koji.Oshita  -3.666667  7.547827         12            5.500000          1.372332
                       lexiebanker   6.532407  7.568773        108            5.541667          1.365794
not-logged-in-18bda3664e3f3189d09f  -0.233333  5.157407         30            3.800000          1.357212
                           rpsalfa  -0.687050  8.870092        139            6.571942          1.349691
                        Junior1053   6.666667  8.082904          3            6.000000          1.347151
                            Jt2217   4.692308  5.375634         13            4.000000          1.343908
                         Jeff0722.  -3.454545  7.916611         11            5.909091          1.339734
not-logged-in-ad732914d0ff18602945  -7.666667 12.503333          3            9.333333          1.339643
              gracegracegraceGRACE   2.000000  6.683313          4            5.000000          1.336663
not-logged-in-e586c5cf0c01f7707eba   1.500000  5.000000          4            3.750000          1.333333
                       Oguzcan_888  -3.000000 11.313708          2            8.500000          1.331025
not-logged-in-4ef7ad312d8253405984  -1.166667  6.248636         45            4.700000          1.329497
not-logged-in-2d237429235ae66a9034  -5.000000 12.058192         11            9.090909          1.326401
                         isaac.kim -14.000000 19.798990          2           15.000000          1.319933
                         MysterM17   9.300000  9.888305         15            7.500000          1.318441
                        aschools13   1.333333  8.115828          6            6.166667          1.316080
                      perezmarilyn  -5.100000 14.865695         10           11.300000          1.315548
                           Ziad123  -5.888889  8.328332          9            6.333333          1.315000
not-logged-in-824ca42aab1cbf6aa782 -12.000000 18.384776          2           14.000000          1.313198
                      iloverideout  -6.000000 12.864680          5            9.800000          1.312722
                       DanielWeiss  -0.111111  4.512329          9            3.444444          1.310031
                             Ampol  -5.772727 10.636558         22            8.136364          1.307286
                        That1guyin   8.695652 12.672213         23            9.695652          1.307000
                          jsae-ger   1.777778  6.098725          9            4.666667          1.306870
                        Costco1084  -1.200000 13.311649          5           10.200000          1.305064
                          Tacooper   7.000000  9.539392          3            7.333333          1.300826
                          dbondar2  -3.111111  7.507404          9            5.777778          1.299358
                            Leobil   2.000000  3.464102          3            2.666667          1.299038
not-logged-in-0b0676301d5aeb97cbd1   1.000000  1.732051          3            1.333333          1.299038
                           r3becca   1.000000  1.732051          3            1.333333          1.299038
                        jhtfeae100   5.010638  7.232684         94            5.574468          1.297466
                     Taylor2152234 -16.500000 23.334524          2           18.000000          1.296362
                       Carlychase1 -13.500000 19.101234          8           14.750000          1.294999
                           Nidhi05   1.400000  4.393177          5            3.400000          1.292111
                       YellowLemon   3.750000  6.130525          4            4.750000          1.290637
                       iplatabazan   2.000000  4.898979          5            3.800000          1.289205
                          hmathar5   0.347826  9.078490         23            7.043478          1.288921
                     angelina72304  -0.666667  4.725816          3            3.666667          1.288859
not-logged-in-98017b7cb227ee5f3caf  10.333333  9.018500          3            7.000000          1.288357
not-logged-in-f4748a7321b4cd50fd70  -9.333333 16.289056          3           12.666667          1.285978
                   KeshmirGhandi55  12.800000 14.906374          5           11.600000          1.285032
not-logged-in-5da1b95f612fe775c848   0.333333  5.131601          3            4.000000          1.282900
                       SamClemente  -7.666667  9.814955          3            7.666667          1.280211
                           Sofiaj8  -0.500000  3.729489         12            2.916667          1.278682
                              jsci  -0.600000  3.049590          5            2.400000          1.270663
                             Jocob   0.312500  8.631097         16            6.812500          1.266950
                         raghad_ab  -1.333333 13.051181          3           10.333333          1.263018
                       Malcolm4xxx   0.102564 10.127594         39            8.025641          1.261905
                         JieonJo25  -2.666667  4.618802          3            3.666667          1.259673
                       Kminki08288  -1.346154  5.956036         13            4.730769          1.258999
                       Webb2236690  -8.000000 11.313708          2            9.000000          1.257079
not-logged-in-f77c63a547610a8d9690   6.750000 17.858238          4           14.250000          1.253210
                         Eimanasif   3.198347 12.064148        121            9.636364          1.251940
                          lizongh6  -4.333333  7.505553          3            6.000000          1.250926
not-logged-in-fc192d1e1aa4a57e73b1  -1.818182  6.554839         33            5.242424          1.250345
                     JohnUnderhill  -9.600000 12.481987          5           10.000000          1.248199
                       dyannacosta  -4.251208  8.228041        414            6.599034          1.246855
                          vivi.som   7.363636  9.058396         11            7.272727          1.245530
                          Pierce19   6.000000  9.539392          3            7.666667          1.244269
                        lguevara16  -1.336538  8.309870        416            6.685096          1.243044
                          woodw2ba  -2.250000  7.841165         32            6.312500          1.242165
                     Praneeth_Avva   6.000000  5.958188          5            4.800000          1.241289
                         Divitarkc   4.200000  5.452828         10            4.400000          1.239279
                    akshajpalamasi   4.250000  4.645787          4            3.750000          1.238876
                  Tess_Hankins1216   0.600000  3.714835          5            3.000000          1.238278
not-logged-in-5706e25e47b480d4dcb8   1.500000  4.949747          2            4.000000          1.237437
not-logged-in-418f4eae31edf81e1e43  -2.750000  6.184658          4            5.000000          1.236932
not-logged-in-6a13b6370e55600b723f   2.142857  2.115701          7            1.714286          1.234159
                         pmarie516  -9.500000 19.091883          2           15.500000          1.231734
                          clevenab   2.428571  2.636737          7            2.142857          1.230477
                  MatthewIreland01  -0.470588  6.783414         17            5.529412          1.226788
                           Ericjoo   1.333333  7.767453          3            6.333333          1.226440
not-logged-in-04a913679abecf7e930d  -0.340580  6.736911         69            5.500000          1.224893
not-logged-in-c524c82d05bd2b5d8b5d   0.333333 11.201190          6            9.166667          1.221948
                              NB19  -1.333333  6.432803         15            5.266667          1.221418
                 parmagnus_utep010   2.750000  4.272002          4            3.500000          1.220572
                            SimonQ  -2.714286  9.227289         14            7.571429          1.218699
not-logged-in-5f89546e301a56358c8c  -0.875000  8.675705          8            7.125000          1.217643
                           Jen8892  -3.400000  9.731963         10            8.000000          1.216495
                             jmo16   2.000000  4.242641          2            3.500000          1.212183
                        William21e  -4.333333  9.291573          3            7.666667          1.211944
                           MLAiken   3.500000  6.350853          4            5.250000          1.209686
                       applebee222   9.333333  6.027714          3            5.000000          1.205543
                          Looperwu -11.500000 16.263456          2           13.500000          1.204700
not-logged-in-17de427e26d7516c1c57  -0.600000  6.730527          5            5.600000          1.201880
                           rwils53   0.000000  3.605551          3            3.000000          1.201850
                        Tashfi2025   0.348837  8.074313         86            6.720930          1.201368
not-logged-in-08cf83f4091cd9034fe1  -3.000000  6.000000          4            5.000000          1.200000
                         vivekjain  -1.250000  4.193249          4            3.500000          1.198071
                         Bambixoxo  -2.125000  5.540436          8            4.625000          1.197932
not-logged-in-0974c9ab2412423d22c7  -1.400000  9.547542         10            8.000000          1.193443
                   PrinceMatip12th  -2.844037  6.666909        109            5.605505          1.189350
                        Charles111  -5.625000  9.603602          4            8.125000          1.181982
                 parmagnus_utep577   1.000000  6.497863         10            5.500000          1.181430
                      reece.randig  -2.571429  7.253899          7            6.142857          1.180867
not-logged-in-4af2e0eb4a3fbb8a1e26   0.375000  2.065879          8            1.750000          1.180502
not-logged-in-a38e70a4db070060f956  -3.666667  5.507571          3            4.666667          1.180194
                       Niharika_27  15.600000  8.018728          5            6.800000          1.179225
                JeshanSoosainathan   4.000000  7.071068          2            6.000000          1.178511
                  summerflaherty99  -1.500000  3.535534          2            3.000000          1.178511
not-logged-in-bf992167503f7b3952b2  -4.200000  9.654015          5            8.200000          1.177319
                      acoleman2024   2.562500  4.925698         16            4.187500          1.176286
                          ogrzesko  -4.500000 10.660856         14            9.071429          1.175212
not-logged-in-157ee0d23219bdff3bd4  -1.333333  5.278889          6            4.500000          1.173086
              interscholasticIdiot   3.666667  3.511885          3            3.000000          1.170628
                      AdityaJangam  -3.285714 10.780528         14            9.214286          1.169980
                           SLADUSS   2.250000  2.629956          4            2.250000          1.168869
not-logged-in-a8dbb6725793b0515a70  -8.333333 15.577762          6           13.333333          1.168332
                            IGRACH  -4.387500  8.472041         40            7.262500          1.166546
                         Eathans01   1.181818  3.816233         11            3.272727          1.166071
                 parmagnus_utep700  -0.333333  7.767453          3            6.666667          1.165118
                          TUGELA67  -3.941860  6.521219         43            5.616279          1.161128
                       Birdbugbean  -6.340909 10.829178         22            9.340909          1.159328
                    RealAngelLopez  -2.833333  7.139094          6            6.166667          1.157691
                        rlmadarang  -2.500000  6.363961          2            5.500000          1.157084
not-logged-in-98c0c397bf2ed7679781  -0.727273  5.569397         11            4.818182          1.155913
                          Jaacksch   1.000000 16.753109          4           14.500000          1.155387
              BenjaminKane-Nichols   3.800000  7.854935          5            6.800000          1.155137
not-logged-in-f0bc0c40a19ec7c1637c   0.666667  1.154701          3            1.000000          1.154701
not-logged-in-446e55b998486fc8cbe5   1.333333  2.309401          3            2.000000          1.154701
                          clarkmin   0.666667  1.154701          3            1.000000          1.154701
                          Rivera28  -2.310811  8.004644         37            6.932432          1.154666
                    cracklecroodle  -3.123810  7.890714        105            6.838095          1.153935
                       Skinner1987   1.720000  8.013114         25            6.960000          1.151310
                        alex_berry   0.782946  7.021408        129            6.108527          1.149444
not-logged-in-4202ece2cfa90a468f1b  -3.875000 11.192312          8            9.750000          1.147929
                          em986752  -1.187500  4.874679         16            4.250000          1.146983
not-logged-in-422033131f0d44d0a02a   2.666667  3.055050          3            2.666667          1.145644
                       Motherlake4   0.333333  1.527525          3            1.333333          1.145644
not-logged-in-53177dc5cb3bff2da197  -1.750000  6.291529          4            5.500000          1.143914
              hernandezmoralm38839   1.391304  5.314980         23            4.652174          1.142472
                           mpatino  -3.000000  5.477226          5            4.800000          1.141089
not-logged-in-2b5121336f2a41317c2d   2.200000  2.280351          5            2.000000          1.140175
                       AbbyChesney   3.040541  7.486999        111            6.572072          1.139214
                       DeveshSaini  -6.000000  7.211103          3            6.333333          1.138595
not-logged-in-3dceecf8c64ac05ca5e6  -1.000000  2.645751          3            2.333333          1.133893
not-logged-in-eadef5e4a4668f912128   2.000000  2.828427          2            2.500000          1.131371
                   reaganwhitledge   1.000000  2.828427          2            2.500000          1.131371
not-logged-in-64b4e27791cbe9e8bf79   0.000000  5.656854          2            5.000000          1.131371
not-logged-in-d0157d72ff90569f93c0  -2.000000  5.656854          2            5.000000          1.131371
                         A_Wandler   1.000000  8.485281          2            7.500000          1.131371
                    Adam.Ben.Ahmed   2.000000  2.828427          2            2.500000          1.131371
not-logged-in-4753b1d153f0381d71d5   4.000000  2.828427          2            2.500000          1.131371
                         ejroebuck   2.000000  2.828427          2            2.500000          1.131371
                          kbaker78   0.000000  2.828427          2            2.500000          1.131371
                         Neptune15   2.769231  4.003204         13            3.538462          1.131340
not-logged-in-d61082286959b4e7baa5   0.500000  3.109126          4            2.750000          1.130591
                     Sylviaquinn08   1.132716  6.135831        162            5.441358          1.127629
                             Ev33e -23.500000 30.405592          2           27.000000          1.126133
                          JerrZzzz  -3.466667  7.120059         15            6.333333          1.124220
                   confuseddinosar  -1.500000 11.040833          6            9.833333          1.122797
                              houg  -3.800000  8.074652          5            7.200000          1.121479
not-logged-in-d936821f13266586c401  -7.500000 10.606602          2            9.500000          1.116484
                            k21212  -7.500000 10.606602          2            9.500000          1.116484
not-logged-in-eea2614b433b285e3c07  -6.500000 10.606602          2            9.500000          1.116484
                      MkayProjects  -5.879679  8.749053        187            7.842246          1.115631
                          jaicuyle   0.200000  6.016644          5            5.400000          1.114193
                      rockett_dogg  -0.571429  4.613644          7            4.142857          1.113638
                          korti065   5.000000  5.196152          3            4.666667          1.113461
                          Jorgeeee  -0.800000  5.672546         10            5.100000          1.112264
not-logged-in-7bd296b787795626a949   1.250000  2.500000          4            2.250000          1.111111
                     WEBs_in_space   0.175000  4.829862         40            4.350000          1.110313
                        smoses1603   2.800000  5.761944          5            5.200000          1.108066
                       Natalie1123   6.750000  7.478541          8            6.750000          1.107932
                 morgantorongo0808   2.272727  3.523944         11            3.181818          1.107525
not-logged-in-680e2a3c8ca26e7e2bee  -0.872093  5.710363         43            5.174419          1.103576
                     Charlottebird  -4.225806  6.581336         31            5.967742          1.102818
not-logged-in-e7ffa4047b6929b8cb87  -9.250000 14.056434          4           12.750000          1.102465
                            Xiaoxi   3.666667  5.507571          3            5.000000          1.101514
not-logged-in-19212e3d8500beb1cd70   2.600000  5.504544          5            5.000000          1.100909
                         RiverRose   1.671642  5.034391         67            4.582090          1.098711
                     lorenzo_nunez  -4.428571 10.195704          7            9.285714          1.097999
                   lorenzogiannini   2.500000  1.914854          4            1.750000          1.094202
                   Chieftaindawson   2.375000  6.335775         12            5.791667          1.093947
                      MaddoxMaher5  -4.000000  6.928203          3            6.333333          1.093927
not-logged-in-7fd637528457fb4e014e   0.500000  3.818813          7            3.500000          1.091089
                           sadiyah  -2.254808  7.844668        104            7.197115          1.089974
                      mharbour2539  -1.000000  7.615773          4            7.000000          1.087968
not-logged-in-9a991bae5da6b5717710 -11.000000 14.142136          2           13.000000          1.087857
not-logged-in-4a88a8ec628da37b99d6   4.000000  7.071068          2            6.500000          1.087857
                      MsDongFan123  -9.000000 15.588457          3           14.333333          1.087567
                            Ayoros  -0.750000  2.986079          4            2.750000          1.085847
                   savannahjgraham  -2.631841  4.789184        201            4.412935          1.085260
                         not_Marat   0.444444  6.446360         18            5.944444          1.084434
                      barrettma123   0.142857  4.488079          7            4.142857          1.083330
                     Anthony_Brown   1.666667  2.886751          3            2.666667          1.082532
                             Smesi   2.475000  8.090727         20            7.475000          1.082372
                            zlennn  -6.552632  9.252311         38            8.552632          1.081809
not-logged-in-ccc63787bd5ce837c484  -4.400000  9.710819          5            9.000000          1.078980
                         JParker96   0.833333  1.258306          3            1.166667          1.078548
                        jdixon0904  -5.000000  8.445906          7            7.857143          1.074934
                       Hamilton141  -3.000000  6.812627        245            6.355102          1.071993
not-logged-in-1ec064c13b0f51b4b81c  -2.666667  8.213810          6            7.666667          1.071366
                          Amayneti  -6.750000 12.284814          4           11.500000          1.068245
not-logged-in-12f92455236de6ed8f69   0.833333  1.602082          6            1.500000          1.068055
                          fouch1oa   4.316456  7.786485         79            7.291139          1.067938
not-logged-in-1383c93dad2f1135620c  -1.263158  4.998245         19            4.684211          1.067041
                        jbooth1621   1.692308  6.562324         13            6.153846          1.066378
                     Joeannaava123  -4.267123  7.449871         73            6.993151          1.065310
                izyanfortnitepro22  -3.876866  5.839468        134            5.488806          1.063887
                        Lmccall288  -3.714286  8.712880         21            8.190476          1.063782
                          lemmie33  -5.039007  9.310914        141            8.769504          1.061738
                            Vilien   3.000000  6.542171          6            6.166667          1.060893
not-logged-in-d1799ea258815b58770f  -1.000000 12.727922          2           12.000000          1.060660
                         JeremieCM  -3.500000  6.363961          2            6.000000          1.060660
                         Bones3506   1.500000  2.121320          2            2.000000          1.060660
                           jkubala   3.000000  4.242641          2            4.000000          1.060660
                        AqeelahAli   1.500000  2.121320          2            2.000000          1.060660
not-logged-in-c6d3111c95cfc7b31062  -4.500000  6.363961          2            6.000000          1.060660
                       SaltFishBoi   0.000000  6.000000          3            5.666667          1.058824
                         Tseyangt1   1.857143  5.126960         14            4.857143          1.055550
not-logged-in-aaaa404e235e56d588a4  -3.666667  9.136009          6            8.666667          1.054155
                            Omarkk   7.800000  6.746192         10            6.400000          1.054093
                         Rhettgray  -1.969388  7.472455         49            7.091837          1.053670
                           cdbaird  -0.333333  3.511885          3            3.333333          1.053565
                      juliatreviso   0.769231  4.456341         13            4.230769          1.053317
                      astronomy_ec  -5.294118 10.838385         17           10.294118          1.052872
                           Philrec   4.366667  9.083837         30            8.633333          1.052182
                         AndyC1951   0.900000  3.049590          5            2.900000          1.051583
                           dxreyes   5.250000  6.020797          4            5.750000          1.047095
not-logged-in-60059c77e0a8caaffbcf -13.000000 24.041631          2           23.000000          1.045288
                             eumir   2.000000  1.825742          4            1.750000          1.043281
                        MadisonL23  -3.737288  6.466493        177            6.200565          1.042888
not-logged-in-f0341c2949afbda6c7fd  -6.000000  9.899495          2            9.500000          1.042052
                     JeniferPearce   0.666667  2.081666          3            2.000000          1.040833
                 parmagnus_utep663   1.000000  1.732051          3            1.666667          1.039230
not-logged-in-90d7a495d94896cb17b7   1.000000  1.732051          3            1.666667          1.039230
not-logged-in-1b44e3c7d6f1ed1c05e7   2.000000  3.464102          3            3.333333          1.039230
not-logged-in-4514c5c80aaed5c05caa  -0.666667  4.927545         39            4.743590          1.038780
                         jcos.cada  -0.333333  2.422120          6            2.333333          1.038052
                            Purl50  -1.400000  4.979960          5            4.800000          1.037492
                         hollieroc   2.750000  3.889087          2            3.750000          1.037090
                   RandomStudentIg  -1.000000  4.716991          9            4.555556          1.035437
                       dalbanice11  -1.731788  4.189182        151            4.049669          1.034451
not-logged-in-3a8a3cab39a90e16d826  -4.500000  7.063993          6            6.833333          1.033755
                           Nolomos   1.500000  1.290994          4            1.250000          1.032796
                          Dr_cloud  -3.666667  5.507571          3            5.333333          1.032669
not-logged-in-43e769e1c640c16f0429  -7.250000 11.732129          8           11.375000          1.031396
                        khreyu2011  14.050000  8.186880         10            7.950000          1.029796
not-logged-in-02e3a4af02fc6be78d71  -0.979167  5.916042         48            5.750000          1.028877
                     Bakedkangaroo  -8.375000 14.008182          4           13.625000          1.028123
                            Dryico   0.000000  6.782330          5            6.600000          1.027626
                           escheid  -2.090909  8.030623         11            7.818182          1.027173
not-logged-in-871628df82d5ea4de46f   0.750000 10.242884          4           10.000000          1.024288
not-logged-in-5c433af9a02cf22c2e11  -2.153846  7.081033         13            6.923077          1.022816
                          OmarRana   1.428571  3.359422          7            3.285714          1.022433
                         s80100786  -7.500000 10.214369          4           10.000000          1.021437
not-logged-in-88487745509e16ddabfd  -7.500000  9.192388          2            9.000000          1.021376
not-logged-in-5266a594c1b6f530f17c  -2.640625  7.157485         32            7.015625          1.020221
                            tin123  -2.467742  5.508986         31            5.403226          1.019573
                      surebhandari  -8.666667 12.897028          3           12.666667          1.018186
                         Boncuk777  -7.545455  7.865922         11            7.727273          1.017943
                      Alinaser9991  -3.625000 10.875239         28           10.696429          1.016717
                           GFrantz  -5.666667  9.814955          3            9.666667          1.015340
not-logged-in-cbac33a214d82a93230b   0.263158  4.324251         38            4.263158          1.014330
                            robynw   4.000000  6.082763          3            6.000000          1.013794
                           SYLVIAL  -3.527778  6.868088         36            6.777778          1.013324
                          animeshw  -1.500000  5.066228          4            5.000000          1.013246
                       alikiwan227  -0.875000  2.531939          8            2.500000          1.012776
                     xander_beneda  -1.028226  5.157007        124            5.092742          1.012619
                 CHRISTIAN_MORALES -10.250000 11.383468          4           11.250000          1.011864
not-logged-in-1fb8ae7e59b187bea764  -3.250000  9.358597          4            9.250000          1.011740
                         asuleiman   0.000000 14.142136          2           14.000000          1.010153
                       re.callahan  -5.000000  7.071068          2            7.000000          1.010153
                    anumacassiopia   8.500000  3.535534          2            3.500000          1.010153
                          Isambert   4.500000  3.535534          2            3.500000          1.010153
not-logged-in-5e473c673d2f41918ecd   0.000000  7.071068          2            7.000000          1.010153
not-logged-in-0db33cd3b2da630e4a44   2.500000  3.535534          2            3.500000          1.010153
not-logged-in-c2ed6ee9fb2f5c56c4ad  -5.000000  7.071068          2            7.000000          1.010153
                     angeladuignan   3.875000  4.155461          8            4.125000          1.007385
not-logged-in-19dac59da4791c1cf222 -26.000000 29.698485          2           29.500000          1.006728
                GabrielaMaderapena  -4.352041  6.302099        196            6.265306          1.005873
                      CessnaGrade6  -3.000000  7.241120         69            7.202899          1.005306
not-logged-in-86e953f1735d3da35b57   1.500000  4.509250          4            4.500000          1.002056
                             Zante  -1.250000  5.625198          8            5.625000          1.000035
                            boaz12   1.000000  6.000000          3            6.000000          1.000000
                          spetters   2.750000  3.500000          4            3.500000          1.000000
not-logged-in-b9b9d6387ca1459fa78f  -1.500000  3.000000          4            3.000000          1.000000
not-logged-in-61b3c26b4ae0981e5865  -1.600000  4.393177          5            4.400000          0.998449
not-logged-in-f68602dc74220d66d356  -6.000000  8.485281          2            8.500000          0.998268
                           thsieh2  -2.384615  6.449011         13            6.461538          0.998061
not-logged-in-c6ae26f7325c11d1b157   5.818182  7.795103         11            7.818182          0.997048
                       AlexLeech11  -5.750000  7.679731         24            7.708333          0.996289
                         allicease  -3.038462  4.367890         26            4.384615          0.996185
                          TStowers   1.500000  2.812311         12            2.833333          0.992580
not-logged-in-366650621df36daaf797  -8.000000 15.383974          4           15.500000          0.992514
                      aschroeder11  -3.308824  7.180524         68            7.235294          0.992430
                           cmickey   1.000000  2.645751          3            2.666667          0.992157
not-logged-in-23e925a58dd29e829d53   6.000000  2.645751          3            2.666667          0.992157
                       imdarkcoder -10.666667 12.897028          3           13.000000          0.992079
not-logged-in-e40d9ee6ec2cc283fc16   1.200000  2.774887          5            2.800000          0.991031
                       rferguson72  -2.200000  3.962323          5            4.000000          0.990581
                        stellasong  -4.500000  4.949747          2            5.000000          0.989949
not-logged-in-529793aed2f6a13769e7  -6.666667 11.547005          3           11.666667          0.989743
                             ldscs   1.636364  5.123919         11            5.181818          0.988826
                          Thundera  -3.357143  5.720681          7            5.785714          0.988760
                        natalishaw  -3.375000  9.635315          8            9.750000          0.988237
                          ethanquz  -5.200000  7.694154          5            7.800000          0.986430
                          ryancome  -3.600000  9.864076          5           10.000000          0.986408
                 parmagnus_utep904  -0.750000  2.217356          4            2.250000          0.985491
                      EmmaFaulkner   0.750000  2.217356          4            2.250000          0.985491
                          Mahjabin   3.000000  3.741657          5            3.800000          0.984647
                          Landon17  -7.000000 11.313708          2           11.500000          0.983801
                          Pink2459  -4.857143  7.448234          7            7.571429          0.983729
                          schrdr.j  -3.727273  9.529857         11            9.727273          0.979705
                        Harsh4ever  -4.833333 11.264048         12           11.500000          0.979482
not-logged-in-5c866553f7963cd0cde0  -0.428571  4.685728         14            4.785714          0.979107
not-logged-in-c710dc3412c1ed75d2b3  -2.500000  6.363961          2            6.500000          0.979071
                       MaryamAlAji  -2.500000  5.503246          8            5.625000          0.978355
                         kennyflem  -5.500000 10.016653          4           10.250000          0.977234
                        Wendy_Yeoh  -0.166667  2.926887          6            3.000000          0.975629
                    divyanshudugar  -9.000000 14.142136          2           14.500000          0.975320
not-logged-in-12997ecc4089f8e1220a  -2.000000  6.824326          8            7.000000          0.974904
not-logged-in-cf24140d363f7e43e78f  -1.000000  7.788881          4            8.000000          0.973610
                            rojo13   3.500000  4.985694          8            5.125000          0.972818
not-logged-in-232c9306aa538b639a2a   0.500000  7.778175          2            8.000000          0.972272
                   Eunice_CheongSY  10.000000 15.556349          2           16.000000          0.972272
                         KhShaan.M  -5.500000  7.778175          2            8.000000          0.972272
not-logged-in-7884f939bfdf7cc57d3d  -1.900000  5.727128          5            5.900000          0.970700
                              Mlak -11.000000 16.970563          2           17.500000          0.969746
                           sxiao66   3.500000  4.847680          6            5.000000          0.969536
                          jnahata3  -2.200000  7.949843          5            8.200000          0.969493
                        taylorland  -4.857143 10.792414          7           11.142857          0.968550
not-logged-in-b0b262f2e2df015e6bca   0.354167  3.348481         48            3.458333          0.968235
not-logged-in-593ed8d18d243c52b2ec  -9.800000 14.669697          5           15.200000          0.965112
                          sisapana   1.944444  4.447221          9            4.611111          0.964458
                          kyesmith   1.500000  5.182388          8            5.375000          0.964165
                          MrBrause  -0.500000  1.927248          8            2.000000          0.963624
                         Pablo0814  -1.590909  6.053737         33            6.287879          0.962763
                          bnbarker  -1.000000  6.976150          4            7.250000          0.962228
                          Darianna  -2.400000  5.941380          5            6.200000          0.958287
not-logged-in-4b1f26bb56933bdd8564   2.333333  3.829708          6            4.000000          0.957427
                       brayden_hay  -2.800000  4.207137          5            4.400000          0.956167
                 parmagnus_utep877  -1.250000  5.013316         16            5.250000          0.954917
                   Onesimus_bhatia  15.000000  7.000000          3            7.333333          0.954545
                       SigmaOhio69  -3.855422  5.618203         83            5.891566          0.953601
                       anascoggins  -1.363636  5.371643         11            5.636364          0.953033
                         6861adsiz  -5.818182  7.427223         11            7.818182          0.949994
                           tjhhhhh  -0.857143  4.749060         21            5.000000          0.949812
                        yann.silva  -3.357143  5.358059         14            5.642857          0.949529
                           A.S2008  -1.000000  3.559026          4            3.750000          0.949074
                      Sharma.Anant  -6.000000  8.645808          9            9.111111          0.948930
                    FatoumataDiare  -2.500000  4.169999         10            4.400000          0.947727
                            ThoaLe   1.571429  5.682052          7            6.000000          0.947009
                             karni  -1.666667  3.785939          3            4.000000          0.946485
not-logged-in-6518fd43470a9d372d22  -1.666667  3.785939          3            4.000000          0.946485
                        Rohith2010   2.000000  3.464102          3            3.666667          0.944755
                      DaviraChanVU  -2.000000  3.464102          3            3.666667          0.944755
                        Cooperreid  -2.932018  6.280589        228            6.651316          0.944263
                    ariannajeffers  -4.416667  5.900051         12            6.250000          0.944008
                         LukeMyers  -3.416667  4.718596         12            5.000000          0.943719
                           eduross   1.000000  1.414214          2            1.500000          0.942809
                          DIAZ2000  -0.500000  2.828427          8            3.000000          0.942809
                  WhatGoodFortune2   1.000000  1.414214          2            1.500000          0.942809
                       Tylercanoli   1.000000  1.414214          2            1.500000          0.942809
                              Jlax   4.000000  2.828427          2            3.000000          0.942809
not-logged-in-cae34ac188ebc4f86ea6   1.000000  1.414214          2            1.500000          0.942809
                            bg6479   0.000000  1.414214          2            1.500000          0.942809
                      mearadavison   3.000000  1.414214          2            1.500000          0.942809
                      chengchuanpu  -1.000000  2.828427          2            3.000000          0.942809
                 parmagnus_utep575   1.000000  1.414214          2            1.500000          0.942809
              a.castellanoskatsini   1.000000  1.414214          2            1.500000          0.942809
                          Quokka13   2.000000  1.414214          2            1.500000          0.942809
not-logged-in-f033260f8503f3e85985   1.000000  1.414214          2            1.500000          0.942809
not-logged-in-55b8e7ff37a88cf44cb0   2.000000  2.828427          2            3.000000          0.942809
                        elsabianca   1.000000  1.414214          2            1.500000          0.942809
                     Grace.latorra   1.000000  8.485281          2            9.000000          0.942809
                        Savannah_F  -4.461538  8.987170         13            9.538462          0.942203
                           welmore  -3.000000  6.964194          5            7.400000          0.941107
not-logged-in-4da179e756da7745e10c  -2.571429  6.579188          7            7.000000          0.939884
                            Gorgar  -0.230769  6.989919         13            7.461538          0.936793
not-logged-in-2a544e1ef1f835de5b96  -2.000000  6.928203          5            7.400000          0.936244
not-logged-in-a0a5040ee6841b943ccb  -0.666667  7.925246         15            8.466667          0.936053
                         msingh827  -0.666667  4.041452          3            4.333333          0.932643
                          esala078  -2.500000  3.728270          6            4.000000          0.932068
                    Umizoomiesteam  -4.142857  6.386991         28            6.857143          0.931436
                         lnguyen39  -4.345133  5.835192        113            6.274336          0.930009
not-logged-in-83d89caadd7c8ac16912   9.500000 16.263456          2           17.500000          0.929340
                   michaelaramirez  -2.655172  4.598061         58            4.948276          0.929225
                             Rbrab  -1.400000  3.714835          5            4.000000          0.928709
                  I_LOVE_ASTROLOGY  -5.000000  8.660254          3            9.333333          0.927884
                           ljach16  -1.833333  5.564770          6            6.000000          0.927462
not-logged-in-206a7046a3fa40eeb895  -1.871795  4.717992         39            5.102564          0.924632
                            Gatito  -2.833333  4.468747         12            4.833333          0.924568
                          bdushime   5.200000  5.731007         10            6.200000          0.924356
                          surchris -10.750000 11.768602          8           12.750000          0.923028
                       IsabelBoard  -3.538462  6.347891         91            6.890110          0.921305
                    garrettnaples1  -5.000000 10.440307          3           11.333333          0.921204
                           duwenqi  -8.500000  8.736895          4            9.500000          0.919673
                         Tbraeg314  -3.777778  5.309844          9            5.777778          0.919011
                            jkar42   7.000000  2.756810          6            3.000000          0.918937
not-logged-in-3efb899e01b2c74b3bf5   0.750000  2.986079          4            3.250000          0.918793
                 parmagnus_utep573   1.666667  5.507571          3            6.000000          0.917928
                   Runzonbattereez  -4.941176  6.691605         17            7.294118          0.917397
                       Jkalaivanan   2.600000  5.319774          5            5.800000          0.917202
                      CrazyCarterC  -2.333333  5.196152          9            5.666667          0.916968
                       babynomoney   2.750000  5.500000          4            6.000000          0.916667
                     ChrisPrincipe  -4.916667  7.867752         12            8.583333          0.916631
                           control   5.666667  3.055050          3            3.333333          0.916515
not-logged-in-704f5916dbc6942342a7   1.333333  1.527525          3            1.666667          0.916515
                           Sag_Ank   1.333333  1.527525          3            1.666667          0.916515
                      Ungar2243120   1.333333  3.055050          3            3.333333          0.916515
not-logged-in-9862bb9015318e6a4680  -0.666667  3.055050          3            3.333333          0.916515
not-logged-in-c7e51882ed73595866da  -0.500000  7.778175          2            8.500000          0.915079
                      Oliviadumont   3.210526  4.905540         19            5.368421          0.913777
                           chapo13   2.121212  5.066789         33            5.545455          0.913683
                            sosa01  -1.634615  4.899095         52            5.365385          0.913093
not-logged-in-77a3e9f37f7a9abb6c34  -0.400000  2.190890          5            2.400000          0.912871
                          tortizno  -7.571429 10.277113          7           11.285714          0.910630
                      DS014473cy12  -4.328358  4.401749         67            4.835821          0.910238
                          zyang935  -6.000000 10.661457          7           11.714286          0.910124
                         Smmwelch1   3.333333  2.828427          9            3.111111          0.909137
not-logged-in-417259b087bde099a8b7  -2.000000  4.000000          5            4.400000          0.909091
not-logged-in-773f337648649729f8c0  -2.000000  4.767313         12            5.250000          0.908060
not-logged-in-6dafc7c7887e50a84171   8.000000 10.893423          4           12.000000          0.907785
                       monkeystuff   1.000000  3.109126          7            3.428571          0.906829
                          KatChami  -2.250000  7.592289          8            8.375000          0.906542
                        jaileyhall  -0.622222  5.978328         45            6.600000          0.905807
                       Moisem10759  -4.031250  6.029010         16            6.656250          0.905767
                        Ahmedis123  -7.000000 11.313708          2           12.500000          0.905097
                         lovenhold   2.000000  6.782330          4            7.500000          0.904311
                         21warrenc  -2.722222  6.859300         81            7.586420          0.904155
                          glarry08  -4.725664  6.166213        226            6.823009          0.903738
not-logged-in-74be853529bcf21fffaa  -3.500000  7.681146          4            8.500000          0.903664
                     alannaurteaga   0.279070  7.394739         43            8.186047          0.903335
not-logged-in-226f4bfb07639c8ee908   0.000000  4.966555          4            5.500000          0.903010
not-logged-in-21a5dcd7edb5563cf396  -0.666667  4.509250          3            5.000000          0.901850
                      RaymondPhung  -4.090909  6.803742         11            7.545455          0.901701
not-logged-in-b62370cd62223358f779  -3.500000  4.725816          4            5.250000          0.900155
                        Shannen212  -3.500000  4.949747          2            5.500000          0.899954
                         Western12  -6.333333  8.386497          3            9.333333          0.898553
not-logged-in-d51366ea42f14e3a612f   2.666667  5.537749          6            6.166667          0.898013
                         08hpftckv  12.500000  8.504901          4            9.500000          0.895253
                           MDRaian   7.000000 12.529964          3           14.000000          0.894997
                       lpdeconcini  -5.000000  6.557439          3            7.333333          0.894196
                          Lino3464   4.285714  6.450147         14            7.214286          0.894080
                         serhatlic  -1.928571  6.378622         14            7.142857          0.893007
                        hunthleger   5.000000  5.354126          4            6.000000          0.892354
not-logged-in-55595fa97f01ec245431   3.333333  2.081666          3            2.333333          0.892143
                            Lazina  -3.844828  6.983192         58            7.827586          0.892126
not-logged-in-78417d6cb2a09cc6d97d  -0.312500  5.849938         32            6.562500          0.891419
                     McKennaNeaton  -1.333333  3.265986          6            3.666667          0.890724
                    dmills42uwo.ca   1.000000  2.449490          4            2.750000          0.890724
not-logged-in-ab4b32cfd96372b7ef7c  -1.192308  4.874228         39            5.474359          0.890374
                 parmagnus_utep937   0.785714  4.003433         14            4.500000          0.889652
not-logged-in-fac0b3a80d0ad387f468  -1.125000  3.847325         60            4.325000          0.889555
not-logged-in-eb03d3596377c8c6b23f   0.200000  4.266146          5            4.800000          0.888780
                       randy_tatum  -1.788945  6.339365        199            7.145729          0.887155
                   jalencounterman  -9.000000  9.309493          4           10.500000          0.886618
                      RandomGuy736  -8.000000 13.000000          3           14.666667          0.886364
                      adityaperi24  -2.823529  3.049795         34            3.441176          0.886265
not-logged-in-91e43cdd07b4f22ef4e1  -7.333333  9.451631          3           10.666667          0.886090
                   jeffreyscurlock  -5.463415  7.280445         41            8.219512          0.885751
                         dsimard11 -10.000000 16.522712          3           18.666667          0.885145
                           Mike072  -3.636364  5.551023         22            6.272727          0.884946
                          DBertram  -6.291667  7.110795         24            8.041667          0.884244
not-logged-in-a2855fe7ac4a20fd556e   0.250000  2.872281          4            3.250000          0.883779
                           JuanSEA  -1.375000  6.843923          8            7.750000          0.883087
                           Dkahlon  -5.666667  9.563821          6           10.833333          0.882814
not-logged-in-74a9408a83843c90fa23  -3.400000  7.056912          5            8.000000          0.882114
                     hello12467899  -0.285714  1.889822          7            2.142857          0.881917
                            Ninat2  -4.000000  5.291503          3            6.000000          0.881917
not-logged-in-aa8e5fd7b69200a0e1fa  -4.250000  7.932003          4            9.000000          0.881334
                         ggarcia22  -1.079470  5.624379        151            6.384106          0.880997
                       carolyn2565   4.600000  5.189733         10            5.900000          0.879616
                         dhianskie  -3.214286  6.399262         14            7.285714          0.878330
                    Aarav123Sharma   0.333333  3.511885          3            4.000000          0.877971
not-logged-in-e465911239f836c81c56  -2.250000  2.629956          4            3.000000          0.876652
                           rlaf123  -5.375000  7.830496         16            8.937500          0.876139
not-logged-in-802098c3acc5e74aea66  -1.500000  4.375255          8            5.000000          0.875051
                            keelyl  -1.800000  4.024922          5            4.600000          0.874983
                          Yessi415  -3.378641  5.716419        412            6.536408          0.874551
                  MeganDoesScience   2.333333  6.110101          3            7.000000          0.872872
                            k3shon  -4.500000  6.978539          6            8.000000          0.872317
                          advitdua   0.200000  6.978539          5            8.000000          0.872317
                           hermesp  -1.670103  4.965971         97            5.701031          0.871065
                      drodriguez84  -3.088889  6.734653         45            7.733333          0.870860
                         John18484  -3.785714  4.353223         14            5.000000          0.870645
                          rraymond  -5.909091  6.844595         22            7.863636          0.870411
                            DavinF  -7.000000 11.313708          2           13.000000          0.870285
                  lordandrewobrien   3.000000  5.656854          2            6.500000          0.870285
                         philrhe85  -4.000000  5.656854          2            6.500000          0.870285
not-logged-in-1f68ef2d1d220d0aafb9 -11.000000 16.970563          2           19.500000          0.870285
                        ellimarker  -2.000000  3.915780          4            4.500000          0.870173
                      KaylieConlon  -3.666667  5.507571          3            6.333333          0.869616
                          cyprianN   0.875000  4.998214          8            5.750000          0.869255
not-logged-in-f7b9ef92a83e336bf20b  -1.600000  3.646917          5            4.200000          0.868313
not-logged-in-50f1e8fb8f305707a9f6  -3.333333  6.501282          6            7.500000          0.866838
                             zwerg   0.666667  1.154701          3            1.333333          0.866025
not-logged-in-a88b8973b61e03a4b792   0.666667  1.154701          3            1.333333          0.866025
not-logged-in-6624901d0999329aa4b5   0.666667  1.154701          3            1.333333          0.866025
not-logged-in-f25005e4a6cad0cacf50   0.666667  1.154701          3            1.333333          0.866025
                           brynnar   1.000000  1.732051          3            2.000000          0.866025
not-logged-in-e02ed76ffe4f6a1a03bf   1.000000  1.732051          3            2.000000          0.866025
                       changd12846  -2.071429  3.770184         42            4.357143          0.865288
not-logged-in-34cf11d9b11a2944e436  -4.000000  8.000000          4            9.250000          0.864865
                         rptak1982   1.000000  2.160247          4            2.500000          0.864099
                         jezjezjez  -1.075000  5.680704         20            6.575000          0.863985
                           bchen99   3.000000  2.581989          4            3.000000          0.860663
                           alex012  -3.245763  5.810041        295            6.750847          0.860639
                     patrickmbrand  -2.125000  7.395703          8            8.625000          0.857473
not-logged-in-8d0192e4d637506845b3   0.560976  3.638673         41            4.243902          0.857388
                        Nathalia23   1.875000  2.997022          8            3.500000          0.856292
                        sarahyahya  -3.000000  9.626353          4           11.250000          0.855676
                     VerizonMilena   1.285714  2.563480          7            3.000000          0.854493
not-logged-in-af6aa3cb16b28283913b -16.000000 22.627417          2           26.500000          0.853865
                      Mr_curious95   1.000000  5.756983          8            6.750000          0.852886
                       kupmcfarlan  -1.666667  5.590170          9            6.555556          0.852738
                           Ivy1985   6.500000  5.322906          4            6.250000          0.851665
                             Doogy  -5.750000  7.228416          4            8.500000          0.850402
not-logged-in-a258bc0d73ed9b31e10d  -4.166667  6.661456          9            7.833333          0.850399
                   alexisjjeffrey5  -2.276786  5.895807        112            6.937500          0.849846
                        Kgwilliams  -1.500000  6.363961          2            7.500000          0.848528
not-logged-in-79e3aeceb2efd049aadd   0.500000  2.121320          2            2.500000          0.848528
not-logged-in-d941253345cce484d491  -1.500000  2.121320          2            2.500000          0.848528
                          Eduarrr3  -2.500000  2.121320          2            2.500000          0.848528
                           Br000ck   0.500000  3.391165          6            4.000000          0.847791
not-logged-in-3825dad842ed4b08b524   0.000000  3.924283         11            4.636364          0.846414
                          KeniMiao  -9.666667  9.018500          3           10.666667          0.845484
                          tristanf  -4.168421  5.312876         95            6.284211          0.845433
not-logged-in-05e24e96e6fbc5a831a2  -0.375000  3.932239         36            4.652778          0.845138
                        Alaukikved   8.333333 10.115994          3           12.000000          0.842999
                        Thomaszhou   1.666667  1.966384          6            2.333333          0.842736
                angelmandujano1225   0.555556  3.745368          9            4.444444          0.842708
                 parmagnus_utep278  -2.000000  2.943920          4            3.500000          0.841120
                           modmyth   2.850000  4.830746         10            5.750000          0.840130
not-logged-in-d37d676c9e9526e3b1a9  -1.666667  2.516611          3            3.000000          0.838870
not-logged-in-b494e44e917636fffcfe  -0.333333  2.516611          3            3.000000          0.838870
not-logged-in-3c83325897186fb0265d   1.428571  2.992053          7            3.571429          0.837775
                       Username713  -1.958333  4.991115         24            5.958333          0.837670
                        GABRIEL777   1.153846  2.577019         13            3.076923          0.837531
                     Palaia2211829   3.333333  5.859465          3            7.000000          0.837066
                     thesugarpixie  -2.583333  6.207714         36            7.416667          0.836995
                       Snoopyhvsky  -0.400000  2.063284         15            2.466667          0.836467
                      LKSH2024Mira -16.000000 18.384776          2           22.000000          0.835672
not-logged-in-f41302976d22893733ea  -7.500000  9.192388          2           11.000000          0.835672
                           agreer1  -7.500000  9.192388          2           11.000000          0.835672
                          nagui059  -7.500000  9.192388          2           11.000000          0.835672
                  Adhiraj_Singh_2A  -5.000000  5.567764          3            6.666667          0.835165
                        Angelkleen  -2.416667  6.573442         24            7.875000          0.834723
                    Dcervantesmuro  -3.700000  8.090117          5            9.700000          0.834033
                      alex19782022  -2.766667  6.500309         30            7.800000          0.833373
                           Nathytz   3.500000  2.081666          4            2.500000          0.832666
not-logged-in-57aefbc0bf3549e1b0d4   2.333333  6.658328          3            8.000000          0.832291
                         B00.bruna   1.000000  7.071068          2            8.500000          0.831890
                          r.pelaez  -2.000000  2.828427          5            3.400000          0.831890
                           Fhartle  -7.000000  7.071068          2            8.500000          0.831890
                            edouce  -5.600000  9.813256          5           11.800000          0.831632
                              ConC   0.192308  4.733026         26            5.692308          0.831478
                         Ammar.V03  -1.235294  3.800155         17            4.588235          0.828239
                       Maggiegrogg  -3.000000  6.414270          8            7.750000          0.827648
                       sidrahjafri  -4.583333  7.378460          6            8.916667          0.827491
                         KittyHeil  -2.250000  6.255664         16            7.562500          0.827195
                           gbonenf  -6.000000  7.438638          4            9.000000          0.826515
not-logged-in-c020a0528a943d63f1d9  -2.500000  6.403124          4            7.750000          0.826210
                         Audreyyuh  -1.250000  2.340357         12            2.833333          0.826008
                          Decoys84  -3.285714  6.369571          7            7.714286          0.825685
                         ririverse   3.500000  4.949747          2            6.000000          0.824958
                       GoldenHades   3.500000  4.949747          2            6.000000          0.824958
                         kris.tosh   3.500000  4.949747          2            6.000000          0.824958
                       tannertnt84  -2.375000  3.502550          8            4.250000          0.824129
                           -m00ns-  -5.200000  7.726578          5            9.400000          0.821976
                    maddisonsadler  -0.200000  1.643168          5            2.000000          0.821584
                            FSL148   6.500000  7.720823         10            9.400000          0.821364
                         NightWalk   2.250000  2.872281          4            3.500000          0.820652
                        SoumyaSeal  -3.500000  6.350853          4            7.750000          0.819465
                          lorincze   1.800000  2.949576          5            3.600000          0.819327
not-logged-in-3e37fbc6da8fb1bae04b   2.833333  3.270622         12            4.000000          0.817656
                       PhilCollins   4.400000  4.005552         10            4.900000          0.817460
                            EHSZAC   7.000000  4.690416          4            5.750000          0.815724
                         marialiak   1.312500  5.042734         16            6.187500          0.814987
not-logged-in-ff07b84f4bab653f945b   2.000000  6.244998          3            7.666667          0.814565
                         jessaura3  -3.748201  7.535514        139            9.251799          0.814492
not-logged-in-d3afab7d606eda59c2e4  -5.666667  8.144528          3           10.000000          0.814453
                          iaulisio   2.200000  2.280351          5            2.800000          0.814411
                         Sanmon999  -2.800000  6.888914         15            8.466667          0.813651
not-logged-in-90ad763e1af2d939eb58  -1.875000  5.083236          8            6.250000          0.813318
                         Fletchome  -3.518519  7.345173         27            9.037037          0.812786
                           RyanB17   0.750000  3.453776          8            4.250000          0.812653
not-logged-in-bcc950ca9b3a3c21b583   0.888889  3.515837          9            4.333333          0.811347
                         shreya.04  -1.666667  3.785939          3            4.666667          0.811273
                          mweeks77  -2.666667  3.785939          3            4.666667          0.811273
                          Orion100   1.812500  2.786126         16            3.437500          0.810509
                         Shizukani   1.333333  3.511885          3            4.333333          0.810435
                           ssalaz8  -1.464286  7.371025         28            9.107143          0.809367
                     zarabartolone   3.346154  4.902519         52            6.057692          0.809305
                       Oc6463jjkjb  -1.250000  2.629956          4            3.250000          0.809217
                             Busee  -2.000000  2.828427          2            3.500000          0.808122
                     aliciad22pink  -1.000000  2.828427          2            3.500000          0.808122
                        ikimbrough   2.000000  2.828427          2            3.500000          0.808122
                            adylin  -2.000000  2.828427          2            3.500000          0.808122
                          Veevan10  -8.000000 11.313708          2           14.000000          0.808122
not-logged-in-8c692f7f1f62c2a7d149 -10.000000 11.313708          2           14.000000          0.808122
                          EmmaMikk   1.000000  2.828427          8            3.500000          0.808122
not-logged-in-62285406a6e51dd70ff2  -6.000000  8.485281          2           10.500000          0.808122
not-logged-in-18b30d1719fd00cc2ad2  -5.000000  8.485281          2           10.500000          0.808122
                           jclark5 -10.666667 10.503968          3           13.000000          0.807998
                             bnLei  -0.333333  2.422120          6            3.000000          0.807373
not-logged-in-af4235ee6cafda3c2dfc   1.562500  3.178471          8            3.937500          0.807231
                       SpaceFan777  -3.250000  5.852350          4            7.250000          0.807221
                           cc10933  -2.000000  6.683313          7            8.285714          0.806607
                         swang1708  -4.352941  5.171329         17            6.411765          0.806538
                           Bartens   5.000000  6.347103          8            7.875000          0.805981
                   GurleenKaur0212  -5.400000  7.402702          5            9.200000          0.804642
not-logged-in-8a6ee66e91b7fc2d3e7e  -2.000000  5.859465          7            7.285714          0.804240
not-logged-in-b2c6966f28815555c69a   0.000000  3.214550          7            4.000000          0.803638
                           georgej   4.285714  4.820591          7            6.000000          0.803432
                     annetteweston  -4.224138  6.792309         29            8.465517          0.802350
                     theimproviser   0.571429  3.552330          7            4.428571          0.802139
                         ifierro71   4.571429  3.779645          7            4.714286          0.801743
not-logged-in-6161fd1f252390a28b5f   0.800000  1.923538          5            2.400000          0.801474
not-logged-in-497698b927535078da5a  -8.500000 12.020815          2           15.000000          0.801388
                         Tanya2024  -1.160000  4.775633         25            5.960000          0.801281
                       lseagle3602  -0.796358  3.066660        302            3.829470          0.800805
not-logged-in-21d3f00a550fea738154  -0.902778  4.525830         36            5.652778          0.800638
                      Cscarborough  -2.500000  5.000000          4            6.250000          0.800000
                            masahi   0.500000  1.000000          4            1.250000          0.800000
                   izzylovesplants  -3.500000  7.000000          4            8.750000          0.800000
not-logged-in-40570c2ea594c3e7576a  -1.000000  5.597619          4            7.000000          0.799660
not-logged-in-6a96c2cfc69ea8b239e4   0.837838  3.086831         37            3.864865          0.798691
                             nataz   0.222222  3.993050          9            5.000000          0.798610
                         tonylacey   1.000000  2.236068          5            2.800000          0.798596
                   beccascheiderer   2.600000  7.503333          5            9.400000          0.798227
not-logged-in-3afca65ed25e110733ac  -0.113208  3.533686         53            4.433962          0.796959
                        scoberting   2.818182  4.331701         11            5.454545          0.794145
                         rowantd27  -2.250000  6.551081          4            8.250000          0.794070
                          aes21992  -1.500000  2.878492          8            3.625000          0.794067
not-logged-in-3c75df6b3e4b8f9fdf97  -2.375000  7.836499          8            9.875000          0.793570
not-logged-in-cc6ef6971f69eb689564   2.600000  2.458545         10            3.100000          0.793079
                        KatherineR  -0.800000  3.962323          5            5.000000          0.792465
                         penguiniz  -2.000000  4.590363         29            5.793103          0.792384
                              aseo  -2.500000  3.563706          6            4.500000          0.791935
                   galactic_kitten   2.789474  3.083630         19            3.894737          0.791743
                        Sunbro2009  -1.818182  5.600325         11            7.090909          0.789789
                           cpenny8   0.857143  3.716117          7            4.714286          0.788267
                           kaivals  -2.500000  4.593474          6            5.833333          0.787453
                         Swoop_Bat   0.102459  6.102411        122            7.766393          0.785746
                          Maincoon  -0.500000  3.535534          2            4.500000          0.785674
not-logged-in-d61d05318ff8d119ef45   1.750000  1.767767          2            2.250000          0.785674
                    Anikaagarwal17  -2.500000  3.535534          2            4.500000          0.785674
                       jspence0042  -1.000000  2.828427          5            3.600000          0.785674
not-logged-in-bcc3295f6eed660aee5c  -3.500000  3.535534          2            4.500000          0.785674
                            BjuneJ  -2.500000  3.535534          2            4.500000          0.785674
not-logged-in-41ea0c004158c96ad14d  -1.333333  5.499311         12            7.000000          0.785616
                  Mariia_Volianska   2.000000  3.366502          7            4.285714          0.785517
                       rojasnat001  -1.812500  7.210793          8            9.187500          0.784848
not-logged-in-221bf28af73a0beeaf9e   0.888889  7.061240          9            9.000000          0.784582
                            Chanow   1.800000  6.033241         10            7.700000          0.783538
                          salffner  -1.346154  5.540703         39            7.089744          0.781510
                  Caroline_Bavaro3  -1.666667  6.250333          6            8.000000          0.781292
                         JimmyJF13  -1.973214  4.636731        112            5.937500          0.780923
                         BiancaM97  -1.666667  2.081666          3            2.666667          0.780625
not-logged-in-e868c53898cd0d926482   3.333333  4.932883          3            6.333333          0.778876
                     Reagan.Gulley  -1.125000  5.451300         16            7.000000          0.778757
not-logged-in-67db23269558f3a0d9cb  -3.000000  7.314369          5            9.400000          0.778124
                            at22bb  -3.250000  4.272002          4            5.500000          0.776728
                     HarrisKeillar  -0.714286  5.879747          7            7.571429          0.776570
not-logged-in-74c40561562b7bde6441  -6.333333  7.505553          3            9.666667          0.776437
not-logged-in-86f5a95557ecc323b0be   0.000000  6.819091          5            8.800000          0.774897
                          toriaa18  -4.600000  8.820431          5           11.400000          0.773722
                        Daniela001  -0.625000  3.961872          8            5.125000          0.773048
                        FMEmralino   1.411765  3.001225         17            3.882353          0.773043
                             bl23i  -0.222222  4.893306          9            6.333333          0.772627
                     GarrettCShort  -4.214286  9.039899         14           11.714286          0.771699
                    Webster2147789  -6.000000  8.485281          2           11.000000          0.771389
                           Nader44  -1.000000  4.242641          2            5.500000          0.771389
not-logged-in-dc8f1ddf731d0caaca16  -2.000000  4.242641          2            5.500000          0.771389
                   tdannercasasola   0.000000  4.242641          2            5.500000          0.771389
not-logged-in-95a180989cd435ed4aab   1.000000  4.242641          2            5.500000          0.771389
                           ebisbee  -3.000000  4.242641          2            5.500000          0.771389
                         yujitakai  -1.600000  5.551607         60            7.200000          0.771057
                          Venus111  -1.333333  2.309401          3            3.000000          0.769800
                           jlubow5   0.500000  1.732051          4            2.250000          0.769800
not-logged-in-41796cff1da027013ee2  -2.142857  4.947342          7            6.428571          0.769586
         Rakshith_Kaniyar_Ramgopal  -2.833333  4.996666          6            6.500000          0.768718
                          DavidAlv  -3.800000 11.519549          5           15.000000          0.767970
                       evabagnall1   4.500000  5.823151         12            7.583333          0.767888
                       Whyyyyyyyyy  -0.857143  2.193063          7            2.857143          0.767572
                          asbaldov  -1.502874  7.311899        174            9.537356          0.766659
                          jimc5240   0.000000  2.203893          8            2.875000          0.766571
                         reghan.s.   3.666667  7.788881          6           10.166667          0.766119
not-logged-in-a993d555e107f461f440  -6.500000  9.192388          2           12.000000          0.766032
not-logged-in-f84ae62c8837eefb9b28  -8.500000  9.192388          2           12.000000          0.766032
                        hramirez22  -0.833333  3.060501          6            4.000000          0.765125
                         Klystrode  -3.000000  5.049752          5            6.600000          0.765114
not-logged-in-e346144bed8278256a8d   2.666667  1.527525          3            2.000000          0.763763
                             Mufti   1.666667  3.055050          3            4.000000          0.763763
                      Chiyo_Sakoda   2.333333  1.527525          3            2.000000          0.763763
not-logged-in-4f9378fa229b17030ce9  -2.500000  4.428443         10            5.800000          0.763525
                      ioannis.chou  -2.227273  4.882430         99            6.398990          0.763000
not-logged-in-d5dce2e045f49f8e60b7  -0.333333  9.395034          6           12.333333          0.761760
not-logged-in-a6b1802f9b57f6b19fb8  -0.555556  5.077182          9            6.666667          0.761577
                       TejadaDavis  -3.500000  4.949747          2            6.500000          0.761500
                        bellabuark  -3.500000  4.949747          2            6.500000          0.761500
not-logged-in-9ecd5a884b39f69508c8   0.600000  1.673320          5            2.200000          0.760600
                            lgregg   1.600000  1.516575          5            2.000000          0.758288
                              Sbin   0.600000  1.516575          5            2.000000          0.758288
not-logged-in-e5069ecd3c36659a455f  -1.333333  4.041452          3            5.333333          0.757772
                           dipk123  -2.666667  3.785939          3            5.000000          0.757188
                          beckermz  -3.250000  8.139410          4           10.750000          0.757154
                        Gracehenry  -5.160000  5.007586         50            6.620000          0.756433
                              zxro  -1.469136  3.949957         81            5.222222          0.756375
                   mariahgmadrigal  -1.750000  4.057914         16            5.375000          0.754961
                              n237   2.000000  5.656854          2            7.500000          0.754247
                   ava.alexander15   3.000000  6.480741          5            8.600000          0.753574
                     FloorGoossens  -0.200000  2.863564          5            3.800000          0.753570
                 myfamilymylife654   2.090909  5.308655         22            7.045455          0.753487
not-logged-in-0c2464b1bf49e7ba8982  -0.250000  3.201562          4            4.250000          0.753309
                       Duangruetai  -0.038462  5.198811        104            6.903846          0.753031
                    Subhangi_Maity   1.333333 10.785793          3           14.333333          0.752497
not-logged-in-517504b01f6dde12f414  -0.666667  2.832488         30            3.766667          0.751988
                        markbasham  -1.272727  4.713617         11            6.272727          0.751446
                         merp12345   1.120000  5.710517         25            7.600000          0.751384
not-logged-in-ad243297af7c18166d7e   1.750000  1.500000          4            2.000000          0.750000
                      Shehab_Khidr  -3.000000  3.000000          3            4.000000          0.750000
not-logged-in-1a6323b8f1a76324e142  -3.000000  6.244998          3            8.333333          0.749400
                        rubyaddink  -1.352941  2.644361         17            3.529412          0.749236
                         Queensdig -14.500000 19.091883          2           25.500000          0.748701
not-logged-in-f9c00a56e46b5634ce13  -2.000000  3.366502          4            4.500000          0.748111
                         King_Khan  -2.785714  4.593952         14            6.142857          0.747853
                         kymoul211   0.593750  2.916726         16            3.906250          0.746682
                 FourMileCreek2221   1.166667  2.857738          6            3.833333          0.745497
                    lowensdestin83   0.500000  8.468429          8           11.375000          0.744477
not-logged-in-57f689a333428c9ac6dc   0.500000  3.625308          8            4.875000          0.743653
                   hummingbird2556   0.818182  3.580853         22            4.818182          0.743196
                           cbmoore   2.500000  6.812037         27            9.166667          0.743131
not-logged-in-8ffc97cca6eb9200cf68  -1.000000  1.732051          3            2.333333          0.742307
                            206626   1.000000  1.732051          3            2.333333          0.742307
                     GreekHunter49   0.651786  5.082579        112            6.848214          0.742176
                          vfierro7  -1.333333  4.123106          9            5.555556          0.742159
                          MNMetman  -2.333333  3.214550          3            4.333333          0.741819
                        Naini01113  -2.962963  5.734387         27            7.740741          0.740806
                         katybug06  -4.500000  7.778175          2           10.500000          0.740779
not-logged-in-ca38fd05464c3815aa65  -0.702899  3.290270         69            4.442029          0.740713
not-logged-in-9e264874eb71286cf779   0.682692  2.612243         52            3.528846          0.740254
not-logged-in-14e8425aaf3f2d91d783   2.200000  1.923538          5            2.600000          0.739822
                        rlawjddnsa   0.047297  4.141770        370            5.601351          0.739423
                             OSU25  -0.583333  4.055486         12            5.500000          0.737361
                     abdulraheem68  -2.538462  3.907586         13            5.307692          0.736212
not-logged-in-ab54783d5002e0651b39   0.000000  2.943920          4            4.000000          0.735980
                          ajay5224  -2.250000  5.970164          8            8.125000          0.734789
not-logged-in-4dc24db85c34438b6598  -4.428571  5.968170          7            8.142857          0.732933
                    alstrickland09   1.500000  3.218868         37            4.391892          0.732911
                            Zeia07  -3.666667  6.350853          3            8.666667          0.732791
not-logged-in-e0b22b46ff3d37851412  -1.500000  2.380476          4            3.250000          0.732454
                           Veemeli   4.000000  7.810250          3           10.666667          0.732211
                 star-lightcox.net  -0.276000  3.193842        250            4.364000          0.731861
                            wowzer   3.250000  4.573474          4            6.250000          0.731756
                         Keshka002  -4.250000  4.573474          4            6.250000          0.731756
                           ZuriDas  -1.333333  2.804758          6            3.833333          0.731676
                       JaxsonDavis   1.400000  5.412947          5            7.400000          0.731479
                         mattb2005  -4.000000  5.700877          5            7.800000          0.730882
not-logged-in-6c82bd0c03e7292e889c -12.285714 11.785786          7           16.142857          0.730093
                      littlenub007   2.850000  8.749586         20           12.000000          0.729132
                          ipizarro  -2.000000  2.915476          5            4.000000          0.728869
                      B3l0v3d04GOD   3.227273  5.134996         11            7.045455          0.728838
                  alekquakerschool  -2.580000  4.212284         25            5.780000          0.728769
                         ellismith  -5.500000  5.760366         12            7.916667          0.727625
                            JJL656  -1.663399  4.431804        153            6.101307          0.726370
                          Kexinguo  -4.642857  6.990181         14            9.642857          0.724908
                          WRSunset  -2.709546  4.943616       1959            6.820827          0.724783
                         gyfkudtft  -3.166667  7.833688          6           10.833333          0.723110
not-logged-in-e1eadce497e1197d6a88  -1.000000  3.186510         27            4.407407          0.722990
                      gracie.embry  -2.833333  5.571037        129            7.709302          0.722638
not-logged-in-5da179b0fd589ecae62c  -1.666667  2.886751          3            4.000000          0.721688
not-logged-in-6bd532d9945f627b0533  -1.000000  2.645751          3            3.666667          0.721569
not-logged-in-b3ee2e62b8c829683ed6   2.000000  2.645751          3            3.666667          0.721569
                         ichagolla   3.500000  3.422614          8            4.750000          0.720550
                    diegodelagarde  -0.400000  6.913754          5            9.600000          0.720183
not-logged-in-a47472f3d1fe153fdba5  -1.625000  5.040904          8            7.000000          0.720129
                           Davidw1  -2.032787  4.816524         61            6.688525          0.720118
                        jmcouvreur   0.142857  7.197883          7           10.000000          0.719788
not-logged-in-1191d9a4884135ffc7b7  -2.714286  3.903600          7            5.428571          0.719084
not-logged-in-49f4cdb96307f0910d67   2.000000  4.873397          9            6.777778          0.719026
                          AlexHoff  -0.333333  2.875181          6            4.000000          0.718795
                    celestynpawlak  -0.500000  4.123106          4            5.750000          0.717062
                           tgibeau   2.222222  3.419714          9            4.777778          0.715754
                          dkhatri9   0.250000  5.188127          4            7.250000          0.715604
                           Pam2pam   0.600000  3.286335          5            4.600000          0.714421
                       Anniebugz98  -1.400000  3.714835          5            5.200000          0.714391
                           Aetos11  -2.166667  6.047038          6            8.500000          0.711416
not-logged-in-35412ccf2855c0f2c504  -0.377049  2.845546         61            4.000000          0.711386
                      sunwatcher11  -3.800000  4.972746         40            7.000000          0.710392
                           Calie25   4.500000  4.434712          4            6.250000          0.709554
not-logged-in-6ed9e54106f4fedb8cb9  -0.232558  3.233656         43            4.558140          0.709425
                         nkruger50  -2.800000  6.379655          5            9.000000          0.708851
                          ThomasWu  -9.666667  8.504901          3           12.000000          0.708742
not-logged-in-9f28aa785fd34138598a  -2.428571  6.579188          7            9.285714          0.708528
                           harvadi  -1.333333  2.634611         18            3.722222          0.707806
                        Livster101  -2.336364  5.100885         55            7.209091          0.707563
                             Jerna  -1.877049  3.856440         61            5.450820          0.707497
                          rjzuniga   0.000000  1.414214          2            2.000000          0.707107
not-logged-in-d29d152be34a5c2b9b10   4.000000  2.828427          2            4.000000          0.707107
                        dseymourjr   1.000000  1.414214          2            2.000000          0.707107
not-logged-in-710b5ec21adc2a97290d  -2.000000  2.828427          2            4.000000          0.707107
not-logged-in-a373faf998d718a51fe2   1.000000  1.414214          2            2.000000          0.707107
                         Soltere11   0.500000  0.707107          2            1.000000          0.707107
                       900400scvcs   1.000000  2.828427          2            4.000000          0.707107
not-logged-in-98ccc537b54911e578aa   0.500000  0.707107          2            1.000000          0.707107
                           ortegaj   1.000000  1.414214          2            2.000000          0.707107
                       MichelleAca   1.500000  3.535534          2            5.000000          0.707107
                       tinawarrick  -1.000000  1.414214          2            2.000000          0.707107
                      jelly_yuna03   4.000000  1.414214          2            2.000000          0.707107
                    sammie.lumpkin   3.500000  0.707107          2            1.000000          0.707107
                    SpaceMonkey151   0.500000  0.707107          2            1.000000          0.707107
                             matia   7.000000  1.414214          2            2.000000          0.707107
                       AndreTJesus   3.000000  2.828427          2            4.000000          0.707107
not-logged-in-dde36eac78bd64e95728  -3.500000  3.535534          2            5.000000          0.707107
not-logged-in-9aa6472606bb8f6c2387   0.000000  1.414214          7            2.000000          0.707107
                           Ruthliu   1.000000  1.414214          2            2.000000          0.707107
                    elSimplezWatch   0.500000  0.707107          2            1.000000          0.707107
not-logged-in-a4f677ccc609cb67b1c3  -0.500000  3.535534          2            5.000000          0.707107
not-logged-in-3ac8396c45ac80576b7a  -1.000000  1.414214          2            2.000000          0.707107
not-logged-in-a8ca45973c4e8943d0cd   1.000000  1.414214          2            2.000000          0.707107
not-logged-in-78f4d8e0ce8ec7bfe0a3   3.000000  1.414214          2            2.000000          0.707107
not-logged-in-7d2aeae75d79afbc6eb1   0.500000  0.707107          2            1.000000          0.707107
not-logged-in-0fa9097cce25faae6001   1.000000  1.414214          2            2.000000          0.707107
                         dangove99   0.500000  0.707107          2            1.000000          0.707107
                          TrackerT  -4.000000  5.656854          2            8.000000          0.707107
                               ood  -0.500000  0.707107          2            1.000000          0.707107
                         Sara4cats   3.000000  2.828427          2            4.000000          0.707107
                        HaonanLu77   1.000000  1.414214          2            2.000000          0.707107
                         Jthaworth   0.500000  0.707107          2            1.000000          0.707107
not-logged-in-8e6a0f0a575aa2f2657f  -2.500000  3.535534          2            5.000000          0.707107
not-logged-in-3f190f9d694d9300ddae  -7.000000  8.485281          2           12.000000          0.707107
not-logged-in-a9f1861f99877b0c57a4  -4.500000  6.363961          2            9.000000          0.707107
not-logged-in-bc1a17d7590a3bdb94d4   2.500000  2.121320          2            3.000000          0.707107
                    sophiakavensky  -3.500000  7.778175          2           11.000000          0.707107
not-logged-in-857fca94900ac544313d  -4.166667  5.890413         12            8.333333          0.706850
                           edick22  -2.133333  5.462426         15            7.733333          0.706348
                           vega_84  -3.833333  4.708149          6            6.666667          0.706222
                          Youssefh  -4.705882  4.984535         17            7.058824          0.706142
                            Saif22  -4.725000  6.584421         20            9.325000          0.706104
                      BellaStanton   1.600000  5.261722         15            7.466667          0.704695
                           diajs07   4.600000  4.929503          5            7.000000          0.704215
                         PARIT0808  -4.703704  5.770047         27            8.222222          0.701763
not-logged-in-09c862f6aea426f6c60a   0.000000  6.595453          5            9.400000          0.701644
not-logged-in-a45a6ab61189916ebfbe   0.400000  3.507136          5            5.000000          0.701427
                         philman33  -3.066667  4.905779         15            7.000000          0.700826
not-logged-in-47711246fb9111496e3c  -0.159574  2.840136         47            4.053191          0.700716
                            eeboaz   3.666667  3.386247          6            4.833333          0.700603
                             L1D79  -2.312500  3.807339         16            5.437500          0.700200
                         Yaxuan735   4.333333  5.131601          3            7.333333          0.699764
                   ColetteHeuscher   3.250000  4.716991          4            6.750000          0.698813
                         cadecowan  -9.800000  8.105554          5           11.600000          0.698755
not-logged-in-9fe96e0604cde61933c4  -0.867347  3.186520         49            4.561224          0.698611
                             _nmd_  -2.166667  5.936533         12            8.500000          0.698416
                           Ryanm33  -2.600000  3.209361          5            4.600000          0.697687
not-logged-in-df0b17f4e75d918fb11f  -1.000000  2.730301         12            3.916667          0.697098
                      ashleynguyen  -2.277778  3.907844         18            5.611111          0.696447
not-logged-in-07d7b674449e1b68a909  -1.965517  4.103420         29            5.896552          0.695902
                  Skyler.Young0130  -1.567568  5.537744         74            7.959459          0.695744
                         NGUYEMJ22  -2.274648  3.944063         71            5.669014          0.695723
                       noahgrayroy   1.666667  2.081666          3            3.000000          0.693889
                          Kimyriel   0.666667  2.081666          3            3.000000          0.693889
                            kanthv   6.200000  6.379655          5            9.200000          0.693441
              Frederick_Zhang_ENTS   1.666667  1.154701          3            1.666667          0.692820
not-logged-in-f5fa42e7bbf320c90051   0.666667  1.154701          3            1.666667          0.692820
                           mianye8   0.666667  1.154701          3            1.666667          0.692820
not-logged-in-d53bc0830c7b7b76a00e   2.857143  2.968084          7            4.285714          0.692553
                        Gurlhellur   0.625000  3.113909          8            4.500000          0.691980
                             Tigen  -3.000000  4.582576         11            6.636364          0.690525
                         alokgupta   0.000000  2.345208          5            3.400000          0.689767
                         21reillyf  -3.520000  5.738176         25            8.320000          0.689685
                            Hiba.P  -0.347826  3.625775         23            5.260870          0.689197
not-logged-in-ce885c684e41dd9a4469  -3.800000  6.613118         10            9.600000          0.688866
                      SonyaPreduta   5.500000  5.507571          4            8.000000          0.688446
not-logged-in-113ad3dee206ee563faf  -2.500000  3.785939          4            5.500000          0.688353
                        biencafung  -7.500000 12.020815          2           17.500000          0.686904
                           Rickw27  -3.666667 10.263203          3           15.000000          0.684214
not-logged-in-249d4edebc91faa87f4a  -0.375000  4.103570          8            6.000000          0.683928
                      VicHurtado25  -2.692308  3.838068         13            5.615385          0.683492
not-logged-in-16dfd1ea34915633ffee  -0.571429  2.439750          7            3.571429          0.683130
                           Bob2024  -1.750000  4.097037          8            6.000000          0.682840
not-logged-in-2e7e83652dae0b38bcfb   1.375000  1.108678          4            1.625000          0.682263
                        alanti1966  -1.531250  5.630655         96            8.260417          0.681643
not-logged-in-ba8be729e33d3f392f63  -0.770833  2.881648         24            4.229167          0.681375
                      AngelAndrade   0.909091  1.300350         11            1.909091          0.681136
                       Tex_TheWolf  -6.500000  9.192388          2           13.500000          0.680918
                      amelieosment  -6.500000  9.192388          2           13.500000          0.680918
not-logged-in-8f10301cb73251535944  -5.500000  9.192388          2           13.500000          0.680918
not-logged-in-9b2b9331fb951c30ffde  -6.000000  6.557439          3            9.666667          0.678356
                          mholme83  -1.590909  5.206764         22            7.681818          0.677804
                           qbick27  -2.400000  2.302173          5            3.400000          0.677110
                          cody0109  -5.250000  7.088723          4           10.500000          0.675117
                            ocraig   2.250000  7.932003          4           11.750000          0.675064
                      iamshadman28  -3.500000  3.568020         14            5.285714          0.675031
                        abhadouria   1.285714  4.820591          7            7.142857          0.674883
                             ef215   2.666667  4.718757          6            7.000000          0.674108
                  KristynaDvouleta  -1.250000  3.201562          4            4.750000          0.674013
                       LivinDaSh09  -8.666667 10.969655          3           16.333333          0.671612
                           rezanoc  -3.500000  4.696334         10            7.000000          0.670905
                             gadch  -2.466667  3.622680         15            5.400000          0.670867
                          JPL00123  -0.258065  3.245178         31            4.838710          0.670670
                        lyoung4488   2.250000  3.181981          2            4.750000          0.669891
               JessieYang133944207  -4.500000  6.363961          2            9.500000          0.669891
                          malfatih   1.111111  2.976762          9            4.444444          0.669771
                     uthayasoorih1  -2.363636  4.319091         11            6.454545          0.669155
                  jagadishmogaraju  -3.333333  6.242571         12            9.333333          0.668847
not-logged-in-dbc52920f80b3edaba31   1.400000  5.079370          5            7.600000          0.668338
                  rachelturner1990  -2.666667  3.785939          3            5.666667          0.668107
                             BrinC  -1.528846  3.859561         52            5.778846          0.667877
not-logged-in-aa0d3fed219e7af90ac7  -2.750000  6.923046          8           10.375000          0.667282
not-logged-in-fed5abfb811dd80ed4ae   2.000000  2.000000          3            3.000000          0.666667
                          sparrow2   2.000000  2.000000          3            3.000000          0.666667
not-logged-in-e683708922b68149260c  -1.527778  4.425485         36            6.638889          0.666600
not-logged-in-9bf7a2036b6ca44fcfa6  -2.800000  4.266146          5            6.400000          0.666585
                 sayantanghosh2024  -4.333333  5.773503          3            8.666667          0.666173
not-logged-in-181387fe88de17e61b11  -1.666667  2.886751          3            4.333333          0.666173
not-logged-in-48e93a60b6bfa972e6d3   0.833333  1.443376          3            2.166667          0.666173
not-logged-in-62de43f19be76a45c3b4  -0.241379  3.054916         29            4.586207          0.666110
not-logged-in-de62675716b29d6de955  -4.000000  5.656854          2            8.500000          0.665512
                     chachacharlie   1.000000  5.656854          2            8.500000          0.665512
                         vanrenter   2.000000  2.160247          4            3.250000          0.664691
                        kondas4514  -2.000000  5.759902         18            8.666667          0.664604
                           elphil1  -0.555556  3.320810          9            5.000000          0.664162
not-logged-in-2ad0758537cb01e0c2a8  -1.600000  7.700649          5           11.600000          0.663849
not-logged-in-e288a687a1d7db99021b  -2.642857  6.018820          7            9.071429          0.663492
not-logged-in-f4d09cbca654c2f545c2   2.500000 10.606602          2           16.000000          0.662913
                            swizez  -0.571429  3.408672          7            5.142857          0.662797
not-logged-in-16b720c26210b3244006  -1.000000  5.291503          3            8.000000          0.661438
                         emmyhuang  -2.200000  3.834058          5            5.800000          0.661044
not-logged-in-0637d76882f840b97048  -2.666667  5.507571          3            8.333333          0.660908
                      Vyomsinh0204  -2.948718  4.285525         39            6.487179          0.660614
not-logged-in-daf769713d02f6b57ff7  -4.428571  6.133437          7            9.285714          0.660524
not-logged-in-b87a5443a83a5edfa10e  -4.500000  4.949747          2            7.500000          0.659966
                     arichards0070  -2.333333  6.224950          9            9.444444          0.659112
                       amerida1964  -2.860377  6.383523        265            9.690566          0.658736
                           Prashid   0.906250  2.160636         32            3.281250          0.658479
not-logged-in-86cfde2161ccb000f10f  -1.333333  3.511885          3            5.333333          0.658478
not-logged-in-2bc42a4bcc1b4823d4f6  -0.750000  2.629956          4            4.000000          0.657489
not-logged-in-8dd1b5674ca8789e5187   3.333333  4.163332          3            6.333333          0.657368
not-logged-in-ca9e26fca3fb731f64df  -3.750000  6.238322          4            9.500000          0.656666
                       anna.d.gonz   1.500000  1.900292         10            2.900000          0.655273
not-logged-in-5892b4534aed925d3b56  -3.250000  6.551081          4           10.000000          0.655108
                             Delva   2.197531  5.684782         81            8.679012          0.655003
not-logged-in-4cb323e79854bd9faf39  -0.666667  1.527525          3            2.333333          0.654654
                           bhuchar   0.333333  1.527525          3            2.333333          0.654654
                            Lwoiak  -1.666667  3.055050          3            4.666667          0.654654
                      emilylegault   2.888889  3.855011          9            5.888889          0.654625
                  Mackenzieacevedo  -3.000000  3.366502          7            5.142857          0.654598
not-logged-in-4a2139c5ddd7cb44c66f  -3.666667  6.218253          6            9.500000          0.654553
                       Spacecalico  -2.125000  3.681518          8            5.625000          0.654492
                           RoyceOh  -1.139344  3.059508        122            4.680328          0.653695
not-logged-in-56c3c48787b88af35150   0.000000  0.816497          4            1.250000          0.653197
                       Sophiam2015  -1.000000  4.242641          2            6.500000          0.652714
                          Shaneque  -1.000000  4.242641          2            6.500000          0.652714
                          Frankie2  -3.000000  4.242641          2            6.500000          0.652714
not-logged-in-ec62b8741da3498c813b  -2.000000  4.242641          2            6.500000          0.652714
                         Oscar1234  -2.000000  4.242641          2            6.500000          0.652714
                parmagnus_utep1124   1.125000  3.090885          8            4.750000          0.650713
                     BrookeBiris26  -1.250000  4.716991          4            7.250000          0.650619
not-logged-in-fe3cee6b534c38068404  -2.857143  1.951800          7            3.000000          0.650600
                          Tapwewin   0.812500  3.618817         16            5.562500          0.650574
                         Virat1234  -2.545455  3.724611         11            5.727273          0.650329
                         Martynaaa   0.625000  3.739270          8            5.750000          0.650308
                         AndreyCRB  -1.214286  4.779254         28            7.357143          0.649607
                      andyphan.nhs   2.000000  3.464102          3            5.333333          0.649519
not-logged-in-894d42309bb7ee858d6f  -2.972222  5.320527         18            8.194444          0.649285
                        bgardner52   0.281250  4.524017         32            6.968750          0.649186
                    laurenlombardy  -0.105263  1.911798         19            2.947368          0.648646
                 Carlitosarriaga24  -0.916667  3.449857         12            5.333333          0.646848
                Ninacouldbelizards   0.444444  3.806203         27            5.888889          0.646336
                             Bc813  -2.611111  3.912858         18            6.055556          0.646160
                          holla271   3.850000  4.068816         20            6.300000          0.645844
not-logged-in-294dea6c7693651f6589   1.750000  4.193249          4            6.500000          0.645115
                          Maeshowe   6.750000  8.539126          4           13.250000          0.644462
                         Deejay567   0.358974  3.304600         39            5.128205          0.644397
                          RakeshGD  -3.000000  5.899152          6            9.166667          0.643544
                            sdinh6  -0.642857  2.619664         14            4.071429          0.643426
                        kujurbimal  -1.947368  4.061659         19            6.315789          0.643096
                    lyriccatherine  -0.333333  3.214550          3            5.000000          0.642910
not-logged-in-cfe1adf9d246edb1c9e2   9.500000  3.535534          2            5.500000          0.642824
not-logged-in-e5635735485a97575ce1   6.500000  3.535534          2            5.500000          0.642824
                   FlyingSilver529   1.000000  1.414214          5            2.200000          0.642824
                        planetari7   0.263889  3.615848        504            5.625000          0.642817
                        Mattgooden  -1.681818  5.168524         11            8.045455          0.642415
not-logged-in-de89be51b303481a6cf6  -2.923077  3.751923         13            5.846154          0.641776
                           Yogosun  -2.750000  3.770184          8            5.875000          0.641733
                     Shirley294903  -1.166667  6.306082          6            9.833333          0.641296
                     UserUninvited  -1.823529  3.504199         17            5.470588          0.640553
                     ssheppard0015  -0.800000  1.788854          5            2.800000          0.638877
                          ochidera   0.625000  3.113909          8            4.875000          0.638751
not-logged-in-a68899edcb8d0e8c968c  -6.000000  9.899495          2           15.500000          0.638677
                         Sanvi2015  -3.533333  4.596065         15            7.200000          0.638342
                           yedrick   1.800000  4.711688          5            7.400000          0.636715
                           Ferret3   2.285714  3.607532         21            5.666667          0.636623
not-logged-in-b35b2f66a8664b30d1c3  -6.666667  7.637626          3           12.000000          0.636469
not-logged-in-9f8be7bbec5e9bde9b55  -5.500000  6.363961          2           10.000000          0.636396
not-logged-in-36b50f6cf5c2e06a3419   0.000000  3.286335          6            5.166667          0.636065
                  brookewisniewski  -4.666667  5.507571          3            8.666667          0.635489
                          kgoldtho  -1.550000  4.795557         20            7.550000          0.635173
                           Chalaka  -1.833333  5.076088          6            8.000000          0.634511
                           camjo8i   1.900000  2.726414         10            4.300000          0.634050
                            Aknopf   1.333333  3.240370          9            5.111111          0.633986
not-logged-in-75e82476aa1ae59442f5  -1.833333  6.337718          6           10.000000          0.633772
not-logged-in-6a432d69d6fd46515f48   2.500000  4.434712          4            7.000000          0.633530
                         CharMarch  -1.458333  4.196635         12            6.625000          0.633454
not-logged-in-ec3bcf67dc0aa05c6b90  -4.181818  7.600239         11           12.000000          0.633353
                          mikelins  -3.090909  5.804387         11            9.181818          0.632161
not-logged-in-f5e31c414645aafb1ac3   0.600000  3.286335          5            5.200000          0.631988
                            Lats99   0.071429  3.474396         14            5.500000          0.631708
not-logged-in-4b676b5e041315714f6a  -4.000000  4.000000          3            6.333333          0.631579
not-logged-in-5242a3ca4bfc5d03fb59  -4.600000  8.080842          5           12.800000          0.631316
not-logged-in-e1c4972c97cfee6a9395   0.666667  3.785939          3            6.000000          0.630990
not-logged-in-214031b0520104fcca86 -10.333333  8.621678          3           13.666667          0.630854
                            egm016   1.333333  2.732520          6            4.333333          0.630582
not-logged-in-e6cd79b23a43c8418924  -0.500000  4.566962          8            7.250000          0.629926
                   Holajter2189488  -4.666667  9.865766          3           15.666667          0.629730
                         midikitty  -1.816327  4.451935         49            7.081633          0.628659
                          AarnaSri  -2.250000  2.986079          4            4.750000          0.628648
                         Paulina81  -0.263158  4.664787         19            7.421053          0.628588
                            rydug3   0.000000  5.656854          2            9.000000          0.628539
not-logged-in-96497fed85f9912b710c  -4.000000  5.656854          2            9.000000          0.628539
not-logged-in-c20f4bf35a10a086d7ac  -4.000000  5.656854          2            9.000000          0.628539
not-logged-in-4f436c27eff50bfe8b6b   4.000000  2.828427          2            4.500000          0.628539
                              nev.  -1.000000  2.828427          2            4.500000          0.628539
not-logged-in-ce93deaf57d855c146a3  -2.000000  2.828427          2            4.500000          0.628539
                          jangyo12   2.000000  2.828427          2            4.500000          0.628539
                    Wiley_Petersen  -1.062500  3.256175          8            5.187500          0.627696
not-logged-in-980ac6d174837f27b1eb   0.444444  1.810463          9            2.888889          0.626699
                         Robinharg  -2.818182  4.214693         11            6.727273          0.626508
                    jessica.erdman  -0.028090  4.232155         89            6.758427          0.626204
                        kthomas228   2.000000  2.607681          6            4.166667          0.625843
                          dantezoo  -1.592593  3.562623        108            5.694444          0.625631
                             Annus  -1.000000  4.377975         13            7.000000          0.625425
                       ayaanshrana  -2.454545  6.137811         11            9.818182          0.625147
                              Avs_  -1.533333  4.207820         30            6.733333          0.624924
                          shocko61   0.142857  2.393600         77            3.831169          0.624770
                           4101964  -2.350000  3.590497         10            5.750000          0.624434
                             JRVis  -3.714286  5.618846          7            9.000000          0.624316
                       RayneMabrey  -3.333333  6.658328          3           10.666667          0.624218
                            Pigroo  -0.333333  1.802776          9            2.888889          0.624038
                      mir.baloch89  -0.767857  3.954243         56            6.339286          0.623768
                          Neo12345   1.500000  1.974842          6            3.166667          0.623634
                       bronjames99   1.800000  3.114482          5            5.000000          0.622896
                        porcena318  -0.636364  1.839913         22            2.954545          0.622740
not-logged-in-5fdcb1f3e1c9871e72ae  -9.500000  7.778175          2           12.500000          0.622254
                        Eedwards30  -1.500000  3.338092          8            5.375000          0.621040
                            gls013   5.750000  4.500000          4            7.250000          0.620690
                      eileenmqsong  -4.500000  4.654747          4            7.500000          0.620633
                            J.D._M   1.600000  4.033196         10            6.500000          0.620492
                          Mkilduff   0.666667  3.204164          6            5.166667          0.620161
                             Reed5   1.000000  1.549193          6            2.500000          0.619677
                  rookieastronomer  -4.375000  6.501373          8           10.500000          0.619178
                        Benedictin  -2.500000  5.259911          4            8.500000          0.618813
                 parmagnus_utep846  -6.500000  4.949747          2            8.000000          0.618718
                       AnthonyC503   1.437500  3.653876         32            5.906250          0.618646
                  SirUrielPerpetua   3.750000  6.250714          8           10.125000          0.617354
not-logged-in-e701e7f952515ebf0acc  -0.500000  3.163741         55            5.136364          0.615950
                           Shaibal  -0.428571  3.690399          7            6.000000          0.615067
                 zooniverseFan1516  -1.000000  2.828427          5            4.600000          0.614875
                           LH_1010  -3.200000  3.563706          5            5.800000          0.614432
                            abaulk  -0.461538  3.071791         13            5.000000          0.614358
not-logged-in-6487d57286c6cde0b13b  -0.259259  2.627397         54            4.277778          0.614197
                          sesalway  -0.578704  3.147586        108            5.125000          0.614163
not-logged-in-2e21afd44d3abc39d778  -2.600000  5.272571          5            8.600000          0.613090
                            432234  -2.985714  3.683201         35            6.014286          0.612409
                             MMUSI  -1.000000  2.449490         12            4.000000          0.612372
                       Natalie9368   0.538462  2.849291         26            4.653846          0.612244
                       ceryssoutar  -3.400000  4.774935          5            7.800000          0.612171
                      Dhruvthakare  -3.900000  4.280446         10            7.000000          0.611492
                   gowri.venugopal  -1.113208  3.249383        106            5.320755          0.610700
                      LegendSkuppy  -1.863636  4.356733         66            7.136364          0.610498
                        mayamorris   0.592593  3.795334         27            6.222222          0.609964
                      Kolakuforiji  -0.200000  2.683282          5            4.400000          0.609837
                    ianmarshall452   0.259259  3.838996         27            6.296296          0.609723
                           jenny87  -1.000000  3.915780          7            6.428571          0.609121
not-logged-in-c3555790e5425f3f97e5  -0.500000  3.146427          6            5.166667          0.608986
                     Jmcallister57  -0.780488  3.006267         82            4.939024          0.608676
                          bkesm605   0.200000  1.095445          5            1.800000          0.608581
                       sammibaguio  -3.333333  8.381527          9           13.777778          0.608337
                         prachiben  -2.043478  5.156446         23            8.478261          0.608196
                         Anniebird  -3.625000  6.448514         16           10.625000          0.606919
                        Kathyluoli   0.791667  3.463840         24            5.708333          0.606804
                       Roshnisingh  -4.217391  4.220691         23            6.956522          0.606724
not-logged-in-f2e5da75e2aabeb538b2  -1.527027  3.303924         37            5.445946          0.606676
not-logged-in-c40946b357d641157953  -1.333333  4.041452          3            6.666667          0.606218
                         ZihanWang  -2.500000  2.121320          2            3.500000          0.606092
                           cselby5  -5.000000  4.242641          2            7.000000          0.606092
                       joannabeads   0.000000  4.242641          2            7.000000          0.606092
                        butterfly.   3.500000  2.121320          2            3.500000          0.606092
                            gac014   0.500000  2.121320          2            3.500000          0.606092
                      GrimmFortune   2.500000  2.121320          2            3.500000          0.606092
                               Jix  -0.500000  2.121320          2            3.500000          0.606092
not-logged-in-5ff9be5db6c21b1b0d5f  -1.500000  2.121320          2            3.500000          0.606092
not-logged-in-ccc51c709642bf5a01e5  -1.500000  2.121320          2            3.500000          0.606092
not-logged-in-cedba65ded5af9f69e4a   1.500000  2.121320          2            3.500000          0.606092
                      ludwig1of101   0.500000  2.121320          2            3.500000          0.606092
not-logged-in-b0e287853f4919e771dc   1.600000  1.816590          5            3.000000          0.605530
not-logged-in-7fbb2d67e4686ae498f8  -2.166667  5.845226          6            9.666667          0.604679
not-logged-in-b128a6989de9ed6654e6  -1.000000  6.244998          3           10.333333          0.604355
                        cbrown1010  -3.363636  3.233349         11            5.363636          0.602828
                            MS1014  -0.625000  2.559994          8            4.250000          0.602352
                         Pflanzerl  -2.200000  6.379655          5           10.600000          0.601854
not-logged-in-68d0a75cec62261cefd3   1.000000  2.607681          6            4.333333          0.601773
not-logged-in-b208a36cc5986fe23569  -9.666667  8.020806          3           13.333333          0.601560
                         IanBarber   0.450000  3.817894         20            6.350000          0.601243
                 parmagnus_utep800  -0.875000  1.642181         28            2.732143          0.601060
                           maali28   0.000000  2.000000          3            3.333333          0.600000
                        vlondono17  -2.000000  5.000000          3            8.333333          0.600000
                      jiaamitzoo22   2.750000  6.898067          4           11.500000          0.599832
                          AnaB2024  -0.294843  4.285192        446            7.149103          0.599403
                           nferrel   0.928571  2.523697          7            4.214286          0.598843
                            snnick  -1.000000  4.158620         18            6.944444          0.598841
                          ggendall  -9.000000  6.387488          6           10.666667          0.598827
                           anikak_   1.000000  3.741657          4            6.250000          0.598665
not-logged-in-a17da4b2e61b2a772286  -5.500000  7.778175          2           13.000000          0.598321
                            jfeher  -4.250000  5.678908          4            9.500000          0.597780
not-logged-in-84491836ed043052d1cd   3.000000  4.582576          3            7.666667          0.597727
                           3000928  -3.800000  3.346640          5            5.600000          0.597614
not-logged-in-42cd81a4b388b0559e1c  -0.300000  2.051132         15            3.433333          0.597417
                    achref_rhouma1  -1.166667  2.786874          6            4.666667          0.597187
                       AneVakarian  -3.800000  3.701351          5            6.200000          0.596992
                          lisrod18  -2.400000  5.128353          5            8.600000          0.596320
                              Dbam  -3.588235  5.148529         17            8.647059          0.595408
                        aguzman173  -4.500000  6.745369          6           11.333333          0.595180
                        csimmons02  -1.500000  2.380476          4            4.000000          0.595119
not-logged-in-fc0be724c7bf5f71ddd0  -3.000000  4.760952          4            8.000000          0.595119
not-logged-in-71f07340bcf61627a34a  -3.333333  4.163332          3            7.000000          0.594762
not-logged-in-0b587559eb9f5017db1f  -1.777778  4.294700          9            7.222222          0.594651
                      AshleywithVZ  -0.190476  2.943111         21            4.952381          0.594282
                          DanielMA  -0.280000  4.550824         25            7.680000          0.592555
                      Thunderhead_  -1.681818  5.675706         11            9.590909          0.591780
                         darktruth  -0.266667  3.339842         45            5.644444          0.591704
                       GavinNewman  -0.750000  2.217356          4            3.750000          0.591295
                           odansby  -1.000000  3.741657          6            6.333333          0.590788
                          adilenev  -0.076923  4.119176         39            6.974359          0.590617
                            Rahmak  -4.333333  5.507571          3            9.333333          0.590097
                         nikosm272  -1.736842  3.509386         19            5.947368          0.590074
                         Astrophel  -2.666667  5.015129         12            8.500000          0.590015
                          jterry94  -0.166667  0.983192          6            1.666667          0.589915
                          iambic77  -6.333333  8.453796          6           14.333333          0.589800
                      grace_molnar   1.840000  3.325157         25            5.640000          0.589567
                          adammuje  -4.125000  3.758324          8            6.375000          0.589541
                      Darlenesison   0.173913  4.458416         23            7.565217          0.589331
                       RupertBaker  -1.500000  3.535534          2            6.000000          0.589256
                        Munkhorgil   1.500000  3.535534          2            6.000000          0.589256
not-logged-in-db1ba6a49e0db1f34f92  -2.500000  3.535534          2            6.000000          0.589256
                    MissAceFiction   1.500000  3.535534          2            6.000000          0.589256
                         KaRiNaHUA  -0.500000  3.535534          2            6.000000          0.589256
                betterpodcasts_com  -2.750000  4.856267          4            8.250000          0.588638
                        madiatkins  -3.888889  5.555278          9            9.444444          0.588206
not-logged-in-0996ef121699989439c0  -6.666667  5.859465          3           10.000000          0.585947
                       cboldrick66   0.500000  3.295018          8            5.625000          0.585781
                    applesauce3214   0.363636  4.631905         11            7.909091          0.585643
not-logged-in-2b3ff26690e410ec2444   0.000000  2.828427         12            4.833333          0.585192
                        Your_Aniki  -3.200000  3.271085          5            5.600000          0.584122
                            Brisa_  -0.310345  1.891776         29            3.241379          0.583633
                     zoechamberlin  -3.500000  4.949747          2            8.500000          0.582323
                        Jonatearth   5.200000  5.118594          5            8.800000          0.581658
                      braydensmith   0.411765  3.692202         17            6.352941          0.581180
                             NLink   1.388889  2.420973          9            4.166667          0.581034
                   charliedearagon   0.956522  3.081886         23            5.304348          0.581011
not-logged-in-d0ee2d7542d8dbd2db67   0.333333  2.516611          3            4.333333          0.580756
                         JanetShep  -1.857143  3.231031         14            5.571429          0.579929
                          Daniel-C  -1.125000  2.100170          8            3.625000          0.579357
                       Runnercat76   2.000000  5.354126          4            9.250000          0.578824
                         mshhine13  -0.780488  3.244320         41            5.609756          0.578335
not-logged-in-12d1fd10b6fc31cc2bdc  -2.200000  2.774887          5            4.800000          0.578102
not-logged-in-1d89257b0a6e60f7093d  -2.285714  3.302236          7            5.714286          0.577891
not-logged-in-90d0738011f4f6d5f9d6  -0.780488  2.734156         41            4.731707          0.577837
                          Jallen75   0.583333  1.781640         12            3.083333          0.577829
not-logged-in-65c5e1f17462f981e348  -0.302632  3.199534         38            5.539474          0.577588
                           msn2700  -1.694444  4.100614        234            7.100427          0.577516
                            Woodsr   0.333333  0.577350          3            1.000000          0.577350
                           sm10026   0.333333  0.577350          3            1.000000          0.577350
                           nicoray   0.666667  1.154701          3            2.000000          0.577350
                          Swet.007   1.333333  0.577350          3            1.000000          0.577350
                     Justine_Bllon  -0.666667  1.154701          3            2.000000          0.577350
                     kalystajacobs  -2.666667  4.618802          3            8.000000          0.577350
                       assodicuori  -1.500000  1.732051          4            3.000000          0.577350
                  ThePlanetNeptune   1.000000  1.154701          4            2.000000          0.577350
                           Fafnire  -2.600000  4.188419         15            7.266667          0.576388
not-logged-in-cb5adcec5b7e79506109  -5.500000  7.778175          2           13.500000          0.576161
not-logged-in-ac6de029fdb268fa5a58  -4.285714  6.237368          7           10.857143          0.574494
not-logged-in-28fee68d1cdc5df4b81d  -2.000000 10.148892          3           17.666667          0.574466
                     brandonblpeng   1.555556  2.743680          9            4.777778          0.574259
                     valmarshall22  -0.678571  4.530175         28            7.892857          0.573959
                             zhut2  -0.937500  3.531603         64            6.156250          0.573661
                   gabrielletaylor  -3.000000  4.482771         22            7.818182          0.573378
                      TrevorLawson   1.600000  1.949359          5            3.400000          0.573341
not-logged-in-a13031a69de17d2bdb69   3.333333  3.055050          3            5.333333          0.572822
                        Luke.space   1.666667  1.527525          3            2.666667          0.572822
                        Bogdan_S23  -0.660000  2.095233         25            3.660000          0.572468
                       lizzybitz14   0.958333  3.196182         24            5.583333          0.572451
                          bdowney5  -0.300000  3.433495         10            6.000000          0.572249
               SAI_TARUN_CIVIL_LEO   1.333333  2.598773         24            4.541667          0.572207
not-logged-in-413ae9659b8cf912512c  -4.166667  4.956477          6            8.666667          0.571901
                             Avakm   0.500000  1.000000          4            1.750000          0.571429
                      ducksorfrogs  -2.750000  4.856267          4            8.500000          0.571326
                      bhuvaneswari   0.187500  2.428134         16            4.250000          0.571326
                         bolonga21  -1.476190  2.337072         21            4.095238          0.570680
                     jacksonwood44   0.600000  4.449719          5            7.800000          0.570477
                             aly09   3.333333  5.131601          3            9.000000          0.570178
                           Yar2015   4.400000  4.219005          5            7.400000          0.570136
                   NatalieMalakian  -2.714286  4.151879          7            7.285714          0.569866
                             Orbee  -4.631579  8.036103         19           14.105263          0.569724
                         danielmdz  -0.402778  3.283768         36            5.763889          0.569714
                            Iggy2k  -3.800000  6.379655          5           11.200000          0.569612
                        Jennya7908  -2.000000  3.605551          3            6.333333          0.569298
                             mnk96   0.250000  1.707825          4            3.000000          0.569275
                        Ashleighng   1.200000  2.387467          5            4.200000          0.568445
not-logged-in-dce7d29f0bdb993f0df8  -3.100000  6.756889         10           11.900000          0.567806
                         rlknowles  -2.000000  6.244998          3           11.000000          0.567727
not-logged-in-2e78849fda859b24f37a   1.666667  2.081666          3            3.666667          0.567727
not-logged-in-82d9885a2b07178efeaf   1.166667  1.040833          3            1.833333          0.567727
                     ryan_rharniti   1.400000  1.816590          5            3.200000          0.567684
not-logged-in-ce6dc1e7e9efd8172eec  -2.000000  7.000000          3           12.333333          0.567568
not-logged-in-470c739267f6d4987c86  -2.333333  3.214550          3            5.666667          0.567274
                            kprogo  -1.833333  3.685557          3            6.500000          0.567009
                         astro1346  -1.000000  2.645751          3            4.666667          0.566947
                    bootybandit360  -3.000000  5.291503          3            9.333333          0.566947
not-logged-in-855e4bfeb7f277c4ad53   1.000000  2.645751          3            4.666667          0.566947
                     unicursalpath   1.000000  1.414214          2            2.500000          0.565685
not-logged-in-c1f5f1b2192e567ed7fb  -5.000000  7.071068          2           12.500000          0.565685
not-logged-in-a692fc94e14908ef9076   7.000000  2.828427          2            5.000000          0.565685
not-logged-in-3fdbf243abe88ac037bf  -1.000000  1.414214          2            2.500000          0.565685
                           Dougal1   1.000000  1.414214          2            2.500000          0.565685
not-logged-in-7c02343211220ec3eb06  -1.000000  1.414214          2            2.500000          0.565685
not-logged-in-1cf2ea37a4b1375f21f8   1.000000  1.414214          2            2.500000          0.565685
                    Mansaviawasthi   6.000000  4.242641          2            7.500000          0.565685
                          Baxteemi   0.000000  1.414214          2            2.500000          0.565685
                             tal75  -2.000000  5.656854          2           10.000000          0.565685
                          knasibov   0.000000  1.414214          2            2.500000          0.565685
                               M54   0.000000  1.414214          2            2.500000          0.565685
not-logged-in-eee44e043ba9377a99ac   1.000000  2.828427          2            5.000000          0.565685
                       AditiSingh2   0.000000  1.414214          2            2.500000          0.565685
not-logged-in-8a2cf119796f53f60caa   5.000000  2.828427          2            5.000000          0.565685
not-logged-in-a449db7e95289ecb5948   1.000000  1.414214          2            2.500000          0.565685
not-logged-in-6392f192b7f7233619f9  -1.000000  1.414214          2            2.500000          0.565685
                     AlexandraRIVI  -2.000000  2.828427          2            5.000000          0.565685
not-logged-in-d73b3ceaaec40537b065  -3.000000  4.242641          2            7.500000          0.565685
                          galvezvk   0.000000  1.414214          2            2.500000          0.565685
                       gjacobs6009   6.000000  4.242641          2            7.500000          0.565685
                            Nasand   3.000000  1.414214          2            2.500000          0.565685
                            H0l1i3  -3.000000  7.071068          2           12.500000          0.565685
not-logged-in-12bf33e7b6d223d42d98   1.500000  3.109126          4            5.500000          0.565296
                             jr055   2.928571  2.620887          7            4.642857          0.564499
                  alexandriapatino  -2.312500  2.821790         16            5.000000          0.564358
                         Markjeuhh  -2.571429  6.528327          7           11.571429          0.564176
                         Heaven523  -2.250000  3.807887          8            6.750000          0.564131
                           Peppe87   0.390625  2.591912         64            4.609375          0.562313
                        victor2434  -3.222222  4.116363          9            7.333333          0.561322
not-logged-in-c1f19059215f4c02065b   1.250000  2.314550          8            4.125000          0.561103
                           zMessxy  -2.000000  3.366502          4            6.000000          0.561084
not-logged-in-d3142e95cec9c28405be  -1.125000  2.594064          4            4.625000          0.560879
                       Billybob.78  -0.600000  3.361547          5            6.000000          0.560258
                       graciegnome  -0.500000  2.380476          4            4.250000          0.560112
not-logged-in-55239e733bff4646f9c2  -0.428571  4.720775          7            8.428571          0.560092
                     Rikkeelisabth  -2.250000  5.315073          4            9.500000          0.559481
not-logged-in-9cadeed8546209d86b9d  -4.666667  5.220153          9            9.333333          0.559302
                        AstroJonny  -3.115385  3.547697         26            6.346154          0.559031
not-logged-in-08e11ee61900eb356c9f  -0.190476  2.155403         42            3.857143          0.558808
not-logged-in-07fff9a31512a3ecf6be  -1.400000  2.792848          5            5.000000          0.558570
                            ajd008   0.000000  3.905125          9            7.000000          0.557875
                     annabaggett23   0.571429  1.511858          7            2.714286          0.557000
                         soupytime  -1.857143  3.977961         14            7.142857          0.556915
                          Bushman1   0.428571  1.272418          7            2.285714          0.556683
not-logged-in-1fb57092deb2013ac9b0   0.111111  3.586239          9            6.444444          0.556485
                        BAV-member  -0.842593  2.794577         54            5.027778          0.555827
                     KristalynDJ25  -0.500000  7.778175          2           14.000000          0.555584
                          fcruz145  -2.666667  8.144528          3           14.666667          0.555309
                           _audrey  -1.250000  2.217356          4            4.000000          0.554339
not-logged-in-0931df447e2c7f5a42b7  -5.400000  7.092249          5           12.800000          0.554082
                          kpalme42   0.428571  3.203707         14            5.785714          0.553727
                  pitcherpondtcher  -2.500000  5.167204          6            9.333333          0.553629
                       rkelley7351  18.500000  6.363961          2           11.500000          0.553388
not-logged-in-12cf2c49718237f66ec9  -0.333333  1.751190          6            3.166667          0.553007
                Interplanetjanet14   0.750000  3.593976          4            6.500000          0.552919
                    armando_zamora  -0.072368  2.468068         76            4.467105          0.552498
not-logged-in-8eb1496b93c5e86c059c   0.333333  4.226898          6            7.666667          0.551335
not-logged-in-7711fa467d1ca58b51ab  -0.857143  5.984106          7           10.857143          0.551168
                        Fireluv007  -0.666667  4.041452          3            7.333333          0.551107
not-logged-in-a721ea7867f3263e9abb   2.444444  4.530759          9            8.222222          0.551038
                        Pcamerlo17   0.125000  3.992520         24            7.250000          0.550692
                        Amanda0118   6.000000  9.899495          2           18.000000          0.549972
not-logged-in-2f3962b69d855fc6706b  -5.500000  4.949747          2            9.000000          0.549972
                          rpate584  -0.500000  2.267787          8            4.125000          0.549767
                        lizarbeans  -3.020833  4.569462         24            8.312500          0.549710
                  Maya_needs_hours  -0.318182  2.110579         44            3.840909          0.549500
                            Annamh  -3.133333  3.857222         30            7.033333          0.548420
                           mmayer5   1.750000  3.770184          8            6.875000          0.548390
not-logged-in-b2b5f6c9d203656c0995  -0.775000  2.465012         40            4.500000          0.547780
                    Nedforester227   0.133333  3.870524         15            7.066667          0.547716
not-logged-in-56a0763938f076e855cc  -3.875000  4.517822          8            8.250000          0.547615
                          amahboob  -0.900000  2.133073          5            3.900000          0.546942
                          damaris0  -3.714286  3.592320          7            6.571429          0.546657
                  debbieogunbowale  -5.000000  4.000000          3            7.333333          0.545455
                          reneebox  -0.750000  1.500000          4            2.750000          0.545455
                   aliyahrmckenzie   0.909091  4.459923         11            8.181818          0.545102
not-logged-in-93a067349e572f019f0a  -0.363636  3.170890         11            5.818182          0.544997
                        Siddharth1  -1.235294  1.985240         17            3.647059          0.544340
                          scarab64   0.666667  0.816497          6            1.500000          0.544331
not-logged-in-82dd15e615db9f0dbb31  -4.500000  3.535534          2            6.500000          0.543928
                          Pamouzou  -0.500000  3.535534          2            6.500000          0.543928
not-logged-in-3f5bbcc2a745b7e096bd  -2.500000  3.535534          2            6.500000          0.543928
                              Ljin  -3.500000  3.535534          2            6.500000          0.543928
                     UPASANA.POOJA  -3.428571  6.754187          7           12.428571          0.543440
                        ParasSingh  -2.333333  4.163332          3            7.666667          0.543043
                         kayelanap  -0.529412  2.552392         17            4.705882          0.542383
                           wolffl3  -0.400000  2.547330         10            4.700000          0.541985
                              Amfw   1.600000  1.516575          5            2.800000          0.541634
                              YoCo   2.666667  2.886751          3            5.333333          0.541266
                             GRITA  -1.000000  1.732051          5            3.200000          0.541266
                             Iones   0.454545  2.017242         22            3.727273          0.541211
                           Seblack  -1.500000  2.073644          6            3.833333          0.540951
                           Theorix  -5.500000  9.192388          2           17.000000          0.540729
                       Crispy_Rice  -1.300000  2.540779         10            4.700000          0.540591
                         AmosKeeto  -2.813559  5.328759         59            9.864407          0.540201
                          jjones61  -0.666667  2.160247          6            4.000000          0.540062
                       WillMorris9  -1.000000  1.500000          9            2.777778          0.540000
                       Graveetrain  -2.243455  4.685324        191            8.678010          0.539908
                    JBoccanera0001   0.333333  6.658328          3           12.333333          0.539864
                           zortega   2.666667  2.516611          3            4.666667          0.539274
not-logged-in-61e508840b67fb0cc97f  -4.000000  5.656854          2           10.500000          0.538748
                           gv10046  -2.500000  3.500000          7            6.500000          0.538462
                           Ngv5662  -1.000000  2.768875          7            5.142857          0.538392
not-logged-in-53ce925d3012a830d000  -2.750000  3.095696          4            5.750000          0.538382
                           joeanne  -2.900000  3.281260         10            6.100000          0.537911
                          bgreiner  -0.857143  2.609506          7            4.857143          0.537251
                           Calebjc  -0.807692  2.954788         13            5.500000          0.537234
not-logged-in-491ef362ede1f57b4faf  -1.625000  3.420004          8            6.375000          0.536471
not-logged-in-4a37b10aa0f72c8d5981   1.833333  4.020779          6            7.500000          0.536104
                            Fangm1  -2.900000  5.065131         10            9.500000          0.533172
                      finaprincess   1.166667  2.443296         12            4.583333          0.533083
not-logged-in-e574af4ede24c660f270   1.333333  2.309401          3            4.333333          0.532939
                             ian_a  -2.500000  3.016621          6            5.666667          0.532345
not-logged-in-f2727f4bacb471ee8fbc  -4.250000  6.652067          4           12.500000          0.532165
                          montanaj   0.833333  1.329160          6            2.500000          0.531664
                         DivineDox  -0.548780  2.132363         82            4.012195          0.531471
                   JasmineBrookins  -1.322034  3.702006         59            6.966102          0.531432
                      jayleenc2007  -1.125000  3.685557         16            6.937500          0.531252
                       FinnBultman  -1.000000  3.098387          6            5.833333          0.531152
                  Emma.harringtonn   0.043478  3.323173         23            6.260870          0.530785
                     Mr_Nightshade  -1.000000  4.242641          2            8.000000          0.530330
                            K_Lepo  -1.500000  2.121320          2            4.000000          0.530330
not-logged-in-d091fcbdaf13d8711a2c  -1.500000  2.121320          2            4.000000          0.530330
not-logged-in-01bce94efc37ff71f919  -1.000000  4.242641          2            8.000000          0.530330
                        atharv1107  -2.500000  2.121320          2            4.000000          0.530330
not-logged-in-7ee6f1086fe15f9f6425   0.500000  2.121320          2            4.000000          0.530330
                         aduxfield   0.500000  2.121320          2            4.000000          0.530330
                            Lyonic  -1.750000  3.826286         98            7.229592          0.529253
not-logged-in-8b4b39a95839c10d7852  -2.000000  2.645751          3            5.000000          0.529150
                          jungwonn  -3.000000  2.645751          3            5.000000          0.529150
                 parmagnus_utep596   0.000000  2.645751          3            5.000000          0.529150
                         Coppinger   1.500000  2.380476          4            4.500000          0.528995
                           evawong   0.666667  4.041452          3            7.666667          0.527146
                       kylestenner   1.200000  3.898718          5            7.400000          0.526854
not-logged-in-76d3234b0e07ea4a761c  -1.230769  4.456341         13            8.461538          0.526658
                       Jdrauch2002  -1.080000  3.299692        375            6.272000          0.526099
                   abdullahhussein  -2.977273  3.573971         22            6.795455          0.525936
                              AAGH  -1.750000  7.228416          4           13.750000          0.525703
                         kashmisak  11.333333  6.658328          3           12.666667          0.525657
                           Klarion   1.142857  3.078342          7            5.857143          0.525571
not-logged-in-715e4c4d72ea894af3a0   0.250000  1.707825          4            3.250000          0.525485
                         kschirmer   2.750000  1.707825          4            3.250000          0.525485
                       Eleanora713  -1.750000  2.362908          4            4.500000          0.525091
                    elainecruz1991  -8.285714  7.782765          7           14.857143          0.523840
                         Sghenry01   0.350000  2.906888         20            5.550000          0.523764
not-logged-in-2655c515fea562118b59  -0.285714  3.473605         14            6.642857          0.522908
                          2001-DDT  -0.616667  2.270606         60            4.350000          0.521978
                       IvanKartsev   1.000000  1.825742          4            3.500000          0.521641
                         jlsgoupis  -0.400000  2.190890          5            4.200000          0.521641
                         jpbolengo   1.500000  4.949747          2            9.500000          0.521026
                      Kanderson268   0.333333  5.033223          3            9.666667          0.520678
not-logged-in-043f8be233c621980c3f   0.750000  3.774917          4            7.250000          0.520678
                          005QuaKs   2.666667  2.081666          3            4.000000          0.520416
                     Morena.Basaly  -3.333333  4.163332          3            8.000000          0.520416
                        zaluvslacy   2.666667  2.081666          3            4.000000          0.520416
not-logged-in-cc66ad1a14515899ea02  -2.500000  4.679744          6            9.000000          0.519972
                          pelabuan  -0.578947  3.796382         38            7.315789          0.518930
not-logged-in-68f21773f31c12165b88  -1.500000  1.643168          6            3.166667          0.518895
                          rsing123  -5.500000  7.778175          2           15.000000          0.518545
not-logged-in-d9e1264b592c34e865ad   2.666667  7.767453          3           15.000000          0.517830
                 parmagnus_utep668  -2.687500  3.300884         16            6.375000          0.517786
                           Cun2021  -1.769231  3.982333         13            7.692308          0.517703
                           MistaMr   0.967742  2.651841         31            5.129032          0.517026
not-logged-in-96f476ee3223102275a8  -0.285714  3.988077          7            7.714286          0.516973
not-logged-in-598ae44b7299423352c9   0.000000  4.415880          9            8.555556          0.516142
                     valerieflores  -0.427374  2.699933        179            5.231844          0.516058
not-logged-in-e4423afc120968722624  -0.291667  1.010363         12            1.958333          0.515930
not-logged-in-e1058567a2f9b2d201cb   1.125000  3.482097          8            6.750000          0.515866
not-logged-in-333e9f71191b1b52d163  -1.000000  2.449490          4            4.750000          0.515682
                         mchilders  -3.363636  4.031693         11            7.818182          0.515682
                           konakid  -1.750000  2.061553          4            4.000000          0.515388
                             GWard   0.716346  2.667463        104            5.177885          0.515165
                  planethunterzoon  -2.000000  3.605551          3            7.000000          0.515079
                           Natania   0.000000  1.414214          4            2.750000          0.514259
                            p.drew  -2.000000  2.828427          4            5.500000          0.514259
                         PratyushM  -2.000000  2.828427          2            5.500000          0.514259
                            RobinO   0.000000  2.828427          2            5.500000          0.514259
                         aalverson   2.000000  2.828427          2            5.500000          0.514259
                    matt_stridiron   1.000000  2.828427          2            5.500000          0.514259
                        Jake-Steak  -2.000000  3.464102          8            6.750000          0.513200
                         haydenp24  -0.400000  1.949359          5            3.800000          0.512989
                   mariomartinez.1  -1.076923  2.596842         13            5.076923          0.511499
                            Saxeen  15.666667 15.502688          3           30.333333          0.511078
                        Ferrisrc20  -1.141176  2.845853         85            5.576471          0.510332
                          jcressw5  -0.500000  3.316625          4            6.500000          0.510250
                      mbanderson81  -4.800000  5.403702          5           10.600000          0.509783
                          Caprarom   1.666667  1.527525          3            3.000000          0.509175
not-logged-in-10f9a9a669741b9e5c70   0.666667  1.527525          3            3.000000          0.509175
                          JWells10  -1.333333  1.527525          3            3.000000          0.509175
                             hrawn   0.666667  1.527525          3            3.000000          0.509175
not-logged-in-704c59c1a4e9a5f66054  -0.250000  3.304038          4            6.500000          0.508314
                            Feb991   1.679487  3.257922        117            6.423077          0.507221
                         mari1moon  -1.214286  3.400873         14            6.714286          0.506513
                            hjd_uk   3.666667  3.881580          6            7.666667          0.506293
not-logged-in-14de3642a318c3c837c1  -1.166667  1.602082          6            3.166667          0.505921
                        Aredytaden  -2.142857  3.505098         14            6.928571          0.505890
                       Beateretaer   0.105960  2.495916        302            4.933775          0.505884
                          TaYuMa25   4.250000  5.560276          4           11.000000          0.505480
                     Andrewzgodava   1.666667  2.188122         12            4.333333          0.504951
                          jwells55  -0.869427  3.176005        157            6.289809          0.504945
                          Jack1209  -7.000000  6.055301          4           12.000000          0.504608
                        brinbrin22  -1.800000  4.438468          5            8.800000          0.504371
                       carloartemi  -2.200000  4.438468          5            8.800000          0.504371
                   AdrianaCaDavila  -0.073770  3.532983         61            7.008197          0.504122
                          LindaZed   4.250000  3.774917          4            7.500000          0.503322
not-logged-in-634a9754360e83df15b4   0.722222  1.201850          9            2.388889          0.503100
                       danieljkang  -3.000000  4.358899          3            8.666667          0.502950
not-logged-in-58e4099bde54311e2936   0.000000  1.632993          4            3.250000          0.502459
                           CBuck22  -4.583333  5.567084         12           11.083333          0.502293
                       JackHuggins   0.777778  2.564718         36            5.111111          0.501793
                           Sandy49   2.333333  3.511885          3            7.000000          0.501698
                           saflalo   0.200000  1.303840          5            2.600000          0.501477
                       fouriertenn   2.430000  3.479391        100            6.940000          0.501353
                       Avinavkarki  -0.100000  4.159327          5            8.300000          0.501124
                  Kajsaperssonklep  -1.759259  4.425207         54            8.833333          0.500967
                          cass.exe   1.000000  1.000000          3            2.000000          0.500000
                           Sofia02  -3.000000  3.000000          3            6.000000          0.500000
                   avaclairecooley   0.500000  1.000000          4            2.000000          0.500000
                         Amemarian   1.000000  1.000000          3            2.000000          0.500000
                            Jim295  -1.312500  2.153693          8            4.312500          0.499407
                            elee98   2.000000  4.242641          2            8.500000          0.499134
not-logged-in-b139323de2d400432687  -0.200000  1.095445          5            2.200000          0.497930
                            cgurin   0.550000  2.089447         20            4.200000          0.497487
                  Jasminefree60085  -3.090909  4.968995         11           10.000000          0.496899
                           lara_01   1.800000  3.563706          5            7.200000          0.494959
not-logged-in-d2ba2937bf5dbc1db742   0.666667  1.154701          3            2.333333          0.494872
                           mackyna  -0.666667  1.154701          3            2.333333          0.494872
                           Tuna1er   0.666667  1.154701          3            2.333333          0.494872
not-logged-in-52f24716940f1d1b6089   0.071429  2.580144         21            5.214286          0.494822
                      AmmonMiller2  -0.214286  1.625687         14            3.285714          0.494774
                        bkbilal347   4.333333  4.932883          3           10.000000          0.493288
                             Patk5  -0.805898  2.384354        729            4.842936          0.492337
                           Encanto  -3.000000  5.656854          2           11.500000          0.491900
not-logged-in-ab5e6bb10a77a470c21d  -4.000000  5.656854          2           11.500000          0.491900
not-logged-in-7a38fcc27cbfc6b6a23e  -4.000000  5.656854          2           11.500000          0.491900
                     Jazmineromo89  -3.000000  2.581989          4            5.250000          0.491807
                             lezhe   1.125000  4.303100         16            8.750000          0.491783
                           ibrenna  -0.375000  1.597990          8            3.250000          0.491689
                          merrillp   0.818182  1.250454         11            2.545455          0.491250
                       EvelynSingh   1.111111  2.891559          9            5.888889          0.491019
                          dianas28  -5.333333  4.499158         12            9.166667          0.490817
                   thecuriousguy78   0.291667  2.985169         24            6.083333          0.490713
                          jpitts20  -0.333333  0.816497          6            1.666667          0.489898
                      matthewh8888   0.394737  1.778847         38            3.631579          0.489827
                          camowens  -0.217391  2.214755         23            4.521739          0.489802
                           rwbodge   0.265625  2.601844         64            5.312500          0.489759
                           Jkhan24   0.366667  2.838143         90            5.800000          0.489335
                         kzmarlatt   1.428571  2.935821          7            6.000000          0.489304
                          Jpino314  -0.750000  2.812691         70            5.764286          0.487951
                          nastro12  -1.888889  3.140241          9            6.444444          0.487279
                             tholl   1.285714  4.794686         14            9.857143          0.486417
not-logged-in-7747e38925137de2b8fa  -0.333333  5.507571          3           11.333333          0.485962
                      catandstring  -0.666667  3.754363         15            7.733333          0.485478
                        Unknown999  -0.428571  3.258688          7            6.714286          0.485337
not-logged-in-c42d98b4276d2d433561  -1.333333  3.881580          6            8.000000          0.485198
not-logged-in-1497c3c10c0391da9d39  -0.750000  2.667140         12            5.500000          0.484935
                           NazarSO  -2.097561  3.477103         41            7.170732          0.484902
                           mi10042   0.500000  2.540580         12            5.250000          0.483920
                        Adamsatoms   0.333333  3.055050        102            6.323529          0.483124
not-logged-in-06b2715fdb8260d7e72f   0.400000  0.966092         10            2.000000          0.483046
                          SophieMu  -1.428571  4.755949          7            9.857143          0.482488
                      alexia.teran  -1.181818  3.156797         22            6.545455          0.482288
                     rhernandez191   1.333333  3.214550          3            6.666667          0.482183
                 parmagnus_utep214  -1.125000  2.167124          8            4.500000          0.481583
                   alexanderivanov   3.400000  2.792848          5            5.800000          0.481526
                       kyliedeleon  -2.714286  3.093773          7            6.428571          0.481254
                          Grooters  -3.333333  5.773503          3           12.000000          0.481125
not-logged-in-620d5de879fc59889ff3  -6.000000  5.291503          3           11.000000          0.481046
not-logged-in-a069fd7a12a9a3b5904b  -0.333333  3.444803          6            7.166667          0.480670
                         rongilman  -0.277778  2.696524         18            5.611111          0.480569
                       swanshelbyl  -0.333333  2.081666          3            4.333333          0.480384
not-logged-in-bd80256dc4b2e9077632  -2.333333  2.081666          3            4.333333          0.480384
                   ReynaMorrigan13   1.714286  2.811541          7            5.857143          0.480019
not-logged-in-617d5066d71e5bc3d6df  -4.000000  4.000000          6            8.333333          0.480000
                          Hangar77  -1.500000  3.000000          4            6.250000          0.480000
                      sciencenerd5  -1.800000  3.359894         10            7.000000          0.479985
                        Jackson270 -11.500000 13.435029          2           28.000000          0.479822
                            mw22bf   0.500000  2.516611          4            5.250000          0.479355
                      katielinds88  -2.750000  3.593976          4            7.500000          0.479197
                  Bhumika_Padaliya  -0.500000  1.914854          4            4.000000          0.478714
                     NoeGonzalez77   0.666667  3.983298          6            8.333333          0.477996
                     jake331431343  -1.142857  2.115701          7            4.428571          0.477739
                        rwaddell66   0.153846  2.939562         13            6.153846          0.477679
                            Sage42  -0.275862  2.403815         29            5.034483          0.477470
not-logged-in-bdd12d2ab3dc9c3fe3a8  -1.166667  3.816630          6            8.000000          0.477079
                           lberna4   1.428571  2.408775         14            5.071429          0.474970
                           s1eeper   3.000000  3.559026          4            7.500000          0.474537
not-logged-in-d2f2c2cd777871e0f5cc  -4.857143  5.080307          7           10.714286          0.474162
not-logged-in-17275dc694b3274035c3   0.125000  1.125992          8            2.375000          0.474102
                        FailsafeFM  -1.666667  3.785939          3            8.000000          0.473242
                     amcmaster0002  -5.800000  6.418723          5           13.600000          0.471965
                         camilla15   2.333333  3.932768          6            8.333333          0.471932
                       C.walters97   0.666667  2.516611          3            5.333333          0.471865
                       AshtonAlden  -0.150000  1.732791         40            3.675000          0.471508
                          ajensen4  -0.500000  0.707107          2            1.500000          0.471405
                          Iceman28   0.500000  0.707107          2            1.500000          0.471405
                      knelson41117   0.500000  0.707107          2            1.500000          0.471405
not-logged-in-771e2c8f19b7807d4d74   1.500000  0.707107          2            1.500000          0.471405
                   spaceologist.98   0.500000  0.707107          2            1.500000          0.471405
                        Ineedspace   0.500000  0.707107          2            1.500000          0.471405
                          GalenJin  -1.000000  1.414214          2            3.000000          0.471405
                          beckrude  -1.000000  5.656854          2           12.000000          0.471405
                      Bxfive121323  -0.500000  0.707107          2            1.500000          0.471405
                           Monty25  -0.500000  0.707107          2            1.500000          0.471405
                          Lennie88   1.000000  1.414214          2            3.000000          0.471405
                      kriskriskris  -5.000000  5.656854          2           12.000000          0.471405
                         ZacBenson   0.500000  0.707107          2            1.500000          0.471405
                   Greysel.Mayorga   1.000000  1.414214          2            3.000000          0.471405
                        TomDofe123   1.500000  0.707107          2            1.500000          0.471405
                          slaquis2   1.000000  1.414214          4            3.000000          0.471405
not-logged-in-a484b558171c2b40f9ac  -0.500000  0.707107          2            1.500000          0.471405
                       bakergirl26   0.500000  0.707107          2            1.500000          0.471405
                            Hydreo  -0.500000  0.707107          2            1.500000          0.471405
not-logged-in-e877fe337e4dbfa7e55f   1.500000  0.707107          2            1.500000          0.471405
                            StacyP   0.000000  1.414214          2            3.000000          0.471405
not-logged-in-b79810961028ca7f102c  -1.000000  1.414214          2            3.000000          0.471405
not-logged-in-382c4ea8731e5fef65a0  -0.500000  0.707107          2            1.500000          0.471405
                       SleepyRamna  -1.000000  2.828427          2            6.000000          0.471405
                         gabri3ll4   1.000000  1.414214          2            3.000000          0.471405
not-logged-in-1da659d2678de0dcee97  -0.500000  0.707107          2            1.500000          0.471405
                           SHARAYU  -3.000000  2.828427          2            6.000000          0.471405
                       Evangeline1  -1.000000  2.828427          2            6.000000          0.471405
                         NotSoMine   1.000000  1.414214          2            3.000000          0.471405
not-logged-in-2fcf7425c4347c3bcc1b   1.500000  0.707107          2            1.500000          0.471405
                          e_bittel   1.500000  0.707107          2            1.500000          0.471405
                 Raffaela_Alvarado   0.500000  0.707107          2            1.500000          0.471405
not-logged-in-5826b44afa610e970814   0.500000  0.707107          2            1.500000          0.471405
                            otgbxr   1.000000  1.414214          2            3.000000          0.471405
                           Rissy11  -0.500000  0.707107          2            1.500000          0.471405
not-logged-in-59d7a65c99db02cc70d6  -2.000000  2.828427          2            6.000000          0.471405
not-logged-in-4b29b5761a377cfdd291   0.500000  0.707107          2            1.500000          0.471405
not-logged-in-27d938648b42a3167da6   2.000000  1.414214          4            3.000000          0.471405
not-logged-in-2de3eb23d44b7d5df865   3.000000  1.414214          2            3.000000          0.471405
                         wabuswell   0.500000  0.707107          2            1.500000          0.471405
                         rhisky104   0.500000  0.707107          2            1.500000          0.471405
       SayoNiiyama_Bloomnerg_Sales  -0.500000  0.707107          2            1.500000          0.471405
                     reesegalliher  -0.500000  0.707107          2            1.500000          0.471405
                          achan480  -4.500000  4.949747          2           10.500000          0.471405
                         dsteele86   0.500000  4.949747          2           10.500000          0.471405
                           Esselyn  -0.500000  2.121320          2            4.500000          0.471405
                            xim-04   1.500000  2.121320          2            4.500000          0.471405
                       muskankhera  -1.500000  2.121320          2            4.500000          0.471405
not-logged-in-5a955d012d981723270d  -0.500000  2.121320          2            4.500000          0.471405
not-logged-in-9070674a4d83ade1293a  -0.500000  2.121320          2            4.500000          0.471405
                       jessacorpuz  -1.500000  2.121320          2            4.500000          0.471405
                        nickmeesey -16.000000  8.485281          2           18.000000          0.471405
                        LoganRose1  -1.500000  2.121320          2            4.500000          0.471405
                  BcAstronomyClass  -0.800000  3.895052         15            8.266667          0.471176
not-logged-in-c78a77e1464390be7e0b  -0.500000  3.415650          4            7.250000          0.471124
                           hhaiden   1.000000  2.943920          4            6.250000          0.471027
not-logged-in-f8fefc76d565507a5f63  -0.833333  3.996210         12            8.500000          0.470142
                          pdubya32  -0.260870  2.942130         23            6.260870          0.469923
                          boatmans   0.500000  1.290994          4            2.750000          0.469453
                           bea147u  -0.764706  2.307889        272            4.919118          0.469167
                        Oriontea28  -0.500000  1.445998         12            3.083333          0.468972
                         p.titchin  -0.727273  3.068906         11            6.545455          0.468861
not-logged-in-55857eb98a485f37cb05   0.375000  2.868652          4            6.125000          0.468351
not-logged-in-3f9e3c24daf4ebb0264d  -1.000000  3.464102          5            7.400000          0.468122
not-logged-in-2e893684df87a28b19c7  -1.750000  2.866058          8            6.125000          0.467928
                            B0sTiK  -3.625000  4.269563          4            9.125000          0.467897
                          frosttnz  -1.000000  2.645751          3            5.666667          0.466897
                       daisyalicef  -2.000000  2.645751          3            5.666667          0.466897
                          nivabhut   1.333333  1.632993          6            3.500000          0.466569
                           ter6070  -0.666667  1.658312          9            3.555556          0.466400
                        BryannaC12  -1.550000  3.068945         20            6.600000          0.464992
not-logged-in-960c4a8ff2e90e778d18   0.750000  4.645787          4           10.000000          0.464579
                           ava.ozy   0.827586  3.892015         29            8.379310          0.464479
                    LucyMerino2011  -3.437500  4.381305         16            9.437500          0.464244
                         JackieHYH  -0.358333  2.655381        180            5.725000          0.463822
                         Elijah123  -0.500000  1.091928         14            2.357143          0.463242
                           ROL0331  -1.428571  4.755949          7           10.285714          0.462384
                           ktwalsh  -2.333333  4.546061          6            9.833333          0.462311
not-logged-in-3c459515e8ad522420e2   3.800000  2.588436          5            5.600000          0.462221
not-logged-in-69c05eabbc721d9bcbaf  -2.666667  4.618802          3           10.000000          0.461880
                       Capricia_L.  -1.000000  1.154701          4            2.500000          0.461880
                        rickhuziak   1.176471  1.629237         17            3.529412          0.461617
not-logged-in-339e0c08c2d9e1af3c9d   1.000000  2.000000          3            4.333333          0.461538
not-logged-in-0ae900ec7c7bed4e92f0  -4.333333  9.073772          3           19.666667          0.461378
                          habeebku -10.000000 10.148892          3           22.000000          0.461313
not-logged-in-ec69a303914e036d0c87  -2.250000  5.188127          4           11.250000          0.461167
                           Curette  -0.300000  2.213594         10            4.800000          0.461165
not-logged-in-7982acd400a69d1b0951  -1.000000  3.768289         11            8.181818          0.460569
                         anewman12  -0.250000  2.872281          4            6.250000          0.459565
                         jruiz1968  -3.307692  5.618194         13           12.230769          0.459349
                         AngelYang  -2.200000  2.387467          5            5.200000          0.459128
not-logged-in-40a49bd0b91b279820e8  -2.333333  1.527525          3            3.333333          0.458258
                          jasowiln  -1.333333  1.527525          3            3.333333          0.458258
                           AndreeC  -1.400000  6.131884         10           13.400000          0.457603
                            boscoe   1.250000  1.258306          4            2.750000          0.457566
                          BrawleyG   0.250000  1.258306          4            2.750000          0.457566
not-logged-in-1e357a0eacd7e7b518f2  -0.545455  3.777926         11            8.272727          0.456672
                      Stormthunder  -1.428571  3.457222          7            7.571429          0.456614
                           JamieSC  -1.600000  2.190890          5            4.800000          0.456435
                          jtrinh21  -2.125000  3.356763          8            7.375000          0.455154
not-logged-in-478b813ecc2135f2d488  -1.000000  2.160247          4            4.750000          0.454789
                         maxgalaxy   1.304878  2.323732         82            5.109756          0.454764
                     TopherToppins  -1.000000  2.000000          5            4.400000          0.454545
                    braydenjackson  -0.642857  2.173980          7            4.785714          0.454265
                          simotsik   0.142857  2.853569          7            6.285714          0.453977
                          nh012202  -1.634146  2.719442         82            6.000000          0.453240
                     mikeroberts17   1.250000  1.601504         28            3.535714          0.452951
not-logged-in-fee79c134fb35e9e1f2b   1.500000  1.581139          5            3.500000          0.451754
                         SAKCHAM13   1.200000  3.701351          5            8.200000          0.451384
not-logged-in-fec12c5cde635392a191  -0.857143  1.864454          7            4.142857          0.450041
                            Pebjac   0.142857  0.899735          7            2.000000          0.449868
                    HolmesMarzipan  -1.875000  2.642374          8            5.875000          0.449766
not-logged-in-a45223404d57f15afd27  -0.166667  2.020726          3            4.500000          0.449050
                          leah.sun   0.260870  1.053884         23            2.347826          0.448877
not-logged-in-6c1133ccfb2e83f3e1f0  -2.428571  2.370453          7            5.285714          0.448464
                             Boeuz  -0.600000  2.509980          5            5.600000          0.448211
                           mcasram   0.125000  2.825479         16            6.312500          0.447601
                      mchoquette01  -0.200000  1.788854          5            4.000000          0.447214
                         Kristian1  -4.818182  5.363174         11           12.000000          0.446931
not-logged-in-3ff36f9c07358c46c4ad   2.666667  2.081666          3            4.666667          0.446071
                            gremly   0.320000  2.764658         25            6.200000          0.445913
                           mm11320  -2.285714  5.154748          7           11.571429          0.445472
                               JR9   0.000000  1.247219         10            2.800000          0.445435
not-logged-in-d7db50c831800c0b29fa  -1.000000  2.000000          4            4.500000          0.444444
                         matthewt_   0.500000  1.000000          4            2.250000          0.444444
not-logged-in-815a45ccb1d36eb0e29c  -0.750000  4.991660          4           11.250000          0.443703
                      roboticmight  -3.142857  3.484660          7            7.857143          0.443502
                            amt041  -1.800000  3.633180          5            8.200000          0.443071
                   CuriosityRovers  -1.714286  4.111540          7            9.285714          0.442781
                        ElisabethB  -0.047619  1.780002         42            4.023810          0.442367
                               EP1  -2.500000  3.316625          4            7.500000          0.442217
                           smith_p  -0.555556  2.554952          9            5.777778          0.442203
not-logged-in-7c2fa3e91c29cb92b0c4  -1.500000  3.535534          2            8.000000          0.441942
not-logged-in-7d29d71458d184131fc6  -5.000000  7.071068          2           16.000000          0.441942
                      MercifulLord  -5.000000  5.291503          3           12.000000          0.440959
                            Scipow  -2.562500  3.830680          8            8.687500          0.440942
                     KlingbeiCaleb  -0.916667  2.314316         12            5.250000          0.440822
                         river.dee  -2.875000  4.015595          8            9.125000          0.440065
                        petyerakne   3.250000  3.947573          4            9.000000          0.438619
not-logged-in-3ddc335ce29e5788d918   0.200000  2.280351          5            5.200000          0.438529
not-logged-in-9cf4d584f96e1b1c4e7f  -0.555556  3.745368          9            8.555556          0.437770
                        blisenbe95  -1.032258  3.600776         31            8.225806          0.437741
not-logged-in-fb708efd20eb0a3f4a51  -7.500000  9.192388          2           21.000000          0.437733
                            CHROM3   0.011976  2.222524        167            5.095808          0.436148
                         LOVELYJOY   3.333333  2.250926          6            5.166667          0.435663
                        SDReigstad   0.386364  1.741637         44            4.000000          0.435409
                        soryuasuka  -0.687500  1.387122          8            3.187500          0.435175
                      juliadulaney   1.000000  1.414214          4            3.250000          0.435143
                             Lilax   1.000000  1.414214          4            3.250000          0.435143
                             Krope  -0.571429  1.398586         14            3.214286          0.435116
                      rdzstephanie  -1.600000  3.130495          5            7.200000          0.434791
                            yanury   0.500000  4.123106          4            9.500000          0.434011
not-logged-in-91b6eb9f62c7adcd661b   0.125000  4.389517          8           10.125000          0.433533
                      Persimmon123   0.666667  1.154701          3            2.666667          0.433013
not-logged-in-f6a017ba554843d1b1b3   0.666667  1.154701          3            2.666667          0.433013
not-logged-in-072e8f9f3d62c4d7c79d  -0.333333  0.577350          3            1.333333          0.433013
not-logged-in-8f4e6efc810db28296cd  -1.333333  2.309401          3            5.333333          0.433013
not-logged-in-60d0b889b6314b16acc2   0.666667  0.577350          3            1.333333          0.433013
not-logged-in-c83f2304994f2b354eca   0.333333  0.577350          3            1.333333          0.433013
not-logged-in-d3a80bb34e009b202378  -2.333333  4.041452          3            9.333333          0.433013
                            Ye2B0y  -0.995238  3.013986        105            6.966667          0.432630
                          ndinard5   1.384615  2.328750         13            5.384615          0.432482
not-logged-in-bd1f63ffb8be026d4b4b  -0.400000  3.286335          5            7.600000          0.432413
                      adrianarroyo  -1.793651  3.762758         63            8.714286          0.431792
                            jtauer   0.666667  2.397916          9            5.555556          0.431625
                           Dsilcox  -0.153846  1.625123         13            3.769231          0.431155
                        Storchio31  -2.500000  4.203173          4            9.750000          0.431095
                     VanillaBean08   1.500000  4.949747          2           11.500000          0.430413
not-logged-in-2df04892273add49041b  -0.500000  4.949747          2           11.500000          0.430413
not-logged-in-0312711414f78ff59759  -1.166667  3.371449          6            7.833333          0.430398
not-logged-in-dfe60b611c08cf769e6b  -0.500000  1.290994          4            3.000000          0.430331
                           Erb2211   0.736842  2.376788         19            5.526316          0.430086
not-logged-in-23640994313fe52877d8  -0.800000  2.489980          5            5.800000          0.429307
                         Arrowmoth   0.045455  1.326552         22            3.090909          0.429179
not-logged-in-b04ebb954ac2fcd92af0   4.000000  4.000000          3            9.333333          0.428571
                          fatima22  -1.250000  1.500000          4            3.500000          0.428571
                          kai_mace   0.000000  1.000000          3            2.333333          0.428571
                          GAoussat  -3.900000  4.581363         10           10.700000          0.428165
                      HaileyNoszek   0.000000  2.354327         36            5.500000          0.428060
                      ghenderson18  -4.000000  6.414270          8           15.000000          0.427618
not-logged-in-c5ea14096462ab1fc21f  -2.600000  4.615192          5           10.800000          0.427333
                        betelyisak  -0.923077  2.465142         13            5.769231          0.427291
not-logged-in-7ab212ec8ab2fa9c7bfa  -2.200000  2.049390          5            4.800000          0.426956
                        MyladyLisa  -2.000000  2.486326         12            5.833333          0.426227
                        Naami_2014  -0.250000  0.957427          4            2.250000          0.425523
                         jakettroy  -3.500000  5.744563          4           13.500000          0.425523
                        colekemp36  -0.750000  3.403430          4            8.000000          0.425429
                            RuthKC  -0.941176  2.276801         17            5.352941          0.425336
                          tdeamone  -1.280000  4.363867         25           10.280000          0.424501
                            ozweig   1.500000  2.121320          2            5.000000          0.424264
                     yannickholmes  -1.500000  2.121320          2            5.000000          0.424264
                           mazeoff  -1.500000  2.121320          2            5.000000          0.424264
                           Eric_C.  28.000000  4.242641          2           10.000000          0.424264
                      Nabil_Shaban   1.500000  2.121320          2            5.000000          0.424264
                            Cnohra  -0.500000  2.121320          2            5.000000          0.424264
not-logged-in-531ea46825fd407c666d   1.500000  2.121320          2            5.000000          0.424264
                          lwichael   1.500000  2.121320          2            5.000000          0.424264
                             Deeja  -1.500000  2.121320          2            5.000000          0.424264
                           MeetMei  -0.500000  2.121320          2            5.000000          0.424264
                             DaleL  -1.326087  2.309924         46            5.456522          0.423333
                            Mila.M  -3.200000  4.147288          5            9.800000          0.423193
                 aristarchvonsamos   0.928571  2.234839         14            5.285714          0.422807
                           GBeisel  -1.500000  5.282045          6           12.500000          0.422564
                 Astronomy_is_cool   1.000000  4.358899          3           10.333333          0.421829
                            zena_b   1.000000  5.196152          3           12.333333          0.421310
                            Majo08   2.142857  3.278300         14            7.785714          0.421066
not-logged-in-c70b02b20d9f8ac2e339  -2.666667  3.785939          3            9.000000          0.420660
                           kbludwi  -1.391176  2.434025        170            5.797059          0.419872
                   mackenzieconway   0.333333  2.516611          3            6.000000          0.419435
                          powenyao   1.428571  2.935821          7            7.000000          0.419403
                              OLI_  -0.193548  2.455096         62            5.854839          0.419328
                  WilliamCourtney1   5.250000  4.716991          4           11.250000          0.419288
                      Sovanacharya  -0.214286  1.286375          7            3.071429          0.418820
              Listening_salamander  -0.560000  2.278202         50            5.440000          0.418787
                           AZunker  -1.285714  2.751623          7            6.571429          0.418725
                        JessieLynn   0.026596  3.681081         94            8.803191          0.418153
                          nharri54   0.166667  2.926887          6            7.000000          0.418127
                      Reyes2193791  -5.500000  9.192388          2           22.000000          0.417836
                       RileyWhelan  -0.067073  3.577591        164            8.567073          0.417598
not-logged-in-5cd9d69d9390b0eb8541  -0.750000  1.982062          8            4.750000          0.417276
                            Rattus   0.538732  1.905641        142            4.573944          0.416630
not-logged-in-1087424e4ee935695d79  -0.333333  1.527525          3            3.666667          0.416598
not-logged-in-90bd1e2427a5a8ce6e49  -0.333333  1.527525          3            3.666667          0.416598
                        RK_Quentin   0.666667  1.527525          3            3.666667          0.416598
                        ollynelson   5.000000  4.582576          3           11.000000          0.416598
                         mayavigil   1.666667  3.055050          3            7.333333          0.416598
                       voyager1977   0.636364  1.286291         11            3.090909          0.416153
                        Bopple4160   4.333333  5.131601          3           12.333333          0.416076
                        djeong1228  -5.000000  7.071068          2           17.000000          0.415945
                           SagioV6   0.142857  2.968084          7            7.142857          0.415532
                           acb2226  -0.807692  1.677529         13            4.038462          0.415388
                          irunnall  -2.625000  3.889087          8            9.375000          0.414836
                           adamsss  -2.750000  4.349329          4           10.500000          0.414222
                         emistrens  -0.222222  2.438123          9            5.888889          0.414021
                     connertimario  -4.000000  4.000000          3            9.666667          0.413793
                           eharing  -0.764706  2.359275         17            5.705882          0.413481
                         sabrina76   0.312500  1.333616         24            3.229167          0.412991
                 parmagnus_utep615   0.500000  5.567764          4           13.500000          0.412427
not-logged-in-c68be2b1133e17b85749  -0.666667  2.886751          3            7.000000          0.412393
                       FirstFlight  -1.000000  2.768875          7            6.714286          0.412386
                        ANDREA1710   0.250000  1.752549          8            4.250000          0.412365
                          zlrara01   0.500000  2.267787          8            5.500000          0.412325
                        nellie4now  -2.333333  4.213075          9           10.222222          0.412149
not-logged-in-9c6a4fda36c46a45cbec  -0.600000  2.302173          5            5.600000          0.411102
                        bevans4243   1.500000  3.696846          4            9.000000          0.410761
                            hcogan  -2.166667  3.763863          6            9.166667          0.410603
                          Berardia  -1.444444  2.006932          9            4.888889          0.410509
                           ggoodbr  -0.294118  3.836742         17            9.352941          0.410218
                          cassilly   2.000000  3.937004          5            9.600000          0.410105
not-logged-in-1b4bd3cb13643dd06bbf  -1.000000  1.690309          8            4.125000          0.409772
                       CristobalN1   1.000000  2.581989         13            6.307692          0.409340
not-logged-in-2cc4106a4346eb414290  -4.166667  3.816630          6            9.333333          0.408925
                             mstfa  -2.750000  2.927146         12            7.166667          0.408439
                           Hesperi  -0.444444  1.874974        162            4.592593          0.408260
               anarchyandmaybecake   0.000000  1.632993          4            4.000000          0.408248
                         marius_jo   0.241379  2.246508         29            5.517241          0.407180
                       VickiEisele -23.500000 13.435029          2           33.000000          0.407122
                        DiabloYeti  -1.027027  2.640354         37            6.486486          0.407055
                          herna874   0.285714  0.755929          7            1.857143          0.407039
                      mangomagic99   1.500000  2.509980          6            6.166667          0.407024
not-logged-in-bd7f22e4a7b73be237a1   0.400000  2.190890          5            5.400000          0.405720
                      Frankenspine  -1.111111  2.027588          9            5.000000          0.405518
                          Lambchop  -1.333333  3.511885          3            8.666667          0.405217
                          menglert  -2.333333  4.041452          3           10.000000          0.404145
not-logged-in-1650f8d1191aa1bee288   0.000000  1.414214          2            3.500000          0.404061
                     diyapatel2504  -4.000000  2.828427          2            7.000000          0.404061
                parmagnus_utep1092  -2.000000  2.828427          2            7.000000          0.404061
                          gheitler  -1.000000  1.414214          2            3.500000          0.404061
                         adelelaas   2.000000  1.414214          2            3.500000          0.404061
not-logged-in-bc97111d9fec127f0e00  -1.000000  2.828427          2            7.000000          0.404061
not-logged-in-cfa6136889b9e5a54818   2.000000  1.414214          2            3.500000          0.404061
                          chowlett  -2.000000  2.828427          2            7.000000          0.404061
not-logged-in-43cf636de21490c6ada7  -1.000000  1.414214          2            3.500000          0.404061
not-logged-in-76616b7397fb6e4889b6  -1.000000  1.414214          2            3.500000          0.404061
                          Marlo134  -3.000000  2.828427          2            7.000000          0.404061
                       RonaldW1991  -1.000000  1.414214          2            3.500000          0.404061
not-logged-in-f5c165878f32e6b29378  -2.000000  2.828427          2            7.000000          0.404061
                            forprd  -4.000000  5.656854          4           14.000000          0.404061
                        secondbase  -3.000000  4.242641          2           10.500000          0.404061
                     Hunter_specht  -3.000000  4.242641          2           10.500000          0.404061
                 besicim-microsoft   0.555556  2.242271          9            5.555556          0.403609
                            cshoji   1.250000  2.217356          4            5.500000          0.403156
                       ahadabdulk6  -0.250000  2.217356          4            5.500000          0.403156
                             rsm26   0.040000  1.337909         25            3.320000          0.402985
                           ekang46   0.363636  3.074824         11            7.636364          0.402656
                          luker914  -0.250000  1.707825          4            4.250000          0.401841
not-logged-in-609b1d814c269db44827  -1.333333  3.214550          3            8.000000          0.401819
                           m57ring   2.571429  3.154739          7            7.857143          0.401512
                        DrummerBoi  -0.461538  1.050031         13            2.615385          0.401482
                          V1ctorXu  -0.800000  1.923538          5            4.800000          0.400737
                          do123456  -2.222222  2.223611          9            5.555556          0.400250
              tendernessxanadu2007  -0.468468  1.762332        111            4.405405          0.400039
                      BingusMingus  -2.750000  2.500000          4            6.250000          0.400000
                        Joyce.zhao   0.000000  2.000000          3            5.000000          0.400000
                       AiswaryaK02  -3.000000  1.732051          3            4.333333          0.399704
                             ATZ00  -6.500000  3.696846          4            9.250000          0.399659
                         Aidsapaz2  -2.500000  2.677063         10            6.700000          0.399562
                     NeenLancaster  -1.800000  3.033150          5            7.600000          0.399099
                 ElaynaKitchener11  -0.333333  2.516611          3            6.333333          0.397360
                          mg19acri  -2.285714  3.450328          7            8.714286          0.395939
not-logged-in-a8fa708b69669e88e6dc  -0.142857  2.035401          7            5.142857          0.395772
                    maxsmolianov11  -2.000000  3.559026          4            9.000000          0.395447
not-logged-in-72cdf98f2c3f405172d4   0.000000  1.581139          9            4.000000          0.395285
                        ellakimyun   1.000000  3.162278          4            8.000000          0.395285
                          sdalbyal   1.400000  1.341641          5            3.400000          0.394600
                           post-it   0.400000  1.681836         15            4.266667          0.394180
                         gmarcozzi  -1.991071  2.672838        112            6.785714          0.393892
                       BridgetZhao   1.500000  3.535534          2            9.000000          0.392837
not-logged-in-c3aa1ce9a078f6df87ed   5.500000  3.535534          2            9.000000          0.392837
                      MaxBielstein  -1.333333  2.160247          6            5.500000          0.392772
not-logged-in-d3fbd6acb06db17f68c7   0.000000  2.943920          4            7.500000          0.392523
not-logged-in-995702a6bf2cf7ab9a35   0.600000  0.547723          5            1.400000          0.391230
not-logged-in-fe7b36a9e6c78644054f  -0.200000  1.643168          5            4.200000          0.391230
                         logintttt  -1.500000  3.156190         14            8.071429          0.391032
                        brodynoble   1.666667  2.081666          3            5.333333          0.390312
                    writetoamrutha   0.333333  2.081666          3            5.333333          0.390312
                     Syeda_Sumaiya  -2.000000  2.828427          4            7.250000          0.390128
                          costcowc   0.800000  1.788854          5            4.600000          0.388881
not-logged-in-c3aff9a574fe10421244  -0.571429  2.471819         14            6.357143          0.388825
                            ycycyc  -0.500000  1.603567          8            4.125000          0.388744
                       jillian.k.a  -1.800000  3.122078         20            8.050000          0.387836
                          Gantheon  -0.437500  4.603893         16           11.875000          0.387696
                          orionlee  -1.500000  2.859006         24            7.375000          0.387662
                         coltonnll  -1.571429  3.598942          7            9.285714          0.387578
                         urbanohno  -0.500000  3.872983          4           10.000000          0.387298
                       Freakishley  -1.000000  2.390457         22            6.181818          0.386692
            Crab_of_Dubious_Origin   0.000000  2.677063         13            6.923077          0.386687
                        Wardeayd78  -0.722222  2.211801         36            5.722222          0.386528
                           RSRenee  -2.333333  3.214550          3            8.333333          0.385746
                          dmil3230   1.500000  2.121320          2            5.500000          0.385695
                          s.vahedi   1.500000  2.121320          2            5.500000          0.385695
                         Mr.Newton  -1.500000  2.121320          2            5.500000          0.385695
                   NurulHudaCheDin  -2.500000  2.121320          2            5.500000          0.385695
                             MaggD   0.000000  4.242641          2           11.000000          0.385695
not-logged-in-e6d8edc748d6833ca641  -0.500000  2.121320          2            5.500000          0.385695
                            cakell  -6.000000  8.485281          2           22.000000          0.385695
                         bsramming  -4.500000  6.363961          2           16.500000          0.385695
                             ErenB  -0.500000  1.927248          8            5.000000          0.385450
not-logged-in-5eee50402dfb7a892da0   0.333333  1.154701          3            3.000000          0.384900
                         dgarcia29   0.333333  1.154701          3            3.000000          0.384900
                             JR40K   0.666667  1.154701          3            3.000000          0.384900
not-logged-in-e21bb51326a28fc4d9ee  -1.333333  2.309401          3            6.000000          0.384900
                          Oskagill  -2.240000  3.971566         25           10.320000          0.384842
                         srosen121  -0.750000  2.500000          4            6.500000          0.384615
                          Nishargo  -1.818182  1.990888         11            5.181818          0.384207
                    Andratuttobene   0.285714  1.728876         14            4.500000          0.384195
                    Laoaxaquena_73   0.500000  4.123106          4           10.750000          0.383545
                          FyshFynn  -0.600000  2.186080         20            5.700000          0.383523
                      nicolecatlin  -0.666667  1.527525          3            4.000000          0.381881
                            NWorld   0.666667  1.527525          3            4.000000          0.381881
                            Meli82  -1.333333  1.527525          3            4.000000          0.381881
                     AlexCostco346  -1.333333  1.527525          3            4.000000          0.381881
                    ShivamPundir23   0.666667  1.527525          3            4.000000          0.381881
                          jjvdelft   1.666667  1.527525          3            4.000000          0.381881
not-logged-in-d2406a3fcbeefd02d801  -1.333333  1.527525          3            4.000000          0.381881
                           Joey522   0.400000  6.107373          5           16.000000          0.381711
                            Araven  -1.500000  4.949747          2           13.000000          0.380750
                       OtherBrohan  -1.666667  1.966384          6            5.166667          0.380590
                          Dreaded1   1.285714  2.870208          7            7.571429          0.379084
            Verizon-ConnorCorcoran   0.090909  1.687745         22            4.454545          0.378882
                        DarrenZhou  -0.759259  2.207376         27            5.833333          0.378407
                     Mercerscraven   0.000000  2.000000          7            5.285714          0.378378
                           dwarfiu  -3.750000  3.304038          4            8.750000          0.377604
                          Trillbee  -0.333333  2.516611          3            6.666667          0.377492
                        Grace_2021  -3.400000  4.979960          5           13.200000          0.377270
not-logged-in-83ccece2d5a7310bdcd7  -2.000000  2.828427          2            7.500000          0.377124
                      Moore2151423  -2.000000  2.828427          2            7.500000          0.377124
                    VanessaJeffery   1.000000  1.414214          4            3.750000          0.377124
                          AChrisos   2.000000  2.828427          2            7.500000          0.377124
not-logged-in-2b5867917b939ebbe723  -2.000000  2.828427          2            7.500000          0.377124
                          ltoberts   0.140845  1.456961         71            3.873239          0.376161
                         SabrinaHG  -0.312500  3.239727         16            8.625000          0.375621
                             Cas54   0.000000  1.000000          3            2.666667          0.375000
                      hollishanson   0.000000  2.000000          3            5.333333          0.375000
                            JNB023   0.000000  1.000000          3            2.666667          0.375000
                        Zklusoczky  -6.750000  4.500000          4           12.000000          0.375000
not-logged-in-eb2a2b8206fe305e9834  -1.000000  3.559026          4            9.500000          0.374634
                    Charlie.Nelson   0.000000  2.683282          6            7.166667          0.374411
not-logged-in-4b9ba187e4b7a75b4ab9  -4.333333  5.859465          3           15.666667          0.374008
                 parmagnus_utep790  -3.894737  4.382981         19           11.736842          0.373438
                        cluciano15  -2.666667  4.725816          3           12.666667          0.373091
                          Attitude  -6.500000  3.535534          2            9.500000          0.372161
                         Rosenburg  -3.500000  3.535534          2            9.500000          0.372161
                        Alice-R412  -0.300000  1.525226         20            4.100000          0.372006
                       outdated192  -1.321429  2.495234         28            6.714286          0.371631
                         ryanfairf  -0.777778  1.855921          9            5.000000          0.371184
                          ZackaryP  -1.000000  1.732051          3            4.666667          0.371154
                          jboygod5  -0.666667  1.669694         12            4.500000          0.371043
                      uleadscholar  -1.562500  2.804015         16            7.562500          0.370779
                       OregonBlu01  -0.125000  1.436141          4            3.875000          0.370617
                austinocampbell340   0.764706  1.786386         17            4.823529          0.370348
                     kelenajohnson  -1.666667  2.549510          9            6.888889          0.370090
                             Briss  -2.300000  4.217688         10           11.400000          0.369973
                   SitiZulaikaCLVT  -1.950000  2.754484         40            7.450000          0.369729
                      amydelgadocl  -0.111111  1.763834          9            4.777778          0.369175
                            rcran2   0.500000  1.290994          4            3.500000          0.368856
                        mchervenak  -0.500000  1.630951         26            4.423077          0.368737
not-logged-in-bdf3464f5a568875dbc4  -0.800000  1.619328         10            4.400000          0.368029
                             Majdt   0.100000  1.728840         10            4.700000          0.367838
                            mmurdo   0.571429  3.047247          7            8.285714          0.367771
                              Eh0s  -1.062500  1.768945         16            4.812500          0.367573
                       ENGELBErt22  -2.333333  2.081666          3            5.666667          0.367353
                        cutelyzhao  -0.687500  2.914761         16            7.937500          0.367214
                      ClaireIrvine  -1.750000  2.753785          4            7.500000          0.367171
                   jonaskikkenborg  -1.250000  2.474874          2            6.750000          0.366648
                    Jorge14Pudding  -1.666667  3.472838         12            9.500000          0.365562
                           mai0218   0.500000  4.203173          4           11.500000          0.365493
                           smevans  -0.200000  1.095445          5            3.000000          0.365148
                            SighKo   1.200000  1.095445          5            3.000000          0.365148
                            IH5845  -0.666667  1.581139          9            4.333333          0.364878
                           Lusa_71  -0.111111  1.012739         27            2.777778          0.364586
                          kathyluo  -0.125000  1.879430         32            5.156250          0.364496
                     NicolaPenfold  -0.576923  1.827064         78            5.025641          0.363548
                        marcus0619   0.750000  2.362908          4            6.500000          0.363524
                          w3walker   6.000000  5.196152          3           14.333333          0.362522
not-logged-in-1bdc4f9a47e48495fb47   1.428571  2.992053          7            8.285714          0.361110
                          jiml0814   0.000000  2.645751          3            7.333333          0.360784
                          SHIV1314   0.000000  2.645751          3            7.333333          0.360784
                       Kauppakassi   0.128205  1.239259         39            3.435897          0.360680
                       alex25pinho  -0.222222  1.922094          9            5.333333          0.360393
                           WMoose7   0.000000  1.224745          5            3.400000          0.360219
                         Antaniyan  -1.600000  2.880972          5            8.000000          0.360122
                           Kingles  -0.285714  1.799471          7            5.000000          0.359894
                        Penguin433  -1.666667  2.678894         18            7.444444          0.359851
                    OlisaOgbonnaya  -4.750000  5.123475          4           14.250000          0.359542
                          frogz000  -0.777778  1.437136         18            4.000000          0.359284
                 parmagnus_epcc060   6.142857  3.484660          7            9.714286          0.358715
                   PriyankaMoorthy   1.900000  2.330951         10            6.500000          0.358608
                     staciemartin1  -1.000000  2.329929          8            6.500000          0.358451
not-logged-in-b1e1f249264b90d28789  -0.200000  1.788854          5            5.000000          0.357771
                              FFJV   0.800000  1.751190         10            4.900000          0.357386
                 parmagnus_epcc091  -6.666667  7.023769          3           19.666667          0.357141
                     torrin.kemble   0.851515  1.564882        165            4.384848          0.356884
                        Whimsigoth  -1.769231  2.385856         13            6.692308          0.356507
                     Shane_Carroll  -0.800000  1.923538          5            5.400000          0.356211
                        mmurphy778  -0.200000  2.261811         20            6.350000          0.356191
                             kymia  -2.000000  2.966479          6            8.333333          0.355978
                        zbartolone   2.666667  4.618802          3           13.000000          0.355292
not-logged-in-1df2d7494b99a8415d13   0.833333  1.834848          6            5.166667          0.355132
                         pandriole   0.000000  1.549193         11            4.363636          0.355023
not-logged-in-81021ba0cb52f8da8f44   0.259259  2.625212         27            7.407407          0.354404
                            egeest  -1.000000  2.828427          2            8.000000          0.353553
                          Jayabati   0.500000  0.707107          2            2.000000          0.353553
                          dinberna  -1.000000  1.414214          2            4.000000          0.353553
                       bibekpandey   0.500000  0.707107          2            2.000000          0.353553
                           buggy_V   0.500000  0.707107          2            2.000000          0.353553
not-logged-in-bec7b360d541344a490d   7.000000  2.828427          2            8.000000          0.353553
                 JenniferMendoza46  -0.500000  0.707107          2            2.000000          0.353553
                       Heliognomos   2.500000  0.707107          2            2.000000          0.353553
                        zielinskic  -1.000000  2.828427          2            8.000000          0.353553
                       dodgecaudle   1.000000  1.414214          2            4.000000          0.353553
                     Akashatraj7D5  -0.500000  0.707107          2            2.000000          0.353553
                       cmswindells   0.500000  0.707107          2            2.000000          0.353553
                        trujillD45   0.500000  0.707107          2            2.000000          0.353553
                        iquiriarte   0.500000  0.707107          2            2.000000          0.353553
not-logged-in-96468dea6a15ac3e5ff4  -2.000000  2.828427          2            8.000000          0.353553
                          chibisoz  -0.500000  0.707107          2            2.000000          0.353553
                  MatheusMeirelles   1.500000  0.707107          2            2.000000          0.353553
                            Muhsha   0.500000  0.707107          2            2.000000          0.353553
                      orion-sirius   0.500000  0.707107          2            2.000000          0.353553
not-logged-in-8657b44c64d0246adc7b  -0.500000  0.707107          2            2.000000          0.353553
not-logged-in-2429722ec66d52d4f68a  -0.500000  0.707107          2            2.000000          0.353553
                          Siying_Z  -0.500000  0.707107          2            2.000000          0.353553
                          purcel02   3.500000  3.535534          2           10.000000          0.353553
                          Sreenika   0.500000  0.707107          2            2.000000          0.353553
not-logged-in-fa948decf1590c0ee89a   0.500000  0.707107          2            2.000000          0.353553
                       sandrajaime  -0.500000  0.707107          2            2.000000          0.353553
not-logged-in-0a92b5f3b5344f45995a   9.500000  0.707107          2            2.000000          0.353553
not-logged-in-e0c1387d84ec1ea5316b   1.000000  2.828427          2            8.000000          0.353553
                         rocky1221   1.000000  1.414214          2            4.000000          0.353553
not-logged-in-0573a205d723e4895954  -0.500000  0.707107          2            2.000000          0.353553
not-logged-in-03e3b333951118166214  -1.000000  1.414214          2            4.000000          0.353553
                     mshendock8855   4.000000  1.414214          2            4.000000          0.353553
                   senaaliciyilmaz   3.500000  0.707107          2            2.000000          0.353553
                            mka015  -0.500000  0.707107          2            2.000000          0.353553
not-logged-in-e6f30eed87cf64ef9042   5.000000  1.414214          2            4.000000          0.353553
                          _Archana   3.000000  1.414214          2            4.000000          0.353553
not-logged-in-4df1b311850d5745a47e   1.000000  1.414214          2            4.000000          0.353553
                          mbecks73  -0.500000  0.707107          2            2.000000          0.353553
not-logged-in-329af65b78d9ee1d3f1f  -1.000000  1.414214          2            4.000000          0.353553
                         sstoehr05   0.500000  0.707107          2            2.000000          0.353553
                            Ljmu94   0.500000  0.707107          2            2.000000          0.353553
                            ShinyN   1.500000  2.121320          2            6.000000          0.353553
                       Galahad1155  -3.000000  4.242641          2           12.000000          0.353553
                          callocca  -1.500000  2.121320          2            6.000000          0.353553
                       johnathanab  -1.500000  2.121320          2            6.000000          0.353553
                       Setidave722   0.500000  2.121320          2            6.000000          0.353553
                         Spelkey22   1.250000  1.500000          4            4.250000          0.352941
                          Mayagrit   0.000000  2.000000          3            5.666667          0.352941
                            sshinu  -2.333333  1.527525          3            4.333333          0.352506
not-logged-in-c57007dc3432ef3898e3  -0.666667  1.527525          3            4.333333          0.352506
                              tyon   1.666667  1.527525          3            4.333333          0.352506
                           SimonaK  -0.333333  1.527525          3            4.333333          0.352506
                          JulieA16  -0.384615  1.325296         13            3.769231          0.351609
                         Pamdabear  -1.333333  4.273952          6           12.166667          0.351284
                        scootwhoma  -0.666667  2.160247          6            6.166667          0.350310
not-logged-in-48cb2424349d92e80e42  -0.125000  3.833592          8           11.000000          0.348508
                          jdonov06   0.181818  0.981650         11            2.818182          0.348327
                            djeary  -0.611111  1.219062          9            3.500000          0.348303
                           tayma58  -0.300000  2.263233         10            6.500000          0.348190
                          timofeev  -0.013462  2.411125        260            6.928846          0.347984
                      danielruppel  -0.250000  3.304038          4            9.500000          0.347793
                     Ralf_Blechner   1.142857  2.035401          7            5.857143          0.347507
                          Caroisel  -0.500000  1.485704         42            4.285714          0.346664
not-logged-in-36921c0557fcd094e5c8  -0.045455  0.960587         11            2.772727          0.346441
                        lilyeckert   0.666667  0.577350          3            1.666667          0.346410
                    nelafromdurres   0.666667  1.154701          3            3.333333          0.346410
not-logged-in-5279ca99244ba68c66cf   0.666667  0.577350          3            1.666667          0.346410
                         yudus2003   0.666667  1.154701          3            3.333333          0.346410
                           xuanliu   0.666667  1.154701          3            3.333333          0.346410
                        willputman   0.333333  0.577350          3            1.666667          0.346410
not-logged-in-36787dbc4478a3540830   0.333333  0.577350          3            1.666667          0.346410
not-logged-in-c7e8a24f71e9d10f261a   0.000000  1.732051          3            5.000000          0.346410
                     mkthompson808  -3.000000  3.464102          3           10.000000          0.346410
                           2123042   1.333333  0.577350          3            1.666667          0.346410
not-logged-in-7b99b9f922da17236b7d  -3.750000  4.500000          4           13.000000          0.346154
not-logged-in-b738883f514d9f1f98d3   1.000000  2.645751          3            7.666667          0.345098
not-logged-in-a17aab917ff3e1daf400  -1.000000  1.809068         12            5.250000          0.344584
                      nerdy-nessie  -1.250000  1.892969          4            5.500000          0.344176
                           hkb5509   0.250000  1.405347          6            4.083333          0.344167
                       jaynaprince  -2.000000  2.598076          9            7.555556          0.343863
                    ShannonScanlon  -0.359504  2.323093        121            6.756198          0.343846
                         srushti12  -2.666667  2.291288          9            6.666667          0.343693
                            vper83   0.166667  0.935414          9            2.722222          0.343622
not-logged-in-8cf84f28ca0524e77112  -3.750000  3.862210          4           11.250000          0.343308
                        dennypayne   0.555556  1.333333          9            3.888889          0.342857
                             Benhs  -0.200000  1.643168          5            4.800000          0.342327
                       Gracemorris  -0.200000  1.207122         15            3.533333          0.341638
           teachingandlearninglabs  -0.428571  1.902379          7            5.571429          0.341453
                         RoyZoolan  -3.500000  4.949747          2           14.500000          0.341362
                            blandx   0.812500  1.556954          8            4.562500          0.341250
                         mcgrathme   1.111111  1.364225          9            4.000000          0.341056
                   dancinastrophys  -5.000000  5.567764          3           16.333333          0.340884
not-logged-in-64e6cd930bd4a4ac33ce   0.714286  2.138090          7            6.285714          0.340151
                     hannahjones21   0.400000  2.302173          5            6.800000          0.338555
                      Ahmed_Hashim  -0.125000  2.031010          8            6.000000          0.338502
not-logged-in-672b4bd80040dd9ac4d5   1.444444  3.004626          9            8.888889          0.338020
                         akash2004   0.000000  3.464102          4           10.250000          0.337961
                       ldesalvo102   0.541667  1.999547         24            5.916667          0.337952
                       Biologynerd   0.444444  1.013794          9            3.000000          0.337931
                       ScoobyDoo20  -1.000000  1.154701          7            3.428571          0.336788
                      laurenpalmer  -3.500000  3.535534          2           10.500000          0.336718
                    buckleydiaz444  -2.500000  3.535534          2           10.500000          0.336718
                          robsch87   0.111111  1.269296          9            3.777778          0.335990
not-logged-in-386bd5ca6fd533ec59b3   0.111111  1.269296          9            3.777778          0.335990
                 parmagnus_utep851   1.428571  2.299068          7            6.857143          0.335281
not-logged-in-cbbcef0cd986501e8ea7  -0.500000  6.363961          2           19.000000          0.334945
                      PaulTheFoool   0.000000  1.870829          5            5.600000          0.334077
                          thienm26  -0.500000  1.224745          6            3.666667          0.334021
not-logged-in-79c4575d0919091a7994   0.000000  1.000000          3            3.000000          0.333333
                          kthwe002   1.000000  1.000000          3            3.000000          0.333333
not-logged-in-7828962fa9df6acc99b4   0.000000  1.000000          3            3.000000          0.333333
not-logged-in-d0ef75f05208ef5a2582   1.250000  2.500000          4            7.500000          0.333333
                      nancy.zebian  -1.000000  2.000000          4            6.000000          0.333333
                      Ian_Snowball   0.000000  1.000000          3            3.000000          0.333333
                         mlkmelike   0.000000  1.000000          3            3.000000          0.333333
                       Saint.Maria   0.000000  1.000000          3            3.000000          0.333333
not-logged-in-c74344bdbe07a3df2873   0.500000  1.000000          4            3.000000          0.333333
                        lyeadon755  -0.696970  2.480988         33            7.454545          0.332816
                           mbird33  -1.000000  2.828427          2            8.500000          0.332756
not-logged-in-da0f89307498908ab223  -1.000000  2.828427          2            8.500000          0.332756
not-logged-in-4749dd3fc9e0e008ad12  -2.500000  3.271085          6            9.833333          0.332653
                      _karlytucker   0.000000  2.160247          4            6.500000          0.332346
                    Frankie_karmaa  -0.833333  1.329160          6            4.000000          0.332290
                             ryeee  -0.250000  1.356801         12            4.083333          0.332278
                        JacobDusza  -1.062500  1.971901          8            5.937500          0.332110
                     Katya_Coleman  -0.979167  1.735055         24            5.229167          0.331803
                         rjz304115  -0.966258  2.614141        163            7.880368          0.331728
not-logged-in-c862f4fe261379fa48b7  -0.200000  1.788854          5            5.400000          0.331269
                      RobinMaroska  -2.000000  2.645751          3            8.000000          0.330719
                     Lucyrussell18   0.750000  1.488048          8            4.500000          0.330677
                           kenzeyc  -0.333333  2.804758          6            8.500000          0.329972
                         astridmae  -0.666667  2.309401          3            7.000000          0.329914
                          Spacelvr  -2.666667  3.511885          3           10.666667          0.329239
                       fallonfrank   0.750000  2.629956          4            8.000000          0.328744
not-logged-in-fafbee07fd79240faffd  -0.333333  2.081666          3            6.333333          0.328684
                      Angelicavera  -2.750000  2.217356          4            6.750000          0.328497
                            Amna00  -1.750000  2.872281          4            8.750000          0.328261
                        ImaanAli11  -2.750000  3.774917          4           11.500000          0.328254
                 parmagnus_utep737  -2.333333  2.516611          3            7.666667          0.328254
                             Oupwo   1.294118  2.084607         17            6.352941          0.328133
                           ACCobra   0.222222  1.201850          9            3.666667          0.327777
                        soph__reed   0.583333  1.629237         18            4.972222          0.327668
                          SherryYJ   0.571429  2.760262          7            8.428571          0.327489
not-logged-in-0b953464a23a7976250e  -0.666667  1.527525          3            4.666667          0.327327
                        dechenphub  -1.333333  1.527525          3            4.666667          0.327327
                      AstronutMike   4.000000  4.582576          3           14.000000          0.327327
                      cvillanueva3  -1.333333  1.527525          3            4.666667          0.327327
                           am11204  -1.875000  2.695896          8            8.250000          0.326775
                   MaddoxMcMurray_   2.000000  1.632993          4            5.000000          0.326599
                 parmagnus_epcc081  -0.666667  4.082483          6           12.500000          0.326599
                    Whoandwhatitis  -0.500000  2.121320          2            6.500000          0.326357
                    JUANITARODGERS  -0.500000  2.121320          2            6.500000          0.326357
not-logged-in-0010d4e2c9d05654fc9c   1.500000  2.121320          2            6.500000          0.326357
                         cadevenuk   0.285714  1.325987         14            4.071429          0.325681
                         Giss_Saji   1.000000  1.732051          3            5.333333          0.324760
                      AlaricForman  -1.000000  1.732051          3            5.333333          0.324760
                          helicity  -1.000000  1.732051          3            5.333333          0.324760
                         morganr13   4.000000  1.732051          3            5.333333          0.324760
not-logged-in-28aefd5eb2dcce502055  -1.300000  2.110819         10            6.500000          0.324741
not-logged-in-1e62fbaf3d2bfba987d1   0.375000  2.065879          8            6.375000          0.324059
                         tblas7502  -1.777778  3.456074          9           10.666667          0.324007
                     shriyakalyani  -2.800000  4.207137          5           13.000000          0.323626
not-logged-in-2be510f8e69ae9c1077b   1.800000  2.387467          5            7.400000          0.322631
                         Charles_2  -0.666667  1.154701         12            3.583333          0.322242
                       Ginja-Ninja  -0.555556  3.416607         18           10.611111          0.321984
                        FynnAllmon  -0.200000  0.836660          5            2.600000          0.321792
                         gorikm505  -2.000000  2.828427          5            8.800000          0.321412
not-logged-in-7dfdf9406f29fa48cbc1   0.000000  0.707107          5            2.200000          0.321412
                          Lk.09.02  -3.500000  3.535534          2           11.000000          0.321412
                     mkmorgandisco   1.666667  2.886751          3            9.000000          0.320750
                     oliviahunt616  -2.500000  2.081666          4            6.500000          0.320256
                            tparis  -2.600000  2.880972          5            9.000000          0.320108
                       brandy.sith  -1.000000  2.160247          4            6.750000          0.320037
                         LYoshioka   0.600000  0.894427          5            2.800000          0.319438
                           Tessa_C  -1.200000  1.788854          5            5.600000          0.319438
                         Melanie_S  -0.689655  1.365479         29            4.275862          0.319346
                             Hyden   0.833333  1.329160          6            4.166667          0.318998
                        Glamet1405  -1.357143  2.437121         14            7.642857          0.318876
                          Sammy_06   0.700000  1.303840          5            4.100000          0.318010
                         reneezray  -1.125000  0.991031          8            3.125000          0.317130
                    mollymorrison7  -0.758621  1.661651         29            5.241379          0.317026
not-logged-in-9fc4a98a764974b4b3ba  -0.571429  1.988060          7            6.285714          0.316282
not-logged-in-b389eff8009d4ecb2bb5  -1.000000  2.000000          3            6.333333          0.315789
                   camilaarredondo  -1.250000  1.500000          4            4.750000          0.315789
                     MarisaGiles82  -0.400000  2.966479          5            9.400000          0.315583
not-logged-in-c0c06f24480ba5838478  -0.666667  1.154701          3            3.666667          0.314918
                            TyJGNC  -0.666667  1.154701          3            3.666667          0.314918
                       Nayasabrina  -1.333333  2.309401          3            7.333333          0.314918
                        Lovesdaryl  -0.666667  1.154701          3            3.666667          0.314918
                     Lordofthepies   0.250000  1.258306          4            4.000000          0.314576
not-logged-in-3a0855cdb921416851f0  -1.000000  1.414214          2            4.500000          0.314270
                             an038  -1.000000  1.414214          2            4.500000          0.314270
                      easonchiu617   1.000000  2.828427          2            9.000000          0.314270
                            jas23u   2.000000  2.828427          2            9.000000          0.314270
not-logged-in-a7bea6290647bfb5acec  -1.000000  1.414214          2            4.500000          0.314270
                    SpaceyJane1959   2.000000  1.414214          2            4.500000          0.314270
not-logged-in-dc6f22ef9631ea9c9707   0.000000  2.828427          2            9.000000          0.314270
                         crowcalll  -1.000000  1.414214          2            4.500000          0.314270
                            Jasnaa   3.000000  4.242641          2           13.500000          0.314270
                          RejaBear  -0.375000  1.060660          8            3.375000          0.314270
                            majakb   5.000000  4.242641          2           13.500000          0.314270
                 parmagnus_utep060  -1.727273  3.797128         11           12.090909          0.314048
                       Luckshana06  -0.117647  1.586362         17            5.058824          0.313583
                         boltcrank  -0.321839  1.186104         87            3.793103          0.312700
                        liam_vans_  -0.333333  2.081666          3            6.666667          0.312250
not-logged-in-973986d69648216108ab   1.666667  2.081666          3            6.666667          0.312250
                      Nomad_Purple   0.323529  3.530851         17           11.323529          0.311815
                       Will.Napoli  -0.714286  1.603567          7            5.142857          0.311805
                            lmm047   0.200000  1.932184         10            6.200000          0.311643
                          Astro371   0.363636  1.501514         11            4.818182          0.311635
                            medelm   0.285714  0.755929          7            2.428571          0.311265
                          rodym317   0.714286  0.755929          7            2.428571          0.311265
                          Veranika   0.857143  1.864454          7            6.000000          0.310742
               arkansasstudent1122  -0.900000  1.516575          5            4.900000          0.309505
                   hayleysolorzano   0.000000  1.414214          7            4.571429          0.309359
                           Reihane  -1.666667  2.886751          3            9.333333          0.309295
                       Aparajethaa  -0.550000  1.731291         20            5.600000          0.309159
                   monicaschneider   1.000000  2.160247          4            7.000000          0.308607
                     Followthathat  -0.500000  0.925820          8            3.000000          0.308607
                      Annawhitaker   2.000000  1.154701          4            3.750000          0.307920
                        swillas515  -2.500000  3.535534          2           11.500000          0.307438
                        LangThomas  -2.500000  3.535534          2           11.500000          0.307438
                           Shard06  -1.666667  2.658320          6            8.666667          0.306729
                 izabellescheffler   0.269231  2.108226         26            6.884615          0.306223
                        BIGfoot496   0.571429  0.786796          7            2.571429          0.305976
                Verizon-MasonLucas  -0.857143  1.833750         14            6.000000          0.305625
                         Kellan815  -0.156250  1.833547         32            6.000000          0.305591
not-logged-in-dc4422ef2d41c89ab1f0  -2.333333  1.527525          3            5.000000          0.305505
not-logged-in-6e38aa7e1b538cfd0f4a   1.333333  1.527525          3            5.000000          0.305505
                          Sunny963  -0.333333  1.527525          3            5.000000          0.305505
                            Jb2205  -0.333333  1.527525          3            5.000000          0.305505
not-logged-in-4f2146ac99ecb1a26433  -1.333333  3.055050          3           10.000000          0.305505
                          LunaLuna   0.833333  1.169045          6            3.833333          0.304968
                      DBEIERSDORF1  -2.333333  4.163332          3           13.666667          0.304634
                        mikealsb05  -0.842105  2.115109         19            6.947368          0.304447
                              1A2B  -1.000000  1.264911          6            4.166667          0.303579
                       Vaishpati20  -4.500000  2.121320          2            7.000000          0.303046
                 elisabethkraft207  -2.500000  2.121320          2            7.000000          0.303046
                        swim_shady  -7.000000  4.242641          2           14.000000          0.303046
                           lleckey  -0.500000  2.121320          2            7.000000          0.303046
                       Isabella425  -2.500000  2.121320          2            7.000000          0.303046
                         GabbyBell  -0.625000  1.060660          8            3.500000          0.303046
not-logged-in-17d2e617c671555a590e  -0.500000  2.121320          2            7.000000          0.303046
                           JeanneS   0.142857  0.690066          7            2.285714          0.301904
                      WilliamForet  -1.000000  1.870829          5            6.200000          0.301747
                   matthew.j.young  -2.833333  2.714160          6            9.000000          0.301573
                          JohnMohl  -2.333333  2.309401          3            7.666667          0.301226
                        takoyaki97   3.000000  2.828427          5            9.400000          0.300897
not-logged-in-77e084147c557a001417   1.000000  1.000000          3            3.333333          0.300000
                       tunnelbanan   0.000000  1.000000          3            3.333333          0.300000
                      MichanOBrien   1.000000  1.000000          3            3.333333          0.300000
                           MrSokol  -1.000000  1.897367          6            6.333333          0.299584
                            aytrxi  -0.827273  2.299795         55            7.681818          0.299382
not-logged-in-0f6c8cf7c14ca850a572  -4.000000  2.828427          2            9.500000          0.297729
                          sirius.e  -3.000000  5.656854          2           19.000000          0.297729
not-logged-in-580954285c29a340945d   3.750000  2.753785          4            9.250000          0.297707
                     shernandez162  -0.875000  2.900123          8            9.750000          0.297449
                           cmccoy3  -0.666667  2.081666          3            7.000000          0.297381
not-logged-in-1aec3ec3cd94a6d7b0cb  -1.666667  2.081666          3            7.000000          0.297381
                         PiperYork   0.375000  1.923126         64            6.468750          0.297295
                              _Ava   0.250000  2.712405          8            9.125000          0.297250
not-logged-in-f0558cbb38ff3f70c6af  -0.857143  1.951800          7            6.571429          0.297013
not-logged-in-ac60a56592b5c4cf8e18  -0.750000  1.707825          4            5.750000          0.297013
not-logged-in-639a92d4d852e6c7cb46   0.000000  0.816497          4            2.750000          0.296908
                            Veegee   1.000000  0.816497          4            2.750000          0.296908
not-logged-in-b00426baba844b3a70e3  -5.500000  6.363961          2           21.500000          0.295998
                   andrewwinkelman  -0.833333  2.316607          6            7.833333          0.295737
                          Haberley  -0.714286  1.603567          7            5.428571          0.295394
                           Anne_me   0.000000  0.707107          5            2.400000          0.294628
not-logged-in-3a18f7d53ae599a203f3   0.250000  0.957427          4            3.250000          0.294593
                        Dmitrii-29   0.076923  1.382120         13            4.692308          0.294550
                 parmagnus_epcc085   0.750000  2.314550          8            7.875000          0.293911
                          divedive  -0.428571  1.718249          7            5.857143          0.293360
                           Carly16  -5.000000  4.242641          2           14.500000          0.292596
                         sarslan07   4.000000  4.242641          2           14.500000          0.292596
                           argobel  -3.400000  4.325634         10           14.800000          0.292273
                         Pascal370  -0.272727  1.387359         88            4.750000          0.292076
                          JackDunn   0.777778  0.971825          9            3.333333          0.291548
                           solosmc  -3.000000  4.358899          3           15.000000          0.290593
not-logged-in-1b384815e510ce9ddf76   4.666667  2.516611          3            8.666667          0.290378
                         JessicaP2  -0.428571  0.786796          7            2.714286          0.289872
                          jleming8   0.000000  0.666667         10            2.300000          0.289855
not-logged-in-e72b84af3b56eb64c56e  -0.571429  1.902379          7            6.571429          0.289493
not-logged-in-716d5a5f649e6ef5b14c   0.333333  0.577350          3            2.000000          0.288675
                           Lotte90  -0.333333  0.577350          3            2.000000          0.288675
                    Loulou_Barcelo   0.666667  0.577350          3            2.000000          0.288675
                         pj_kinser  -1.333333  2.309401          3            8.000000          0.288675
                     sarahkargauer  -0.333333  0.577350          3            2.000000          0.288675
not-logged-in-be2f758e4995a0e0aae1  -0.666667  0.577350          3            2.000000          0.288675
                          Klivings   0.666667  1.154701          3            4.000000          0.288675
not-logged-in-4b7f0ae041418d52ab46  -1.666667  1.154701          3            4.000000          0.288675
not-logged-in-d96af47b219251520100  -1.333333  1.154701          3            4.000000          0.288675
                        HighSennar  -0.666667  1.154701          3            4.000000          0.288675
                         ManishaMS  -0.666667  0.577350          3            2.000000          0.288675
                             Jswli   0.333333  1.154701          3            4.000000          0.288675
                       Joe_Schmidt   0.666667  1.154701          3            4.000000          0.288675
not-logged-in-697759a248043805d301  -0.333333  0.577350          3            2.000000          0.288675
                     carolinec1234   0.333333  0.577350          3            2.000000          0.288675
not-logged-in-7a761a31e0c60f029bbc  -0.666667  0.577350          3            2.000000          0.288675
                 PositiveThinkTank  -0.500000  0.577350          4            2.000000          0.288675
                         banana105   0.500000  0.577350          4            2.000000          0.288675
                 parmagnus_utep247   1.500000  0.577350          4            2.000000          0.288675
                       Fuse2153137  -3.500000  7.778175          2           27.000000          0.288081
                          kgergely  -3.500000  7.778175          2           27.000000          0.288081
                         BryceRoRi   2.600000  3.049590          5           10.600000          0.287697
not-logged-in-d77f41d9eeccef097b1a  -0.500000  2.516611          4            8.750000          0.287613
                    SushantThinker  -1.333333  1.527525          3            5.333333          0.286411
                       hudsonw1234  -3.666667  1.527525          3            5.333333          0.286411
                          Farha523   0.375000  5.262740          8           18.375000          0.286408
                          johnch49   0.142857  0.899735          7            3.142857          0.286279
not-logged-in-18a6bad8de7714190829  -0.555556  1.589899          9            5.555556          0.286182
                            rooosa  -1.062500  1.806239         16            6.312500          0.286137
                         VATS_HERE  -0.750000  2.217356          4            7.750000          0.286110
                       kelliknight   0.250000  0.500000          4            1.750000          0.285714
not-logged-in-6055f83f8f24ab9d29da   0.250000  0.500000          4            1.750000          0.285714
not-logged-in-2add703e1add187683d0  -3.000000  2.000000          3            7.000000          0.285714
                         Bluemyrrh   0.000000  2.000000          3            7.000000          0.285714
                           GadyLag  -1.142857  1.345185          7            4.714286          0.285342
                      elladessimoz   0.000000  0.534522          8            1.875000          0.285079
                          tomato97  -0.312500  1.352467         16            4.750000          0.284730
not-logged-in-add2195b2975e16b639d   0.285714  0.487950          7            1.714286          0.284638
                       Camilaijarg  -0.062500  2.256710         32            7.937500          0.284310
                  alyinthearchives  -0.833333  1.940790          6            6.833333          0.284018
                          Damber44  -0.400000  1.816590          5            6.400000          0.283842
                       rikogamesko  -1.200000  1.303840          5            4.600000          0.283444
not-logged-in-e4549efe3d0b61ca3d57   3.000000  1.414214          2            5.000000          0.282843
                         Bracken04   1.000000  1.414214          2            5.000000          0.282843
                           jermjam   1.500000  0.707107          2            2.500000          0.282843
                          ViviFeng  -1.000000  1.414214          2            5.000000          0.282843
                  Australopithecus   1.000000  1.414214          2            5.000000          0.282843
not-logged-in-6268428387eaa8023dff   0.000000  1.414214          2            5.000000          0.282843
                          acook283  -2.000000  1.414214          2            5.000000          0.282843
                    chees3y_bees3y   0.000000  1.414214          2            5.000000          0.282843
                       WiltedLotus  -4.000000  5.656854          2           20.000000          0.282843
                          berndnik   1.000000  1.414214          2            5.000000          0.282843
                        beccapanda  -2.000000  2.828427          2           10.000000          0.282843
not-logged-in-71fd86b9f778fc29b16e   0.500000  0.707107          2            2.500000          0.282843
                               osc   0.500000  0.707107          2            2.500000          0.282843
                          Logman09   0.500000  0.707107          2            2.500000          0.282843
                          zircosil   0.500000  0.707107          2            2.500000          0.282843
                           enzo333   0.500000  0.707107          2            2.500000          0.282843
                              P.M.   0.500000  0.707107          2            2.500000          0.282843
                    biancadunsmore  -0.500000  0.707107          2            2.500000          0.282843
not-logged-in-6d47bf7aa293808488d6   0.500000  0.707107          2            2.500000          0.282843
                          dracones   0.500000  0.707107          2            2.500000          0.282843
                     SpaceMan_3000   0.000000  1.414214          2            5.000000          0.282843
not-logged-in-56afd560221bf5927eed  -0.500000  0.707107          2            2.500000          0.282843
                            eac21c   3.000000  1.414214          2            5.000000          0.282843
                   LaurenHughes314   1.000000  1.414214          2            5.000000          0.282843
not-logged-in-0eb259cc20f6060fa970   0.500000  0.707107          2            2.500000          0.282843
                           OMalouf   0.500000  0.707107          2            2.500000          0.282843
                            SkierQ   1.500000  2.121320          2            7.500000          0.282843
                AleksandraKrokhmal   0.250000  1.060660          2            3.750000          0.282843
                           mfv3223  -3.000000  1.414214          2            5.000000          0.282843
                   Courtney2107562  -1.500000  2.121320          2            7.500000          0.282843
                   Gonzales2152771   1.500000  0.707107          2            2.500000          0.282843
                      Magncheese97   2.000000  2.828427          2           10.000000          0.282843
                        oalldredge   0.500000  0.707107          2            2.500000          0.282843
                   Britanycalderon  -0.357143  1.150728         14            4.071429          0.282635
                        goldeneggo  -1.500000  2.380476          4            8.500000          0.280056
not-logged-in-0933410b8164ac740ea9  -3.200000  5.540758          5           19.800000          0.279836
not-logged-in-9de931d511e99cebc9e1  -0.250000  1.258306          4            4.500000          0.279623
not-logged-in-0726f0d642b923385095  -0.400000  0.894427          5            3.200000          0.279508
                          perrin10   0.200000  0.447214          5            1.600000          0.279508
                  tgershark11steph  -0.400000  0.894427          5            3.200000          0.279508
                         GregBemis  -1.000000  1.732051          5            6.200000          0.279363
                            zyxzwt   0.687500  1.099919          8            3.937500          0.279344
                           Travist  -0.500000  0.912871         13            3.269231          0.279231
                      FabioGalasso  -0.500000  0.836660          6            3.000000          0.278887
                     Susheel_kumar  -0.076923  1.115164         13            4.000000          0.278791
                          mpnieves  -0.375000  2.263846          8            8.125000          0.278627
                       KeithValdez  -1.000000  1.949359         11            7.000000          0.278480
                             Sniwa   0.307692  1.750458         13            6.307692          0.277512
                         SAngel007  -0.285714  0.951190          7            3.428571          0.277430
                     aevangelista5  -0.142857  1.069045          7            3.857143          0.277160
                       peabody2060   0.375000  0.517549          8            1.875000          0.276026
not-logged-in-9219becc62a48ddb4c77   0.500000  1.378405          6            5.000000          0.275681
                        CyberPlane   1.500000  4.949747          2           18.000000          0.274986
not-logged-in-8749f3fdde9b19c43dd9   0.800000  1.923538          5            7.000000          0.274791
                             elaby  -0.362637  1.345911         91            4.901099          0.274614
not-logged-in-098242692c8fc3ecd633   0.400000  0.547723          5            2.000000          0.273861
                       verosmorris   0.800000  1.095445          5            4.000000          0.273861
                            niunau  -0.100000  1.286684         10            4.700000          0.273763
                        Ananya_tia  -9.000000  4.242641          2           15.500000          0.273719
not-logged-in-ed46655bd4bb97ab66c8   1.250000  0.957427          4            3.500000          0.273551
                     ashleyakerman   0.750000  0.957427          4            3.500000          0.273551
                         Zhaobowen  -0.500000  0.500000          3            1.833333          0.272727
                       mehulghosal   1.000000  1.000000          3            3.666667          0.272727
                          mensinkj   1.000000  1.000000          3            3.666667          0.272727
                        paulhewett  -0.750000  1.500000          4            5.500000          0.272727
                           Sonia_B  -0.444444  1.424001          9            5.222222          0.272681
                          jcdeange   0.200000  0.788811         10            2.900000          0.272004
                    Ghanshyam_1234  -0.500000  3.535534          2           13.000000          0.271964
not-logged-in-2b6e6038a5d061b9eb4c   0.428571  1.511858          7            5.571429          0.271359
                           kEn2007  -1.000000  1.264911          6            4.666667          0.271052
not-logged-in-d782e24ae5ae2c9e0471  -0.352941  1.221739         17            4.529412          0.269735
                          jdridout  -0.333333  1.527525          3            5.666667          0.269563
not-logged-in-989313194971cc606b8d  -0.333333  1.527525          3            5.666667          0.269563
                           Jakhan7  -1.666667  1.032796          6            3.833333          0.269425
                   Eperaginefalcon   3.000000  2.828427          2           10.500000          0.269374
                           GaryGar  -0.750000  1.581139          8            5.875000          0.269130
                         rclem5211   1.333333  1.211060          6            4.500000          0.269124
                        ianrusso34   0.600000  1.341641          5            5.000000          0.268328
                             sree_   3.500000  4.949747          2           18.500000          0.267554
not-logged-in-3040854bcd0e43f570ba   0.500000  4.949747          2           18.500000          0.267554
                          Antonnyi  -0.500000  1.870829          6            7.000000          0.267261
not-logged-in-0cdec872d0d8e84db130  -0.500000  1.000000          4            3.750000          0.266667
                           Pupuchy  -0.666667  1.154701          3            4.333333          0.266469
                        AidenWithE  -0.150000  0.812728         20            3.050000          0.266468
                           esutto7   2.000000  2.236068          5            8.400000          0.266199
                        audreyvr84  -2.090909  1.814086         11            6.818182          0.266066
                         mbachraty  -0.416667  1.926976         18            7.250000          0.265790
not-logged-in-19c090771c789db6ec2e  -0.375000  1.922610          8            7.250000          0.265188
                         jrogers15  -0.350000  1.776629         40            6.700000          0.265168
                    Jessie.Carotte   0.500000  2.121320          2            8.000000          0.265165
                       User1432343  -1.500000  2.121320          2            8.000000          0.265165
not-logged-in-ee0c8d093132a2bfb73c  -1.500000  2.121320          2            8.000000          0.265165
not-logged-in-16998d8212022fc198c0  -0.500000  2.121320          2            8.000000          0.265165
                   ShubhikaPradeep   2.500000  2.121320          2            8.000000          0.265165
                      Cinnamint626   0.500000  2.121320          2            8.000000          0.265165
                         joseph301  -0.357143  0.852168          7            3.214286          0.265119
                     LillyClemmons  -2.625000  1.887459          4            7.125000          0.264906
                          Linus000  -3.000000  2.672612          8           10.125000          0.263962
not-logged-in-f1a4e8be25f4e29a1cec  -1.400000  1.949359          5            7.400000          0.263427
                            YifeiL  -1.611111  1.536591          9            5.833333          0.263416
                        cstarr1003   0.500000  1.224745         13            4.653846          0.263168
                         ela.pease  -0.500000  1.224745          6            4.666667          0.262445
                            ANDI61   0.558824  1.273312         17            4.852941          0.262379
                        lullabelle   0.261905  1.578198         42            6.023810          0.261993
                      DeltaScience  -0.375000  0.916125          8            3.500000          0.261750
                         pschocat1   0.181818  0.404520         11            1.545455          0.261748
                          rgrandis  -0.285714  2.429972          7            9.285714          0.261689
                             jovyn   1.200000  0.836660          5            3.200000          0.261456
not-logged-in-c3bab7c8cc136e4985af  -1.000000  1.632993          4            6.250000          0.261279
                          hugoyann  -1.250000  1.892969          4            7.250000          0.261099
not-logged-in-77045deb50fa727354ab   0.333333  2.081666          3            8.000000          0.260208
                        baloonatic  -1.600000  1.897367         10            7.300000          0.259913
not-logged-in-1a1aa01852d54b231444  -0.900000  1.663330         10            6.400000          0.259895
not-logged-in-2a054a9680279a53be49   3.000000  1.732051          3            6.666667          0.259808
                     Diana_Maria28   0.333333  0.866025          9            3.333333          0.259808
not-logged-in-98f408a115bb71c76e9f   1.166667  1.658312          9            6.388889          0.259562
                         belletini  -2.555556  2.127858          9            8.222222          0.258793
                        sakura1111   0.333333  0.516398          6            2.000000          0.258199
                           hwang16  -0.666667  1.505545          6            5.833333          0.258093
                        skwilliams   6.750000  3.095696          4           12.000000          0.257975
                      Manyasingh08  -0.692308  1.517082         26            5.884615          0.257805
                         Astarties  -0.176471  1.380004         17            5.352941          0.257803
                         kmurphy81   1.000000  1.414214          2            5.500000          0.257130
                       rednamixana  -2.000000  2.828427          2           11.000000          0.257130
                         Emersonc8  -1.000000  1.414214          2            5.500000          0.257130
                       paulncc1701   0.000000  1.414214          2            5.500000          0.257130
not-logged-in-be85b013e8517265ea2c   0.500000  0.577350          4            2.250000          0.256600
                      Jackiehinkle   0.333333  1.366260          6            5.333333          0.256174
not-logged-in-a5e1feab713ae4299c29  -2.000000  2.645751          3           10.333333          0.256040
                           tamania  -0.400000  2.302173          5            9.000000          0.255797
not-logged-in-dd83d239551bce38ac1a  -0.600000  2.302173          5            9.000000          0.255797
not-logged-in-a154fa74fceff9567aba   0.200000  3.271085          5           12.800000          0.255554
                             Gnash   0.000000  1.362770         15            5.333333          0.255519
                            owen_p  -0.750000  0.957427          4            3.750000          0.255314
                    agutierrez1122   0.000000  1.224745          5            4.800000          0.255155
not-logged-in-cb8e793fd2e50838376c  -1.000000  2.345208          5            9.200000          0.254914
not-logged-in-03cc68bb8cb63ff0c59a   1.333333  1.527525          3            6.000000          0.254588
                          Snuggies   0.333333  1.527525          3            6.000000          0.254588
not-logged-in-e93493599284d191a1d5  -1.333333  1.527525          3            6.000000          0.254588
                           clohe12   2.666667  1.527525          3            6.000000          0.254588
                 Science_Volunteer   1.666667  1.527525          3            6.000000          0.254588
                            Diekje   0.300000  1.080935         20            4.250000          0.254338
                           Kalliew  -0.285714  0.726273         14            2.857143          0.254196
                          HS_2002_   0.750000  2.138925          6            8.416667          0.254130
                              YOJP  -0.571429  2.572751          7           10.142857          0.253652
not-logged-in-58170b31e0a9c8ffd311  -2.500000  3.535534          2           14.000000          0.252538
not-logged-in-049e999639091b537196  -1.500000  3.535534          2           14.000000          0.252538
                           pmkirna   0.250000  1.892969          4            7.500000          0.252396
                  christianviado82  -1.500000  2.081666          4            8.250000          0.252323
not-logged-in-a24f02c49171868256b9   0.000000  0.816497          4            3.250000          0.251230
                             locas   0.000000  0.816497          4            3.250000          0.251230
not-logged-in-38e3b92502a831e5f899   0.833333  1.169045          6            4.666667          0.250510
                      mariam080506   1.000000  1.000000          3            4.000000          0.250000
                           roess63   0.250000  0.500000          4            2.000000          0.250000
                         achoate08  -1.000000  1.000000          3            4.000000          0.250000
                          hibs2009  -0.250000  0.500000          4            2.000000          0.250000
                           YijiaLi  -0.250000  0.500000          4            2.000000          0.250000
                        stonks3141  -2.333333  2.081666          3            8.333333          0.249800
not-logged-in-e64a0143bb76f28b5b73  -0.833333  1.040833          3            4.166667          0.249800
                        Escorial21  -0.500000  2.121320          2            8.500000          0.249567
not-logged-in-fe85e283dd05ecb5ec42   0.500000  2.121320          2            8.500000          0.249567
not-logged-in-8bbe9f1b66b57a48764f   2.500000  2.121320          2            8.500000          0.249567
                            ccanis  -0.500000  2.121320          2            8.500000          0.249567
                        clapicchio   1.500000  2.121320          2            8.500000          0.249567
not-logged-in-d94a30558608594a033e  -0.500000  2.121320          2            8.500000          0.249567
                     RachelFeaster   0.400000  0.547723          5            2.200000          0.248965
                            vishep   1.400000  0.894427          5            3.600000          0.248452
                      DeanMWatkins   1.600000  0.894427          5            3.600000          0.248452
not-logged-in-ca6bf30b98d651f0b859  -0.200000  2.529822         10           10.200000          0.248022
                        jimbos0013  -0.333333  1.032796          6            4.166667          0.247871
                      averysmith1o   0.333333  0.577350          3            2.333333          0.247436
                           Hugeowl  -0.333333  0.577350          3            2.333333          0.247436
not-logged-in-ebb89a83c81445fe9002  -0.333333  0.577350          3            2.333333          0.247436
not-logged-in-cb18f3bec1dcf2ffc0ef  -0.333333  0.577350          3            2.333333          0.247436
not-logged-in-59224c9d618f0d9f14d8  -0.333333  1.154701          3            4.666667          0.247436
                          maceysco  -0.333333  1.154701          3            4.666667          0.247436
                       radfallrose   0.333333  0.577350          3            2.333333          0.247436
                           Lily007  -6.000000  8.660254          3           35.000000          0.247436
                          Dorodoro  -0.333333  0.577350          3            2.333333          0.247436
not-logged-in-9e349c5bec55a1805367   0.333333  0.577350          3            2.333333          0.247436
                          armorgan   0.333333  0.577350          3            2.333333          0.247436
                       KatyVolinic  -1.400000  2.073644          5            8.400000          0.246862
                      baker2157140  -0.800000  1.923538          5            7.800000          0.246607
                           EddyPro   0.800000  0.836660          5            3.400000          0.246076
                        Lichtcurve   3.000000  3.033150          6           12.333333          0.245931
                          smsgtrod   0.500000  1.290994          4            5.250000          0.245904
                              oip1   0.250000  0.920447         10            3.750000          0.245452
not-logged-in-b7cbfa67356044e5ab23  -1.000000  1.195229          8            4.875000          0.245175
                        EliMoulton  -0.666667  0.816497          6            3.333333          0.244949
                      RunnerjeffWI   0.166667  0.408248          6            1.666667          0.244949
not-logged-in-9fc5f87a9c20152bcf89   2.000000  4.000000          3           16.333333          0.244898
                           Thaliaf  -1.343750  2.377439         32            9.718750          0.244624
                           Etalida   0.000000  2.000000         11            8.181818          0.244444
                       skibidirizz   1.000000  2.345208          5            9.600000          0.244292
not-logged-in-f1f467d36bef43106f88   0.333333  1.505545          6            6.166667          0.244142
                          mjahnke2   0.200000  1.303840          5            5.400000          0.241452
                          SamMincy  -0.333333  1.527525          3            6.333333          0.241188
                          Jackob_S  -0.071429  0.997249         14            4.142857          0.240715
not-logged-in-980a53995d605c266032   0.333333  2.081666          3            8.666667          0.240192
not-logged-in-8060ba5288eed9c63755  -1.250000  0.957427          4            4.000000          0.239357
not-logged-in-7ebb667d1fc0f7542ab0   0.250000  0.957427          4            4.000000          0.239357
                        Colton2269  -0.500000  0.836660          6            3.500000          0.239046
                           CallieZ  -0.045455  0.722999         11            3.045455          0.237403
                        lucyfukada   1.000000  1.264911          6            5.333333          0.237171
                        avajenkins  -0.111111  1.054093          9            4.444444          0.237171
                          Xavier_T  -0.073171  1.081440         41            4.560976          0.237107
not-logged-in-eba7a85cb730c01414a4  -1.000000  1.732051          3            7.333333          0.236189
                          liorryyy  -1.000000  1.732051          3            7.333333          0.236189
                        lucarushya  -1.583333  1.928652         12            8.166667          0.236161
                       fadingin321   0.500000  0.707107          2            3.000000          0.235702
not-logged-in-18f56d3ed721a00847af  -0.500000  0.707107          2            3.000000          0.235702
                         sallen333   0.500000  0.707107          2            3.000000          0.235702
                             vmodi  -2.000000  1.414214          2            6.000000          0.235702
                         ThewsyRum  -0.500000  0.707107          2            3.000000          0.235702
                      haileyscomet   0.500000  0.707107          2            3.000000          0.235702
                        kristiinas   0.500000  0.707107          2            3.000000          0.235702
                         kevinah64  -0.500000  0.707107          2            3.000000          0.235702
                       LibbyHannah  -0.500000  0.707107          2            3.000000          0.235702
not-logged-in-e73a8d3f1da8958b0f53  -0.500000  0.707107          2            3.000000          0.235702
not-logged-in-ca0c08d944cae6a67578   0.500000  0.707107          2            3.000000          0.235702
not-logged-in-c0096f5b8efe18781d5e   0.500000  0.707107          2            3.000000          0.235702
                           ReidP16   0.500000  0.707107          2            3.000000          0.235702
not-logged-in-0d1f3fc1bf69096c2992   0.500000  0.707107          2            3.000000          0.235702
not-logged-in-c0723b9e10b7154e64a4  -0.500000  0.707107          2            3.000000          0.235702
                        C__Edwards   2.000000  1.414214          2            6.000000          0.235702
                      peakscience7  -0.500000  0.707107          2            3.000000          0.235702
not-logged-in-58faf402c41860aff08a  -0.500000  0.707107          2            3.000000          0.235702
                   deleted-2026900   0.000000  1.414214          2            6.000000          0.235702
                           Veer_15  -0.500000  0.707107          2            3.000000          0.235702
                          subhsroy   1.000000  1.414214          2            6.000000          0.235702
not-logged-in-4e5ed5469311c0b113ef  -0.500000  0.707107          2            3.000000          0.235702
                         RPT-sju23   0.500000  0.707107          2            3.000000          0.235702
not-logged-in-2930ac9b57a4638472cf   0.500000  0.707107          2            3.000000          0.235702
not-logged-in-fa60991189b60514f0a4  -0.500000  0.707107          2            3.000000          0.235702
not-logged-in-916e2cffd60bc3da9d19  -4.500000  3.535534          2           15.000000          0.235702
                         ekinergul   1.500000  2.121320          2            9.000000          0.235702
                       Nico_Moreno  -2.500000  2.121320          2            9.000000          0.235702
                          jmyin003  -2.500000  2.121320          2            9.000000          0.235702
                           edurren  -1.500000  2.121320          2            9.000000          0.235702
                          mandraza  -1.250000  1.707825          4            7.250000          0.235562
not-logged-in-b05f137f9cbab97d041e  -0.400000  1.955050         10            8.300000          0.235548
not-logged-in-e1ac7a41ecc624f8cd07   1.000000  2.000000          4            8.500000          0.235294
                        Meser15019  -1.400000  1.505545         10            6.400000          0.235241
                  planetaryscience   0.300000  0.823273         10            3.500000          0.235221
                         rbarnes39   0.454545  1.335496         22            5.681818          0.235047
                            Dawn.a  -0.400000  1.173788         10            5.000000          0.234758
                        AliKutifan   0.000000  1.000000         15            4.266667          0.234375
                           ellenad  -1.727273  2.101947         11            9.000000          0.233550
               brilliantChaotician   0.000000  0.816497          4            3.500000          0.233285
                            Sisjen   1.600000  2.190890          5            9.400000          0.233073
                     Rosemary_Zhou   0.200000  0.836660          5            3.600000          0.232406
                       cecestaples   0.125000  1.246423          8            5.375000          0.231893
                             Aseg8  -0.375000  1.302470          8            5.625000          0.231550
                           FinnSun   0.117647  0.769286         34            3.323529          0.231466
                      akshaypatel9   0.000000  2.380476          7           10.285714          0.231435
                           ACEngel   0.600000  1.341641          5            5.800000          0.231317
not-logged-in-57c28c6589d0a68fb794   0.666667  2.081666          3            9.000000          0.231296
not-logged-in-00a4dfb9dcbaf60bc765  -0.666667  1.154701          3            5.000000          0.230940
                         aseumaala  -0.250000  1.500000          4            6.500000          0.230769
                           b.olson  -1.000000  1.000000          3            4.333333          0.230769
not-logged-in-5de891fdca7a8b9d3285  -0.500000  0.500000          3            2.166667          0.230769
not-logged-in-db5713fd6ab208990bd2   0.000000  1.000000          3            4.333333          0.230769
                   Rainfall_Helper  -0.750000  1.500000          4            6.500000          0.230769
not-logged-in-93d73f1afd14cfd2bfbd   0.111111  0.333333          9            1.444444          0.230769
                        zanakurtev  -5.250000  2.753785          4           12.000000          0.229482
                          v4712570   0.133333  1.407463         15            6.133333          0.229478
not-logged-in-83d48ba7f4fedd2cda02  -1.666667  2.886751          3           12.666667          0.227901
                          WenxiSun  -1.000000  2.160247          4            9.500000          0.227394
                          strowden  -1.250000  1.164965          8            5.125000          0.227310
                   oyunlkhagvadorj   1.000000  1.732051          3            7.666667          0.225920
                       PeterSharms  -2.000000  1.732051          3            7.666667          0.225920
                        sydjones04   0.444444  0.726483          9            3.222222          0.225460
                          Hulefeld  -0.428571  2.507133          7           11.142857          0.224999
                           Trallos  -0.800000  1.303840          5            5.800000          0.224800
                      Nahid_Khaled   0.600000  0.966092         10            4.300000          0.224673
not-logged-in-312321d3783b4e9d59df   0.333333  1.118034          9            5.000000          0.223607
                      CharlieBurke  -0.400000  0.894427          5            4.000000          0.223607
                  cats.are.cool488  -6.000000  4.242641          2           19.000000          0.223297
                      DavinLin2007  -1.666667  2.081666          3            9.333333          0.223036
                           Nahhere   0.333333  1.966384          6            8.833333          0.222610
not-logged-in-9e87d15e0b4d4fead6e2  -0.250000  0.500000          4            2.250000          0.222222
                     abigail_marin  -2.000000  2.000000          3            9.000000          0.222222
                       envyphantom  -0.250000  0.500000          4            2.250000          0.222222
                          MelindaM   0.500000  1.000000          4            4.500000          0.222222
not-logged-in-0a9dfade8776e2d0556b   0.272727  0.786245         11            3.545455          0.221762
                             k_wxe  -1.400000  1.816590          5            8.200000          0.221535
                          madnan25   1.166667  1.329160          6            6.000000          0.221527
not-logged-in-e1d1e0c651ed7706c325   0.875000  1.356203          8            6.125000          0.221421
                    RecordWrangler  -7.000000  5.000000          3           22.666667          0.220588
                        CathyNolan  -0.666667  1.505545          6            6.833333          0.220324
                        JohnStarzz   2.000000  0.816497          4            3.750000          0.217732
                    vinahutchinson   1.000000  0.816497          4            3.750000          0.217732
                  hoelscher.austin  -2.000000  1.414214          2            6.500000          0.217571
not-logged-in-9d1165047366e76a1584  -1.000000  1.414214          2            6.500000          0.217571
                         chenn7137   2.000000  1.414214          2            6.500000          0.217571
                 likeoflandflorida -11.000000  2.828427          2           13.000000          0.217571
                           jlacun1  -0.142857  0.899735          7            4.142857          0.217178
                      FinlayMcHale  -0.056604  0.841589         53            3.886792          0.216525
                    yeagerland1113  -0.333333  0.577350          3            2.666667          0.216506
                            Multyk  -0.333333  0.577350          3            2.666667          0.216506
                  jilliananne12304   0.666667  0.577350          3            2.666667          0.216506
                          mtuerler  -0.333333  0.577350          3            2.666667          0.216506
                        Abby_may14  -0.666667  0.577350          3            2.666667          0.216506
                           Bahumat  -0.333333  0.577350          3            2.666667          0.216506
                          marth996  -0.333333  1.290994         15            6.000000          0.215166
                        hcoonfield   1.000000  1.000000          3            4.666667          0.214286
                           caldaco  -1.000000  1.000000          3            4.666667          0.214286
                 JavierTellez93065   1.000000  1.000000          3            4.666667          0.214286
                         strindade   0.000000  1.000000          3            4.666667          0.214286
                          hallucin   0.875000  0.991031          8            4.625000          0.214277
not-logged-in-021a1655b76835d782d2   0.000000  1.414214          5            6.600000          0.214275
                         tdorsey33  -0.350000  0.587143         20            2.750000          0.213507
                           juuhyng  -0.916667  1.564279         12            7.333333          0.213311
                          Marvesli   0.666667  0.816497          6            3.833333          0.212999
                 parmagnus_utep690   0.200000  1.788854          5            8.400000          0.212959
not-logged-in-c5ab6eb296da37d2904a  -0.750000  2.500000          4           11.750000          0.212766
                            EvanB2  -0.637931  1.422850         58            6.689655          0.212694
                         ZwergTube  -1.500000  2.121320          2           10.000000          0.212132
                         klorrenef  -1.500000  2.121320          2           10.000000          0.212132
                         JKFlowers   0.500000  2.121320          2           10.000000          0.212132
                           Beebpav  -0.230769  0.926809         13            4.384615          0.211377
                        User-name1   0.200000  0.774597         15            3.666667          0.211254
not-logged-in-854db85ed61ffea1419f  -1.400000  1.140175          5            5.400000          0.211144
not-logged-in-22475858147a816dbe31  -0.277778  1.017815         18            4.833333          0.210582
                           DZGUPTA   0.500000  1.000000          4            4.750000          0.210526
                            jarzap   0.500000  1.000000          4            4.750000          0.210526
                       Bijjala1372  -8.666667  2.516611          3           12.000000          0.209718
                          ssisco11  -6.000000  2.828427          2           13.500000          0.209513
                          Docwill8   0.909091  1.136182         11            5.454545          0.208300
                           smadadi  -2.666667  3.055050          3           14.666667          0.208299
not-logged-in-189931d01406bb395e48  -1.333333  1.527525          3            7.333333          0.208299
                       james.mazur  -1.333333  1.527525          3            7.333333          0.208299
not-logged-in-0663f31870fd53e7815f   0.500000  2.081666          4           10.000000          0.208167
                       shtolenciya  -2.500000  3.535534          2           17.000000          0.207973
                          EvokenIV  -0.538462  0.967418         13            4.692308          0.206171
                        shell_bell   0.454545  0.820200         11            4.000000          0.205050
not-logged-in-4fb71cd8098bad6921e9  -1.000000  0.816497          4            4.000000          0.204124
                          bassriri   0.000000  0.816497          4            4.000000          0.204124
not-logged-in-a14f3aefd91ac3bc7521   0.000000  1.224745          5            6.000000          0.204124
not-logged-in-e9eb00534b1aee685cd0   1.333333  2.516611          3           12.333333          0.204050
                      TinWooodsman   0.428571  0.786796          7            3.857143          0.203984
                       alex_dremov   0.666667  1.154701          3            5.666667          0.203771
not-logged-in-889ddc7e89fe16f9aca3  -1.333333  1.154701          3            5.666667          0.203771
                        BurleyMoor   0.000000  0.534522          8            2.625000          0.203628
not-logged-in-afd65e0e566c5649b405   0.400000  0.894427          5            4.400000          0.203279
                             anooj  -0.230769  1.480644         13            7.307692          0.202614
                            dwduck   0.500000  0.707107          2            3.500000          0.202031
                        anabellab1   1.500000  0.707107          2            3.500000          0.202031
not-logged-in-36487b42d79f14d552fd   1.500000  0.707107          2            3.500000          0.202031
                         Jayvaldes   0.500000  0.707107          2            3.500000          0.202031
                           jimpxr5   1.500000  0.707107          2            3.500000          0.202031
                           SueHoon   3.500000  0.707107          2            3.500000          0.202031
                     irishfutbol03  -1.000000  1.414214          2            7.000000          0.202031
not-logged-in-7d8e21b5ee087c7e62c9   3.000000  1.414214          2            7.000000          0.202031
not-logged-in-2f95d2a3428755044728   0.000000  1.414214          2            7.000000          0.202031
                          CarsonLo  -1.500000  0.707107          2            3.500000          0.202031
                     nataliebickel  -2.000000  2.828427          2           14.000000          0.202031
                          ALI3N_35  -1.000000  1.414214          2            7.000000          0.202031
not-logged-in-b329a5578f565916ce48  -1.000000  1.414214          2            7.000000          0.202031
                  ExitedAdventurer  -1.500000  0.707107          2            3.500000          0.202031
not-logged-in-1b52cec865dd8b0d0c79  -0.500000  0.707107          2            3.500000          0.202031
                        ryan312010 -14.000000  2.828427          2           14.000000          0.202031
not-logged-in-87c5d7bfcfa8a387eebb   0.500000  0.707107          2            3.500000          0.202031
                        Egrollin07   0.125000  0.353553          8            1.750000          0.202031
not-logged-in-05a4829a0ce43970c6ba  -0.500000  0.707107          2            3.500000          0.202031
                         Raniang21  -0.500000  0.707107          2            3.500000          0.202031
not-logged-in-92085fe859cb7010a973   0.000000  1.414214          2            7.000000          0.202031
not-logged-in-a9dc5a5434924824c7b9  -1.500000  0.707107          2            3.500000          0.202031
                      GrantVietzke  -0.500000  0.707107          2            3.500000          0.202031
                            Melval  -0.500000  0.707107          2            3.500000          0.202031
                         Pomaville   1.500000  0.707107          2            3.500000          0.202031
                             MilaS   0.500000  0.707107          2            3.500000          0.202031
not-logged-in-67167d83c1fb20aadf4b   1.500000  0.707107          2            3.500000          0.202031
                           aprilll  -2.500000  3.535534          2           17.500000          0.202031
                 parmagnus_epcc061  -0.500000  0.707107          2            3.500000          0.202031
                             TBins   0.500000  0.707107          2            3.500000          0.202031
                         Jadusable  -0.500000  0.707107          2            3.500000          0.202031
                            tmbert   1.000000  1.414214          2            7.000000          0.202031
                   green_lantern33  -0.500000  2.121320          2           10.500000          0.202031
                          warrioro   3.500000  2.121320          2           10.500000          0.202031
                 parmagnus_utep995  -0.750000  2.217356          4           11.000000          0.201578
                           LoghanL  -1.000000  1.000000          3            5.000000          0.200000
not-logged-in-1b56657a165dc96bf4f8  -1.000000  1.000000          5            5.000000          0.200000
                          MintMist  -0.250000  0.500000          4            2.500000          0.200000
                          Eremaddo   0.250000  0.500000          4            2.500000          0.200000
                     jaredhazelett   1.000000  1.000000          3            5.000000          0.200000
not-logged-in-68bedbc52b5ea4bf1721  -0.250000  0.500000          4            2.500000          0.200000
not-logged-in-808e1cdf60f26a6f2a7f  -0.250000  0.500000          4            2.500000          0.200000
                            Ibm254   0.000000  1.000000          3            5.000000          0.200000
                     johndaaviator   0.000000  1.000000          3            5.000000          0.200000
not-logged-in-389fc1822b8a6625a28c   0.250000  0.500000          4            2.500000          0.200000
                           elmahan  -1.250000  1.500000          4            7.500000          0.200000
                       Willmet1224   0.375000  1.922610          8            9.625000          0.199752
                     Hope_annalise  -0.250000  1.892969          4            9.500000          0.199260
                               Uhl  -1.666667  1.527525          3            7.666667          0.199242
not-logged-in-0da2f55d0a24408580dc  -0.800000  0.836660          5            4.200000          0.199205
                          edcaplin  -0.555556  1.236033          9            6.222222          0.198648
                   Ishanvitiwari5f   1.000000  2.645751          3           13.333333          0.198431
not-logged-in-429ce0c6411b24c5a154   0.000000  1.414214          6            7.166667          0.197332
not-logged-in-5b98ed06f0d42d24b6fd   1.000000  1.732051          5            8.800000          0.196824
                           Zoo1954  -1.000000  1.732051          5            8.800000          0.196824
not-logged-in-3a29a59a9382e11d3629   0.000000  3.605551          3           18.333333          0.196666
                 Jashanpreet_Singh  -0.600000  0.894427          5            4.600000          0.194441
                        charliebos   0.600000  0.894427          5            4.600000          0.194441
                        Onimecroco   0.300000  0.447214          5            2.300000          0.194441
                    UtopiaPlanitia  -1.250000  1.892969          4            9.750000          0.194151
                     Banszegi_Aron  -1.227273  1.663785         11            8.590909          0.193668
                          aburke80  -1.000000  1.095445          6            5.666667          0.193314
                            Kumaru  -1.500000  2.121320          2           11.000000          0.192847
not-logged-in-570ab42ed491bb2a7a02   0.333333  0.577350          3            3.000000          0.192450
                        HIFZUNNISA   0.333333  0.577350          3            3.000000          0.192450
                       leotabosa94  -0.666667  0.577350          3            3.000000          0.192450
                      sarah_kimmyy  -0.333333  0.577350          3            3.000000          0.192450
not-logged-in-7fdb39427ce0ea1b8433   0.666667  0.577350          3            3.000000          0.192450
                   endless-shelter   0.333333  0.577350          3            3.000000          0.192450
                      alandsaw0001  -0.666667  0.577350          3            3.000000          0.192450
                        RRESPINOSA   0.666667  1.154701          3            6.000000          0.192450
                        littlepmac   1.000000  0.816497          4            4.250000          0.192117
                           RyanP95  -0.750000  0.957427          4            5.000000          0.191485
                          mprezio2   0.750000  0.957427          4            5.000000          0.191485
not-logged-in-9ce206c8634cadc896bd  -3.500000  1.290994          4            6.750000          0.191258
                        Ruby.Himes  -0.500000  1.290994          4            6.750000          0.191258
                          cngoun07  -1.333333  1.527525          3            8.000000          0.190941
                         TommySoda  -2.000000  2.943920          4           15.500000          0.189930
                       lizzymasson  -3.250000  2.362908          4           12.500000          0.189033
not-logged-in-950b35f4d5a53711e2d9   0.000000  1.414214          2            7.500000          0.188562
not-logged-in-d5b4c27bd7de77fcce29  -3.000000  1.414214          2            7.500000          0.188562
                    Abhinavpawar30  -2.000000  1.414214          2            7.500000          0.188562
                          abi.w123   0.000000  1.414214          2            7.500000          0.188562
                        Law_Lisium  -1.214286  2.154729         14           11.428571          0.188539
                           joyy.ju  -0.571429  1.397276          7            7.428571          0.188095
                  LAKSHMI_PRIYA_06  -1.250000  1.500000          4            8.000000          0.187500
                           B0BBY04  -2.000000  1.000000          3            5.333333          0.187500
                    2246712Worsham   1.000000  1.000000          3            5.333333          0.187500
                        SciPiWitch  -1.100000  1.516575          5            8.100000          0.187231
                        maddy.clas  -0.500000  0.836660          6            4.500000          0.185924
                        cupidsieXD  -3.000000  1.732051          3            9.333333          0.185577
                        jtschubert  -3.500000  3.696846          4           20.000000          0.184842
not-logged-in-8b70d5a0bc43fd1f1c56   1.500000  2.121320          2           11.500000          0.184463
                      Olivia_werth  -2.500000  2.121320          2           11.500000          0.184463
                           wconley  -2.500000  2.121320          2           11.500000          0.184463
not-logged-in-8895f4d048094866081d   0.571429  0.786796          7            4.285714          0.183586
not-logged-in-2e08b8ad6a055884d674  -0.333333  1.527525          3            8.333333          0.183303
not-logged-in-e83f8a9b29470b24656d   0.400000  0.547723          5            3.000000          0.182574
                   ControlledChaos   0.000000  2.828427          2           15.500000          0.182479
not-logged-in-35269f368491273b9609  -3.000000  2.828427          2           15.500000          0.182479
                       Harmonee555  -0.666667  1.154701          3            6.333333          0.182321
                      astrocryptid   1.333333  2.309401          3           12.666667          0.182321
not-logged-in-b4002799c7e2f3bd8919  -0.500000  1.974842          6           10.833333          0.182293
                            ttmagh  -0.200000  0.836660          5            4.600000          0.181883
not-logged-in-037e99ac1dcc9b972aa7  -0.200000  0.836660          5            4.600000          0.181883
not-logged-in-8a6b2ee95f2dc062a4ca   0.200000  0.836660          5            4.600000          0.181883
not-logged-in-11a7b3efae46c5180580   1.250000  1.500000          4            8.250000          0.181818
                          aricci16  -3.000000  2.000000          3           11.000000          0.181818
not-logged-in-ae561415047507bf335d   0.750000  0.500000          4            2.750000          0.181818
                          Fahadhuq  -0.250000  0.500000          4            2.750000          0.181818
                       AnneDobriko  -0.250000  0.500000          4            2.750000          0.181818
not-logged-in-adfeedaab306d3506ded  -0.250000  0.500000          4            2.750000          0.181818
                            RinHua  -1.000000  0.816497          4            4.500000          0.181444
                        Isabelle--   0.631579  0.683986         19            3.789474          0.180496
                           Jrs2133  -1.250000  1.488048          8            8.250000          0.180369
                          Dhuertas  -0.142857  0.899735          7            5.000000          0.179947
                         Jaezmiyne  -1.000000  1.732051          3            9.666667          0.179178
                           Wyldgun  -0.500000  0.866025          3            4.833333          0.179178
                         astronavy  -0.300000  0.948683         10            5.300000          0.178997
                             BCB96   0.500000  1.914854          4           10.750000          0.178126
not-logged-in-4b8e1b0c5a23ffa558fc   0.500000  1.802776          3           10.166667          0.177322
                            Ltovar   0.500000  0.707107          2            4.000000          0.176777
not-logged-in-faf4b5dbe96f2f9a7d9c  -0.500000  0.707107          2            4.000000          0.176777
                    Nafisa_Nandini   0.500000  0.707107          2            4.000000          0.176777
not-logged-in-846bf6373385bca8213a  -0.500000  0.707107          2            4.000000          0.176777
not-logged-in-9be2d69fe15207f7b1ad  -0.500000  0.707107          2            4.000000          0.176777
                          Jordskis  -1.000000  1.414214          2            8.000000          0.176777
not-logged-in-94563aeeff8276cd2e50  -0.500000  0.707107          2            4.000000          0.176777
not-logged-in-767b42e5fda22558fd38   0.500000  0.707107          2            4.000000          0.176777
                           2182980  -0.500000  0.707107          2            4.000000          0.176777
                        elfseattle  -0.500000  0.707107          2            4.000000          0.176777
not-logged-in-71719f94bfea7c77a70b   2.500000  0.707107          2            4.000000          0.176777
                 barry_franklin_uk  -0.500000  0.707107          2            4.000000          0.176777
                          Jeanneke  -1.000000  1.414214          2            8.000000          0.176777
                  anastasiavavrick   0.000000  1.414214          2            8.000000          0.176777
                   fairyoftinnitus  -0.500000  0.707107          2            4.000000          0.176777
                          RoyalAza  -0.500000  0.707107          2            4.000000          0.176777
                     rachellezheng   1.000000  1.414214          2            8.000000          0.176777
                      IsabelaBulla  -0.500000  0.707107          2            4.000000          0.176777
    LouiseCarloMercado_Philippines   0.500000  0.707107          2            4.000000          0.176777
                         mjones130   0.500000  0.707107          2            4.000000          0.176777
                    empathy.is.key  -1.500000  2.121320          2           12.000000          0.176777
not-logged-in-385f6f39fb6e5eb9043b   0.800000  1.483240          5            8.400000          0.176576
                        aayyvvaahh   0.800000  1.483240          5            8.400000          0.176576
not-logged-in-85bd5140ac30c69f09d8   0.000000  1.000000          3            5.666667          0.176471
                     SuttonRose813  -0.750000  1.707825          4            9.750000          0.175162
                         tbcgeorge  -0.200000  0.836660          5            4.800000          0.174304
not-logged-in-0b2a5887a6d458042a48  -0.900000  1.024695          5            5.900000          0.173677
                parmagnus_utep1039  -0.166667  1.329160          6            7.666667          0.173369
                         gkendallk  -0.333333  0.577350          3            3.333333          0.173205
                           Sejerry   0.666667  0.577350          3            3.333333          0.173205
                     jose.carvajal  -0.333333  0.577350          3            3.333333          0.173205
                           pandrew   0.333333  0.577350          3            3.333333          0.173205
                           AMYSelf  -0.666667  1.154701          3            6.666667          0.173205
                          Negar.ka   1.333333  1.154701          3            6.666667          0.173205
                       abdulmnasir   0.333333  0.577350          3            3.333333          0.173205
                       AlexLuu0327   0.666667  0.577350          3            3.333333          0.173205
not-logged-in-9edc9be3223c6bac8cfa  -0.333333  0.577350          3            3.333333          0.173205
                         phillip79   1.000000  1.732051          3           10.000000          0.173205
                       Aman_Sharma   0.500000  0.836660          6            4.833333          0.173102
                          Mike8922   0.000000  0.500000          9            2.888889          0.173077
not-logged-in-649c0564a8e47828ff99  -0.333333  1.032796          6            6.000000          0.172133
                   jimena_yunquera   0.500000  1.290994          4            7.500000          0.172133
                      cataliaestey  -0.200000  0.447214          5            2.600000          0.172005
                 parmagnus_epcc075  -0.800000  0.447214          5            2.600000          0.172005
                    RaidahShomanti  -1.000000  1.414214          4            8.250000          0.171420
                       larry.lopez   1.200000  1.095445          5            6.400000          0.171163
not-logged-in-8ba9eb4608be3211be6c  -0.428571  0.975900          7            5.714286          0.170783
                 Rachel_Zooniverse  -1.500000  2.121320          2           12.500000          0.169706
                          osleepyo   1.500000  2.121320          2           12.500000          0.169706
                     ericschreiber  -0.142857  0.662994         14            3.928571          0.168762
                          Taehyeon   0.166667  0.983192          6            5.833333          0.168547
                          nuzhat.a   0.000000  0.707107          5            4.200000          0.168359
                            el7rae   0.111111  0.781736          9            4.666667          0.167515
                     GlowCloud4510   0.000000  0.784465         27            4.703704          0.166776
                         rwillia12   0.000000  1.000000          5            6.000000          0.166667
                         solomon.m  -3.000000  3.000000          3           18.000000          0.166667
                           Trogdon   0.000000  1.000000          3            6.000000          0.166667
                        paigegrask   0.375000  0.916125          8            5.500000          0.166568
                           naomi.r  -0.750000  0.957427          4            5.750000          0.166509
not-logged-in-91af5aec6d40c3f9ebf8   0.750000  0.957427          4            5.750000          0.166509
                       semmons0463  -0.250000  0.957427          4            5.750000          0.166509
not-logged-in-d1e51a736407cbe7fcb8   2.000000  2.828427          2           17.000000          0.166378
                paramagnus_utep335  -3.000000  1.414214          2            8.500000          0.166378
                            mmirza   1.000000  1.414214          2            8.500000          0.166378
                    FreakinLobstah  -1.000000  1.414214          2            8.500000          0.166378
                            Lila.C  -0.333333  1.154701          3            7.000000          0.164957
                     MattJorgensen   0.333333  1.154701          3            7.000000          0.164957
                        AngeliqueK   0.500000  0.577350          4            3.500000          0.164957
                          nora.p14   0.000000  1.870829          5           11.400000          0.164108
                          A_mackay  -1.666667  1.527525          3            9.333333          0.163663
                           ARCross   0.571429  1.397276          7            8.571429          0.163016
                       andicunanan  -0.714286  0.951190          7            5.857143          0.162398
                      Purpleskye14  -0.500000  0.836660          6            5.166667          0.161934
                           slott17  -0.333333  0.887625         12            5.500000          0.161386
not-logged-in-ce93f854e66a21d7e6c6  -2.666667  2.309401          3           14.333333          0.161121
                        Gracer1913   0.800000  1.095445          5            6.800000          0.161095
not-logged-in-df3bddac2632ba6a089b  -0.400000  0.547723          5            3.400000          0.161095
                     praharsh_smcp   0.000000  0.925820          8            5.750000          0.161012
                        Manifestra  -0.200000  0.836660          5            5.200000          0.160896
not-logged-in-1c51beb46ac050b3712a  -0.200000  0.447214          5            2.800000          0.159719
                          franzipe   0.750000  0.957427          4            6.000000          0.159571
                      Ainaz_nishma  -0.125000  0.834523          8            5.250000          0.158957
                   Vitoria_Isabela  -0.153846  0.800641         13            5.076923          0.157702
                             LisaV  -1.333333  2.309401          3           14.666667          0.157459
not-logged-in-2b237aa73aeb656cd144   0.333333  0.577350          3            3.666667          0.157459
not-logged-in-0272166eac5b6d0c6dd6   0.666667  0.577350          3            3.666667          0.157459
                            Loki_1  -0.666667  1.154701          3            7.333333          0.157459
not-logged-in-3dbc9c3045817474b4ee  -0.250000  1.258306          4            8.000000          0.157288
                           Eriessa   1.500000  0.707107          2            4.500000          0.157135
                      tricnomistal  -0.500000  0.707107          2            4.500000          0.157135
                             01Eco  -0.500000  0.707107          2            4.500000          0.157135
                          AnyaJain  -0.500000  0.707107          2            4.500000          0.157135
                           JuanP06   1.500000  0.707107          2            4.500000          0.157135
                          eeelkeee  -0.500000  0.707107          2            4.500000          0.157135
                            TM2001   0.500000  0.707107          2            4.500000          0.157135
                           Malgo17   0.500000  0.707107          2            4.500000          0.157135
                           nwetzel  -2.500000  0.707107          2            4.500000          0.157135
                             asp14  -0.500000  0.707107          2            4.500000          0.157135
not-logged-in-7027b586541f2cbf881b  -0.500000  0.707107          2            4.500000          0.157135
not-logged-in-87dc0f469bf0eec3f8e0  -1.500000  0.707107          2            4.500000          0.157135
not-logged-in-da0f56abff7bc1dd938e  -0.500000  0.707107          2            4.500000          0.157135
                          psarossy  -0.500000  0.707107          2            4.500000          0.157135
                    AstroObserver8  -1.000000  1.414214          2            9.000000          0.157135
not-logged-in-b95d23d8e6f915b9ce68  -0.800000  1.095445          5            7.000000          0.156492
             valeriechimeswilliams  -0.285714  2.138090          7           13.714286          0.155902
                          sandy_kb  -0.666667  1.211060          6            7.833333          0.154603
                          Makiwenz   0.111111  0.600925          9            3.888889          0.154524
                        Bellat2026   0.250000  0.500000          4            3.250000          0.153846
                christina_bollella  -0.250000  0.500000          4            3.250000          0.153846
                  Wildlifesearcher   0.250000  0.500000          4            3.250000          0.153846
                            IrisCh   0.250000  0.500000          4            3.250000          0.153846
                         kendra123   0.750000  0.500000          4            3.250000          0.153846
                         ejacobs34  -0.250000  0.500000          4            3.250000          0.153846
                     Lizardkid2202  -3.250000  0.957427          4            6.250000          0.153188
                         Ana_Sousa   1.000000  1.224745          5            8.000000          0.153093
                           Blue106  -0.153846  0.800641         13            5.230769          0.153064
                     casemccormick  -2.333333  1.527525          3           10.000000          0.152753
                      Jtefertiller  -1.000000  1.000000          5            6.600000          0.151515
                              fwmh   1.333333  1.154701          3            7.666667          0.150613
not-logged-in-0b9fa971729b6b8ce799  -0.333333  1.154701          3            7.666667          0.150613
not-logged-in-94c4235c6f2df60c4290  -0.333333  1.154701          3            7.666667          0.150613
not-logged-in-bc6a318110a520500527   0.666667  1.154701          3            7.666667          0.150613
                       BrendaSue17  -7.333333  3.055050          3           20.333333          0.150248
not-logged-in-cc2e98ef5d962c5b5d10  -0.600000  0.894427          5            6.000000          0.149071
                         zofia0202  -1.000000  1.414214          2            9.500000          0.148865
not-logged-in-7aed07154a6f9558ec47   2.000000  1.414214          2            9.500000          0.148865
not-logged-in-1963879eb38fb532687c  -0.250000  0.707107          8            4.750000          0.148865
                     nicolebrown65   0.000000  1.414214          2            9.500000          0.148865
                             Aisyy  -2.000000  1.414214          2            9.500000          0.148865
                          manxkats  -0.428571  0.975900          7            6.571429          0.148507
                          Zocturne   0.000000  0.816497          4            5.500000          0.148454
not-logged-in-4591858097fc819e82a2   0.500000  1.000000          4            6.750000          0.148148
                             Allin  -0.083333  0.514929         12            3.500000          0.147122
                        adelesands  -1.333333  2.081666          3           14.333333          0.145233
                          Horton28   1.666667  2.081666          3           14.333333          0.145233
                       iwarner0001   0.333333  0.577350          3            4.000000          0.144338
not-logged-in-35aa5a1b4619736ef816  -0.333333  0.577350          3            4.000000          0.144338
                        zayamartin   1.333333  0.577350          3            4.000000          0.144338
                         jadx_litc  -1.333333  0.577350          3            4.000000          0.144338
                        Galvatron2  -0.500000  0.577350          4            4.000000          0.144338
                        theserpens  -0.400000  0.547723          5            3.800000          0.144138
not-logged-in-d879cd14abd249ec019c  -0.500000  1.000000          4            7.000000          0.142857
                   ChantalKambrude  -1.000000  1.000000          3            7.000000          0.142857
not-logged-in-bc280ca3305c559a3380  -7.000000  1.000000          3            7.000000          0.142857
                          Shafinas   0.750000  0.500000          4            3.500000          0.142857
                   AverageAsianMan   0.250000  0.500000          4            3.500000          0.142857
                          northcup   1.600000  1.341641          5            9.400000          0.142728
                        superfasol  -0.285714  0.487950          7            3.428571          0.142319
                     carolynhucker  -2.000000  1.414214          4           10.000000          0.141421
                 Prerana_BLP_EPICS  -1.500000  0.707107          2            5.000000          0.141421
                       Phomolangfk  -4.500000  0.707107          2            5.000000          0.141421
                        mormar3859  -1.500000  0.707107          2            5.000000          0.141421
not-logged-in-414d3361aa924f34aebb  -2.500000  0.707107          2            5.000000          0.141421
                          gmignone  -0.500000  0.707107          2            5.000000          0.141421
                       Sunray_2013   0.500000  0.707107          2            5.000000          0.141421
                          RedPaper  -0.500000  0.707107          2            5.000000          0.141421
                        Kanamuna12   0.500000  0.707107          2            5.000000          0.141421
not-logged-in-731e727cfc081dd56c60   0.500000  0.707107          2            5.000000          0.141421
                          rberna06  -0.500000  0.707107          2            5.000000          0.141421
                   thisiswonderful   0.500000  0.707107          2            5.000000          0.141421
                         daiziqian  -0.083333  0.514929         12            3.666667          0.140435
                        afieldsone  -0.500000  1.290994          4            9.250000          0.139567
                       ananyaa1101   0.142857  0.377964          7            2.714286          0.139250
                             dan.g  -1.333333  1.527525          3           11.000000          0.138866
                          tchang73  -0.333333  1.154701          3            8.333333          0.138564
not-logged-in-db81204d47fb582a3ab7  -1.833333  1.169045          6            8.500000          0.137535
                              kyl3  -0.571429  1.272418          7            9.285714          0.137030
                        Mathsman10  -1.333333  3.055050          3           22.333333          0.136793
                         MeDUS_11M  -1.000000  1.000000          3            7.333333          0.136364
                         kaymac127   0.176471  0.528594         17            3.882353          0.136153
not-logged-in-082b6d7beb2c5c53fae8  -0.250000  1.258306          4            9.250000          0.136033
                            cjf021  -0.285714  0.755929          7            5.571429          0.135680
not-logged-in-eeb1a572cf5d32623f31  -3.000000  1.414214          2           10.500000          0.134687
                           Avealis   1.000000  1.414214          2           10.500000          0.134687
                       ayushsingh_   1.000000  1.414214          2           10.500000          0.134687
                         Mehak3802  -0.200000  1.095445          5            8.200000          0.133591
                   Erickson2153382  -0.500000  1.000000          4            7.500000          0.133333
                     Gustavovdiaz1  -0.250000  0.500000          4            3.750000          0.133333
                    Gregory.Egbert   0.500000  1.000000          4            7.500000          0.133333
                        looramaria   0.250000  0.500000          4            3.750000          0.133333
                       clemfortune  -1.666667  0.577350          3            4.333333          0.133235
not-logged-in-79fd6826602ee951cc0f  -0.333333  0.577350          3            4.333333          0.133235
                          sobolk26  -0.333333  0.577350          3            4.333333          0.133235
                             _MAC_   0.666667  0.577350          3            4.333333          0.133235
                pArMaGnUs_UtEp716_   1.333333  0.577350          3            4.333333          0.133235
                  Devyn_Desselle07  -0.400000  0.894427          5            6.800000          0.131533
                        AllanAmaro   0.000000  0.471405         10            3.600000          0.130946
                          kenleigh   0.000000  0.577350          7            4.428571          0.130369
                           frannyh   1.000000  1.732051          3           13.333333          0.129904
                        WYZZ-Yoshi  -0.142857  1.406422         14           10.857143          0.129539
                      clark2123730   0.500000  0.707107          2            5.500000          0.128565
                       indigodinks  -1.500000  0.707107          2            5.500000          0.128565
                   testingsunspots   1.500000  0.707107          2            5.500000          0.128565
not-logged-in-1a9fca802ba5ac64b6bb  -0.500000  0.707107          2            5.500000          0.128565
                       LazoScience  -0.500000  0.707107          2            5.500000          0.128565
not-logged-in-a38e69764e8a26544e4a   0.500000  0.707107          2            5.500000          0.128565
not-logged-in-0c1f1eb1a2867f097e48  -0.500000  0.707107          2            5.500000          0.128565
not-logged-in-e0713f276580e73e7aae   0.500000  0.707107          2            5.500000          0.128565
not-logged-in-e988a6305215a868f0c5  -0.500000  0.707107          2            5.500000          0.128565
                          optimus1   0.000000  1.414214          2           11.000000          0.128565
                     samanthafrick  -0.500000  0.707107          2            5.500000          0.128565
                           mimalou   0.500000  0.707107          2            5.500000          0.128565
                   deleted-2357418   0.000000  1.414214          2           11.000000          0.128565
not-logged-in-60a69dd7101349eb1cea   0.000000  1.414214          2           11.000000          0.128565
not-logged-in-cafdbd4ef62abbd19fe6  -3.500000  0.707107          2            5.500000          0.128565
not-logged-in-f8181d297ca02ad36ad0  -0.250000  0.353553          2            2.750000          0.128565
                         SihyunKim  -0.500000  0.707107          2            5.500000          0.128565
                            maxyt2  -0.500000  0.707107          2            5.500000          0.128565
                           Sheadly  -0.500000  0.707107          2            5.500000          0.128565
not-logged-in-ea75ffe7767c6a071d86  -0.500000  0.577350          4            4.500000          0.128300
                       daisymayhem  -0.444444  0.726483          9            5.666667          0.128203
                       angela2chen   0.333333  0.707107          9            5.555556          0.127279
              officialrachaelbaker  -0.285714  0.487950          7            3.857143          0.126506
                       josephunruh   0.000000  1.000000          3            8.000000          0.125000
                        daviscitro  -2.500000  2.121320          2           17.000000          0.124784
                              Hard  -0.333333  0.577350          3            4.666667          0.123718
not-logged-in-b2fd09512060d52bd4ff  -0.666667  0.577350          3            4.666667          0.123718
                             nedia   0.333333  0.577350          3            4.666667          0.123718
                    David.Flancman  -0.666667  0.577350          3            4.666667          0.123718
                         BellaE123  -1.000000  1.414214          2           11.500000          0.122975
                            hi_5__  -1.000000  1.414214          2           11.500000          0.122975
                         Palmer231   4.000000  1.414214          2           11.500000          0.122975
                      addisondavis  -0.250000  0.886405          8            7.250000          0.122263
not-logged-in-55c8fd04d62626cd008f   0.166667  0.752773          6            6.166667          0.122071
                          jams4sox  -0.500000  0.577350          4            4.750000          0.121547
                          akwong45   0.333333  1.032796          6            8.500000          0.121505
                        stephb0219  -2.250000  1.707825          4           14.250000          0.119847
                          Mike_Sil   0.000000  0.577350          7            4.857143          0.118866
not-logged-in-1864e9fd23fa20919229   0.500000  0.707107          2            6.000000          0.117851
not-logged-in-e6772d64756331664b44   0.500000  0.707107          2            6.000000          0.117851
not-logged-in-18da7ac3722c2dba11a2   0.500000  0.707107          2            6.000000          0.117851
                   Gracelin.Justin   1.500000  0.707107          2            6.000000          0.117851
                         nmorales4  -1.000000  1.414214          2           12.000000          0.117851
                       cosmicTaryn   1.500000  0.707107          2            6.000000          0.117851
                      joseph_kelly  -0.500000  2.121320          2           18.000000          0.117851
                    Zach_123456789  -0.200000  0.447214          5            3.800000          0.117688
                     VishalM_India   0.200000  0.447214          5            3.800000          0.117688
                          Joyfagan  -1.666667  0.577350          3            5.000000          0.115470
not-logged-in-d92449150ea33bcd8155   0.333333  0.577350          3            5.000000          0.115470
                       Afterain425  -0.666667  1.154701          3           10.000000          0.115470
                            holli3  -0.666667  0.577350          3            5.000000          0.115470
                           gessica  -0.333333  1.154701          3           10.000000          0.115470
not-logged-in-4c69b6cd3638f2354d78  -0.333333  0.516398          6            4.500000          0.114755
                           mtobias  -2.000000  1.414214          2           12.500000          0.113137
not-logged-in-29dd867232edca246bdb  -1.000000  1.414214          2           12.500000          0.113137
                       Aposiopesis   0.166667  0.408248          6            3.666667          0.111340
                         KAdrienne  -0.250000  0.500000          4            4.500000          0.111111
                       TornsKarlis  -2.500000  1.000000          4            9.000000          0.111111
                     amandademster   0.000000  1.000000          3            9.000000          0.111111
not-logged-in-98bd0852bae99140782d  -0.142857  0.377964          7            3.428571          0.110240
not-logged-in-ac18ae85530a648aca7f  -0.500000  0.707107          2            6.500000          0.108786
                  SvetlanaBorisova  -0.500000  0.707107          2            6.500000          0.108786
                          M2152315  -0.500000  0.707107          2            6.500000          0.108786
                         A.brookeb   3.500000  0.707107          2            6.500000          0.108786
                       motigomeman  -0.500000  0.707107          2            6.500000          0.108786
                      anthonyngonz   0.500000  0.707107          2            6.500000          0.108786
not-logged-in-ee79631b27b6c7d76cbb   0.500000  0.707107          2            6.500000          0.108786
                       rachel.duke   0.500000  0.707107          2            6.500000          0.108786
                    Tricomi2120213  -1.500000  0.707107          2            6.500000          0.108786
                            elb23c  -1.500000  0.707107          2            6.500000          0.108786
                        arrowboyyy  -1.000000  1.414214          2           13.000000          0.108786
                     CamomilleNott  -0.500000  0.707107          2            6.500000          0.108786
not-logged-in-313269af73738b3b0510   0.500000  0.707107          2            6.500000          0.108786
                      even.stephen   0.333333  0.577350          3            5.333333          0.108253
                        Jrandall04   1.666667  0.577350          3            5.333333          0.108253
                         dibarra76   0.333333  0.577350          3            5.333333          0.108253
                       jaredvacher  -0.285714  0.755929          7            7.000000          0.107990
                            7Beans   0.200000  0.447214          5            4.200000          0.106479
                         meg.horie  -0.400000  0.894427          5            8.400000          0.106479
not-logged-in-de1e324cc6cf1b597dd8  -1.250000  0.957427          4            9.000000          0.106381
                    mollyreasearch   0.750000  0.957427          4            9.000000          0.106381
                         Betegeuse   2.500000  2.121320          2           20.000000          0.106066
                           barrzac  -0.088235  0.264297         17            2.500000          0.105719
                         SparklesB   0.000000  0.816497          4            7.750000          0.105354
                         Mariusz_W  -0.333333  0.577350          3            5.666667          0.101885
                       LunaSicardi  -0.500000  1.290994          4           12.750000          0.101254
                             pazzz  -2.000000  1.414214          4           14.000000          0.101015
not-logged-in-31ad9fe7ff8f9c9cb5fd   3.500000  0.707107          2            7.000000          0.101015
                           LLBonzo  -0.125000  0.353553          8            3.500000          0.101015
                             Cami_  -0.500000  0.707107          2            7.000000          0.101015
                       Kuhn2165895  -0.500000  0.707107          2            7.000000          0.101015
not-logged-in-9450b427fa28b343c5a5   0.500000  0.707107          2            7.000000          0.101015
                              Tu86  -1.500000  0.707107          2            7.000000          0.101015
                          lmwatts2   0.500000  0.707107          2            7.000000          0.101015
not-logged-in-d404fece509ab28b1393  -3.500000  0.707107          2            7.000000          0.101015
not-logged-in-1fce491a68952c38812f   2.500000  0.707107          2            7.000000          0.101015
                         nawadalla   0.000000  1.414214          2           14.000000          0.101015
                         ToriAlves  -1.000000  1.414214          2           14.000000          0.101015
                 GabrielleMendonca  -5.000000  1.414214          2           14.000000          0.101015
not-logged-in-c6598f1529a508032b64  -3.500000  0.707107          2            7.000000          0.101015
                        peyton4267  -0.500000  0.707107          2            7.000000          0.101015
                          DrAnikin   1.500000  2.121320          2           21.000000          0.101015
                      AleighaEvans  -0.142857  0.690066          7            6.857143          0.100635
                         ssanjidaa  -0.200000  1.095445          5           11.000000          0.099586
                    Victoria.orion   1.333333  1.032796          6           10.500000          0.098361
                        emmajduran   1.750000  1.500000          4           15.250000          0.098361
                     Ysabellgrieve   0.200000  0.447214          5            4.600000          0.097220
                              J2G3  -0.333333  0.516398          6            5.333333          0.096825
                      Staceyann116   0.666667  1.154701          3           12.000000          0.096225
                      marinalather  -0.666667  0.577350          3            6.000000          0.096225
not-logged-in-a282846ed9aca41192a8  -1.333333  1.154701          3           12.000000          0.096225
                             Ludof   0.333333  0.577350          3            6.000000          0.096225
not-logged-in-005a6262114822ae0583  -0.333333  0.577350          3            6.000000          0.096225
                  Wolfgang-Gerhard   0.333333  0.577350          3            6.000000          0.096225
                     davidsonj2210   0.000000  0.816497          4            8.500000          0.096058
                        Stella-csj   0.000000  1.224745          5           12.800000          0.095683
                             Melwa  -0.750000  0.500000          4            5.250000          0.095238
                             Robon   0.250000  0.500000          4            5.250000          0.095238
                     TeresaGolip08  -1.500000  0.707107          2            7.500000          0.094281
not-logged-in-9bee4d51e857d6203e8a  -1.000000  1.414214          2           15.000000          0.094281
                        Bazzmanian  -1.500000  0.707107          2            7.500000          0.094281
                       AmayaTaylor   0.500000  0.707107          2            7.500000          0.094281
                    JoaquinSanchez  -0.250000  0.462910          8            5.000000          0.092582
not-logged-in-a7d57f88beec7fa78224   0.333333  0.577350          3            6.333333          0.091161
                   jeremyBeesinger   0.333333  0.577350          3            6.333333          0.091161
not-logged-in-84894ce3bb30601215f5  -0.333333  0.577350          3            6.333333          0.091161
                         ascarlett  -0.333333  0.577350          3            6.333333          0.091161
                          roshambo  -0.333333  0.577350          3            6.333333          0.091161
                          ginachio   0.000000  1.000000          3           11.000000          0.090909
                          cfoster1  -1.333333  1.154701          3           13.000000          0.088823
                    CharviSinghria   0.500000  0.707107          2            8.000000          0.088388
not-logged-in-98abccea09ee628db3e7  -0.500000  0.707107          2            8.000000          0.088388
                           rafiqms  -3.500000  0.707107          2            8.000000          0.088388
                  ryansciencestuff  -0.500000  0.707107          2            8.000000          0.088388
                          prajritj   0.500000  0.707107          2            8.000000          0.088388
not-logged-in-73d045da23581e20ac04  -0.125000  0.629153          4            7.125000          0.088302
not-logged-in-76e4122a9251601578c8   0.250000  0.500000          4            5.750000          0.086957
                       AstridK3d1M   0.333333  0.577350          3            6.666667          0.086603
                     Dariussomrack   0.666667  0.577350          3            6.666667          0.086603
                       LilyGrosser   0.200000  0.447214          5            5.200000          0.086003
                       hannahwhipp   0.000000  1.414214          2           16.500000          0.085710
not-logged-in-bee08e8dbddc16bb492b   3.500000  0.707107          2            8.500000          0.083189
                            dearal   1.500000  0.707107          2            8.500000          0.083189
                      annavirginia   0.000000  1.414214          2           17.000000          0.083189
not-logged-in-2b58d647bdf7a64ec2a6   1.500000  0.707107          2            8.500000          0.083189
not-logged-in-cd9d8b4064aae6c39ab2   0.500000  0.707107          2            8.500000          0.083189
                         Alaysha00  -0.333333  0.577350          3            7.000000          0.082479
not-logged-in-6eb9e1f2f9985b6e013d   0.200000  0.447214          5            5.600000          0.079860
not-logged-in-dc136b22baad3b23ce11   1.200000  0.447214          5            5.600000          0.079860
                  BrooklynSchwandt   0.000000  0.577350          7            7.285714          0.079244
not-logged-in-e33a8929e0105545210f   0.333333  0.577350          3            7.333333          0.078730
                          Emilyb08   2.500000  0.707107          2            9.000000          0.078567
                         CB.219006   0.500000  0.707107          2            9.000000          0.078567
not-logged-in-dd138c2b44ee416ab9e2   0.500000  0.707107          2            9.000000          0.078567
                        ksmith1389   0.500000  0.707107          2            9.000000          0.078567
                             kat_c  -0.500000  0.707107          2            9.000000          0.078567
                     Verizon-kdahl   1.000000  1.224745          5           15.600000          0.078509
                      michaelross_  -0.750000  0.957427          4           12.250000          0.078157
                     Feasterrachel   0.600000  0.547723          5            7.200000          0.076073
                       HerrNatrium   0.250000  0.462910          8            6.125000          0.075577
                             Nad1a   0.500000  0.707107          2            9.500000          0.074432
                           diegohp  -7.500000  0.707107          2            9.500000          0.074432
                          adegu011   5.500000  0.707107          2            9.500000          0.074432
not-logged-in-a57eeaf4eddd992bc103   0.500000  0.707107          2            9.500000          0.074432
not-logged-in-cd2e7ba74ccf2719bb23  -2.500000  0.707107          2            9.500000          0.074432
not-logged-in-a4e74a9c5d9d724e5025   0.500000  0.707107          2            9.500000          0.074432
                         dthesenga   0.250000  0.500000          4            6.750000          0.074074
                       kayemiller3   1.000000  0.816497          4           11.250000          0.072577
                   CordeliaWhitman  -0.333333  0.577350          3            8.000000          0.072169
not-logged-in-121ac075f09866db3c7b   0.200000  0.447214          5            6.200000          0.072131
                  lovebionicle2001  -0.142857  0.377964          7            5.285714          0.071507
                      maddiegentry  -0.250000  0.500000          4            7.000000          0.071429
                        Chiikawa03  -1.500000  0.707107          2           10.000000          0.070711
                         AnnBrowne   1.500000  0.707107          2           10.000000          0.070711
                          VZSteveC  -0.500000  0.707107          2           10.000000          0.070711
                       lukedraeken  -0.500000  0.707107          2           10.000000          0.070711
                         Xiphosura  -2.500000  0.707107          2           10.000000          0.070711
                 ChristiaanHowland  -1.000000  1.000000          3           14.666667          0.068182
not-logged-in-fe1e6319a1eef8aac8ac  -2.500000  0.707107          2           10.500000          0.067344
                           2213968   0.500000  0.707107          2           10.500000          0.067344
                          KHaftner   0.500000  0.577350          4            8.750000          0.065983
                          rtobin48  -1.500000  0.707107          2           11.000000          0.064282
                         ashlynnrw   1.000000  1.414214          2           22.500000          0.062854
                        tequesta35  -0.500000  0.707107          2           11.500000          0.061488
                      mbrodowski22  -0.500000  0.707107          2           11.500000          0.061488
                         ZINAXXDEK  -2.500000  0.707107          2           11.500000          0.061488
                       AgnesKwon25   0.333333  0.577350          3            9.666667          0.059726
                       Jennie12345  -1.333333  0.577350          3            9.666667          0.059726
                        Soumik_Nag   1.500000  0.707107          2           12.000000          0.058926
                           Jadeejj  -3.500000  0.707107          2           12.000000          0.058926
                      bradfisher99   0.666667  1.154701          3           19.666667          0.058714
                       adastronomy  -0.333333  0.577350          3           10.000000          0.057735
                          Ash_1207  -0.500000  0.707107          2           12.500000          0.056569
not-logged-in-91b63367886eb1277449   0.500000  0.707107          2           12.500000          0.056569
not-logged-in-3d9f1dd2447f03f8a0c0   1.500000  0.707107          2           12.500000          0.056569
not-logged-in-eca9758004b53f559d66   0.500000  0.577350          4           10.250000          0.056327
                       jessica0118   0.333333  0.577350          3           10.333333          0.055873
                            alr21o  -0.500000  0.707107          2           13.000000          0.054393
                       mercedest99  -1.500000  0.707107          2           13.000000          0.054393
                             sofar   0.111111  0.333333          9            6.333333          0.052632
                    Vial-Of-Ghosts  -0.250000  0.500000          4            9.500000          0.052632
not-logged-in-a01b3f04524e44ebbd89  -3.500000  0.707107          2           13.500000          0.052378
                         jitenjitu  -1.250000  0.353553          2            6.750000          0.052378
                           PalomaM   0.500000  0.707107          2           14.000000          0.050508
not-logged-in-0ddaffd05faeb85e2f97  -0.500000  0.707107          2           14.000000          0.050508
                        AndreaCise  -1.500000  0.707107          2           14.000000          0.050508
                       Yas_almeida  -1.500000  0.707107          2           14.000000          0.050508
                       gigilarocca   1.500000  0.707107          2           14.000000          0.050508
                          nivi1255   0.500000  0.707107          2           14.500000          0.048766
                        lokkee_lam   0.500000  0.707107          2           14.500000          0.048766
                           shane22   0.500000  0.577350          4           13.000000          0.044412
                         JasonEDow   0.500000  0.707107          2           17.000000          0.041595
                        UriahMuniz  -0.500000  0.707107          2           18.500000          0.038222
not-logged-in-ad983194fb0307e032b4  -3.500000  0.707107          2           19.500000          0.036262
                        mamorisdmt   3.666667  0.577350          3           23.666667          0.024395
not-logged-in-38ac2cd6d5c7f8cd5e30   0.100000  0.223607          5            9.700000          0.023052
not-logged-in-c49d9bea53a03f12e926  -1.000000  0.000000          1            4.000000          0.000000
not-logged-in-c3e692f4eadb61e5b4dc  -4.000000  0.000000          1           11.000000          0.000000
                          JGreen80   2.000000  0.000000          1            1.000000          0.000000
                            JENLIN   1.000000  0.000000          1            3.000000          0.000000
not-logged-in-c3e3835abf010f26e107  -1.000000  0.000000          1            2.000000          0.000000
not-logged-in-c3df6b642396331d2caa   4.000000  0.000000          1           26.000000          0.000000
not-logged-in-c3bd6c0ed189f783161a   0.000000  0.000000          2            4.500000          0.000000
                         AmeliaGir   2.000000  0.000000          1            2.000000          0.000000
                             JCoop   0.000000  0.000000          1            1.000000          0.000000
                           DallasL   0.000000  0.000000          1            1.000000          0.000000
not-logged-in-c3b16a651b7b4b716556   0.000000  0.000000          1            2.000000          0.000000
                        Ameamaichu   0.000000  0.000000          1            2.000000          0.000000
                              JCAH   1.000000  0.000000          1           14.000000          0.000000
                          JMailo73   9.000000  0.000000          1            4.000000          0.000000
                        JMappinMan   0.000000  0.000000          1            1.000000          0.000000
                               tds   1.000000  0.000000          1            3.000000          0.000000
                    AmayaChicharro  -1.000000  0.000000          1            5.000000          0.000000
                        Amandaclee   0.000000  0.000000          2            1.000000          0.000000
                         Amandable   1.000000  0.000000          1            3.000000          0.000000
not-logged-in-c3497b5fc106d1bebee2  -2.000000  0.000000          1           15.000000          0.000000
                      tester291927  -9.000000  0.000000          1           20.000000          0.000000
                            teyafc  -6.000000  0.000000          1           21.000000          0.000000
                        JRocSmooth   0.000000  0.000000          2            2.000000          0.000000
not-logged-in-c2eb4a66172ff71c292f   0.000000  0.000000          1            2.000000          0.000000
not-logged-in-c2561c1a500c5950e81d   1.000000  0.000000          1            3.000000          0.000000
not-logged-in-c4df0c28f116f6bbf8e3  -1.000000  0.000000          1            9.000000          0.000000
                          tbelk001   1.000000  0.000000          1            1.000000          0.000000
                      JBzooniverse   0.000000  0.000000          1            4.000000          0.000000
                             Amolm   0.000000  0.000000          2            1.000000          0.000000
not-logged-in-c79991e455893c958830   1.000000  0.000000          1            2.000000          0.000000
not-logged-in-c791ca6b96c0e4e36020  -1.000000  0.000000          1           10.000000          0.000000
not-logged-in-c78fc65af10d161b3224  -2.000000  0.000000          1            3.000000          0.000000
                          IrisWang   3.000000  0.000000          1            1.000000          0.000000
not-logged-in-c76fd4206439e405786f   2.000000  0.000000          1            4.000000          0.000000
                            Irixib  -4.000000  0.000000          1           17.000000          0.000000
                        tasneemtrb   5.000000  0.000000          1            8.000000          0.000000
                          AmruthaR   0.000000  0.000000          1            1.000000          0.000000
           Isabella_Bloomberg_ENTS  -1.000000  0.000000          1            5.000000          0.000000
                         tayann103   6.000000  0.000000          2            7.000000          0.000000
                          Amonreii   5.000000  0.000000          1           21.000000          0.000000
                         ItsMhmdZA   4.000000  0.000000          1            2.000000          0.000000
not-logged-in-c56effb5541e3492b2bb   0.000000  0.000000          1            1.000000          0.000000
                      IvanConcon21   0.000000  0.000000          1            2.000000          0.000000
not-logged-in-c62c4d70cad3cc352c00  -6.000000  0.000000          2            8.500000          0.000000
                      tbaughman.03   0.000000  0.000000          1            5.000000          0.000000
                       JAGADEESH97   0.000000  0.000000          1            3.000000          0.000000
not-logged-in-c5e9bf26b1542bd6ba05  -7.000000  0.000000          1           32.000000          0.000000
not-logged-in-c5e7ace9e164825fc9fa   0.000000  0.000000          1            1.000000          0.000000
not-logged-in-c5e60cb59701c687ed99   0.000000  0.000000          1            1.000000          0.000000
not-logged-in-c5cb70f4eb3b6d744c14   2.000000  0.000000          1           15.000000          0.000000
                        tfarrell22   0.000000  0.000000          1            1.000000          0.000000
not-logged-in-c57c5bead656570e40c7   1.000000  0.000000          1            1.000000          0.000000
                            JAtnes   0.000000  0.000000          3            2.333333          0.000000
not-logged-in-c2322dd3e39ba8028105  -4.000000  0.000000          1            8.000000          0.000000
                              Alzz   0.000000  0.000000          1            3.000000          0.000000
                           JackC01  -1.000000  0.000000          1            6.000000          0.000000
                       tonysellors   0.000000  0.000000          3            4.000000          0.000000
not-logged-in-beb4beef3ce12c418afd   0.000000  0.000000          1            1.000000          0.000000
not-logged-in-bea682d4d2a0cd27dd3a   0.000000  0.000000          1            5.000000          0.000000
                           AlexDan   2.000000  0.000000          1            9.000000          0.000000
                           tlerant   7.000000  0.000000          1            3.000000          0.000000
                       tlynntalley   0.000000  0.000000          1            1.000000          0.000000
                   Alessandro52132   0.000000  0.000000          1            1.000000          0.000000
not-logged-in-bdf48ca52c4a68978e29   0.000000  0.000000          1            1.000000          0.000000
                           Albarut  -1.000000  0.000000          1            6.000000          0.000000
                             JakkV  -7.000000  0.000000          1           26.000000          0.000000
                         JamJamJam  -2.000000  0.000000          2            9.000000          0.000000
                    JamieGillespie   0.000000  0.000000          3           12.000000          0.000000
not-logged-in-bd5ab119445e19f56734   0.000000  0.000000          1            1.000000          0.000000
not-logged-in-bd36af38dc745bfc02a6 -10.000000  0.000000          1           30.000000          0.000000
                        AlaskaDave   1.000000  0.000000          1            1.000000          0.000000
             tjlovesfunhotmail.com  -5.000000  0.000000          1           10.000000          0.000000
                            AlanaR  -6.000000  0.000000          1            8.000000          0.000000
                      JasonTFusaro  -1.000000  0.000000          1            9.000000          0.000000
not-logged-in-bcba670068f6a8aae6a6  -8.000000  0.000000          1           10.000000          0.000000
                       tphillips22  -2.000000  0.000000          1           14.000000          0.000000
                         tpierce89   1.000000  0.000000          1            1.000000          0.000000
                      traciinmarin   4.000000  0.000000          1            1.000000          0.000000
                          Aireonna   0.000000  0.000000          1            2.000000          0.000000
                         Jayholly4   5.000000  0.000000          1           12.000000          0.000000
not-logged-in-bb966678d89f5a666cda  -1.000000  0.000000          1            1.000000          0.000000
                      treebeard236   0.000000  0.000000          1            5.000000          0.000000
not-logged-in-bb2eed040c0ce19a97f9   0.000000  0.000000          1           17.000000          0.000000
not-logged-in-bb111ab51573f5ba82ea   7.000000  0.000000          1            1.000000          0.000000
                            trk003   1.000000  0.000000          2            3.000000          0.000000
not-logged-in-bec7b27a73adc93be675   0.000000  0.000000          1            6.000000          0.000000
not-logged-in-becc3799392137786a73   0.000000  0.000000          1            2.000000          0.000000
not-logged-in-c200abed4425e7c35998  -9.000000  0.000000          1           22.000000          0.000000
                           AlleG22   1.000000  0.000000          1            8.000000          0.000000
not-logged-in-c7bca55768df848954b8  -5.000000  0.000000          1           17.000000          0.000000
                          Alyssa_M   0.000000  0.000000          1            1.000000          0.000000
                            the354   0.000000  0.000000          1            4.000000          0.000000
                         AlwynTong   0.000000  0.000000          1            1.000000          0.000000
                        thejhonnie   1.000000  0.000000          1            2.000000          0.000000
                        JackKeller  36.000000  0.000000          1            7.000000          0.000000
                      thelittlefox  -3.000000  0.000000          1           10.000000          0.000000
                             ther1   2.000000  0.000000          1           11.000000          0.000000
                          Alleebee   0.000000  0.000000          2            2.000000          0.000000
not-logged-in-c17d190c5a0daca1f393  -4.000000  0.000000          1           22.000000          0.000000
               theveryworstmonster   4.000000  0.000000          1            5.000000          0.000000
not-logged-in-c1295c2b35c0df6edd98   1.000000  0.000000          1            3.000000          0.000000
not-logged-in-c0ec476e4a802c0f9020 -10.000000  0.000000          1           14.000000          0.000000
                            Jaco_k   0.000000  0.000000          2            7.000000          0.000000
                         AlexTiffe   4.000000  0.000000          1            2.000000          0.000000
not-logged-in-c079dfcf25c777413252  -3.000000  0.000000          1            8.000000          0.000000
                       thomasj2212  -2.000000  0.000000          1            8.000000          0.000000
                    thunderdavis44   1.000000  0.000000          1            4.000000          0.000000
not-logged-in-c06bce320f494785cc4b  -8.000000  0.000000          1           20.000000          0.000000
not-logged-in-c039f8c25ba262529937 -10.000000  0.000000          1           22.000000          0.000000
                        Alexpowe56   1.000000  0.000000          1            5.000000          0.000000
                    Alexander_bell   0.000000  0.000000          1           10.000000          0.000000
                    Jacob_mckibben   0.000000  0.000000          1           12.000000          0.000000
                      Alexander210   1.000000  0.000000          1            1.000000          0.000000
not-logged-in-c007aaf0b9bcee48a6d4   3.000000  0.000000          1           12.000000          0.000000
                        tjforsythe   0.000000  0.000000          1            2.000000          0.000000
                         JadeBehan   0.000000  0.000000          1            1.000000          0.000000
                          tjfrader   0.000000  0.000000          2            1.500000          0.000000
not-logged-in-c7a15880f1b0e8d3b9f4   2.000000  0.000000          1            2.000000          0.000000
                            tallia   0.500000  0.000000          1            3.500000          0.000000
not-logged-in-c7c614eb80d9437abf42  -4.000000  0.000000          1            6.000000          0.000000
                          AnnaG234 -12.000000  0.000000          1           16.000000          0.000000
                      starfish1116   0.000000  0.000000          2            3.500000          0.000000
                         Hector451   2.000000  0.000000          1            1.000000          0.000000
not-logged-in-d2f72e9a1ee857e199ee  -1.000000  0.000000          1            4.000000          0.000000
                           Helerin   3.000000  0.000000          1           14.000000          0.000000
                            Heliav  -3.000000  0.000000          1           12.000000          0.000000
                        starfury81   2.000000  0.000000          1            2.000000          0.000000
                         Hellinnit   2.000000  0.000000          2            1.500000          0.000000
not-logged-in-d281ff931cbd763e5ffa   1.000000  0.000000          1            1.000000          0.000000
                        starlinunn   2.000000  0.000000          1            1.000000          0.000000
not-logged-in-d278c82bab8a5e5237a8   3.000000  0.000000          1            2.000000          0.000000
                    Henry.Etlinger  -1.000000  0.000000          1            7.000000          0.000000
                       Annapoorani   1.000000  0.000000          1            5.000000          0.000000
                        stellableu   7.000000  0.000000          1            1.000000          0.000000
                         Henrycb02   2.000000  0.000000          2           12.500000          0.000000
not-logged-in-c7d6c2c4415a3538a771   0.000000  0.000000          1            2.000000          0.000000
                  strangehamburger   1.000000  0.000000          1            5.000000          0.000000
not-logged-in-d142421509030688a3c5   0.000000  0.000000          1            1.000000          0.000000
                           strlmon   3.000000  0.000000          1           15.000000          0.000000
                          stsicola  -1.000000  0.000000          2            7.500000          0.000000
            HideyukiMorotomi_Japan   0.000000  0.000000          1            2.000000          0.000000
                        Hieme_1828   0.000000  0.000000          1            5.000000          0.000000
not-logged-in-d0a5f845835c1a958674   4.000000  0.000000          1            8.000000          0.000000
not-logged-in-d0a58c8421287f53892e   0.000000  0.000000          2            2.000000          0.000000
                          Hihi1245  -5.000000  0.000000          1           11.000000          0.000000
not-logged-in-d06a396397468ea3e7f5   0.000000  0.000000          1            2.000000          0.000000
not-logged-in-d054306a5c474f2bd42c   1.000000  0.000000          1            3.000000          0.000000
                           Hirolyn  -2.000000  0.000000          1            3.000000          0.000000
                     stu2413122014   1.000000  0.000000          1            1.000000          0.000000
                        starcastle   1.000000  0.000000          1            2.000000          0.000000
not-logged-in-d320aa4735ccd840c869  18.000000  0.000000          1           26.000000          0.000000
                    HaydeePreciado  -1.000000  0.000000          1            9.000000          0.000000
not-logged-in-d32de545ac085a269503  -8.000000  0.000000          1           12.000000          0.000000
                             Ham06   0.000000  0.000000          1            2.000000          0.000000
                    Anthony_Pierce   0.000000  0.000000          1            1.000000          0.000000
not-logged-in-d71a7d17899da7a291d4  -1.000000  0.000000          1           11.000000          0.000000
not-logged-in-d670f95ad53c345e71aa   0.000000  0.000000          1            1.000000          0.000000
                            Hanhes  -1.000000  0.000000          1            2.000000          0.000000
not-logged-in-d6193dedcd042615a292 -11.000000  0.000000          1           18.000000          0.000000
                        Hanshrneen  -2.000000  0.000000          1            4.000000          0.000000
not-logged-in-d60d6cce4bdcf3ee1291  -3.000000  0.000000          1            5.000000          0.000000
not-logged-in-d5f0c2375087530f1d4c   0.000000  0.000000          1            2.000000          0.000000
                      Anshika12345  13.000000  0.000000          1            8.000000          0.000000
                             Anosh   2.000000  0.000000          1            3.000000          0.000000
                          ssilvest   1.000000  0.000000          1            2.000000          0.000000
   Hark_Riyat_BLP_LEGAL_Compliance   0.000000  0.000000          1            4.000000          0.000000
                         Annie2008   0.000000  0.000000          1            3.000000          0.000000
                            AnneKG   2.000000  0.000000          1           18.000000          0.000000
not-logged-in-d474829c641fd44b9e16   0.000000  0.000000          1            3.000000          0.000000
                         stadsmuis  -3.000000  0.000000          1            3.000000          0.000000
                        Harmonova1   2.000000  0.000000          1           10.000000          0.000000
not-logged-in-d3f3cfdd8f3f0f1729fe  -1.000000  0.000000          1            3.000000          0.000000
not-logged-in-d3c2ed6c78889ae5440f   0.000000  0.000000          2            3.500000          0.000000
                        standleydj  -1.000000  0.000000          1            4.000000          0.000000
                         Harry0106  -2.000000  0.000000          1           22.000000          0.000000
not-logged-in-d3af670f941a5185d7aa   2.000000  0.000000          1            3.000000          0.000000
                          Harsh546  14.000000  0.000000          1            5.000000          0.000000
                      HartejGrewal  -6.000000  0.000000          1           38.000000          0.000000
                        Harvijadav   6.000000  0.000000          1            8.000000          0.000000
not-logged-in-d3518b2479d7af6c2208   1.000000  0.000000          1            2.000000          0.000000
                         suhyuklee   0.000000  0.000000          1           12.000000          0.000000
not-logged-in-cfcb165085416bb961c5  -3.000000  0.000000          1           10.000000          0.000000
                             sum11   0.000000  0.000000          1            3.000000          0.000000
                           Igorllm   0.000000  0.000000          1            3.000000          0.000000
                          Andrei11  -7.000000  0.000000          1           14.000000          0.000000
not-logged-in-cb6c6b305a6a154a97de   1.000000  0.000000          1            5.000000          0.000000
                 Ihateeverybody808   2.000000  0.000000          1            8.000000          0.000000
                      Ilikemacbeth   2.000000  0.000000          1            6.000000          0.000000
               AncalagonTheBlack20   0.000000  0.000000          5            4.000000          0.000000
                       Iluvsch2724 -15.000000  0.000000          1           30.000000          0.000000
                   Ilya_Ganpantura   0.000000  0.000000          1            1.000000          0.000000
                            t10000 -17.000000  0.000000          1           29.000000          0.000000
                          Imogen12   1.000000  0.000000          1            5.000000          0.000000
                        t_wisted53   2.000000  0.000000          1            1.000000          0.000000
                          taande30  -1.000000  0.000000          1            3.000000          0.000000
                       tabir.ahmed   5.000000  0.000000          1            2.000000          0.000000
                       AnastasiaEE   0.000000  0.000000          2            1.500000          0.000000
                         taksheels   0.000000  0.000000          1            3.000000          0.000000
not-logged-in-c9931bf51f5969d7acc6  -5.000000  0.000000          1            9.000000          0.000000
not-logged-in-c984eb6e5cd513a0470c   2.000000  0.000000          1            1.000000          0.000000
not-logged-in-c927b460665ea7dccfc6   0.000000  0.000000          1            7.000000          0.000000
                          AnaelyPB   0.000000  0.000000          1            1.000000          0.000000
                        Indarnapar  -3.000000  0.000000          1            3.000000          0.000000
not-logged-in-c84af3da0bce75942688  -3.000000  0.000000          1            8.000000          0.000000
not-logged-in-c84597419ea904095276   0.000000  0.000000          1            1.000000          0.000000
                  InfinityTrapdoor   0.000000  0.000000          1           10.000000          0.000000
not-logged-in-c8237862d95609e60eef   0.000000  0.000000          1            5.000000          0.000000
                      IngeLeyssens   0.000000  0.000000          1            1.000000          0.000000
not-logged-in-baffc428c697db589433   0.000000  0.000000          2           13.500000          0.000000
                          tangdake   0.000000  0.000000          2            5.000000          0.000000
not-logged-in-c7db2c966caf699a5490  -7.000000  0.000000          1           10.000000          0.000000
not-logged-in-cb9bdc60501213884e0b  -3.000000  0.000000          1            4.000000          0.000000
                         Andrewde1   0.000000  0.000000          1           11.000000          0.000000
                        HotRodRuss   0.000000  0.000000          1            1.000000          0.000000
not-logged-in-cbd2b1fc17d02c2e2bea   0.000000  0.000000          3            2.333333          0.000000
                             Hozan   0.000000  0.000000          3            6.666667          0.000000
                     AnjanHansra11  -7.000000  0.000000          2           13.000000          0.000000
                       AniqaAlam25   1.000000  0.000000          1            1.000000          0.000000
                    superharpersci   1.000000  0.000000          1            3.000000          0.000000
                      Humayra_Tuba   0.000000  0.000000          1            5.000000          0.000000
                    supernova1987A  -5.000000  0.000000          1           24.000000          0.000000
                           Humna23   1.000000  0.000000          1           27.000000          0.000000
                             IMoon  -1.000000  0.000000          1            8.000000          0.000000
not-logged-in-ce2e602b50ff7bc56f84  -1.000000  0.000000          1           15.000000          0.000000
not-logged-in-ce10d35456a2231d504c   0.000000  0.000000          1            1.000000          0.000000
not-logged-in-cdfc9b3236eaf7f9135f  -6.000000  0.000000          1            7.000000          0.000000
not-logged-in-cdc7cbe0d0b0cd882266  -4.000000  0.000000          1           19.000000          0.000000
not-logged-in-cdb8fb3bfb902ef55cf9   4.000000  0.000000          1            5.000000          0.000000
                     AngusNicholls   0.000000  0.000000          1            2.000000          0.000000
                            Angiss   0.000000  0.000000          1            2.000000          0.000000
not-logged-in-cd76d3362c152e917709   0.000000  0.000000          3            1.333333          0.000000
                           suzie05   0.000000  0.000000          1            1.000000          0.000000
                           svennie  -2.000000  0.000000          1            6.000000          0.000000
                      AngelLee4559   4.000000  0.000000          1            2.000000          0.000000
not-logged-in-cd2dd4907a6edaa4bb59   0.000000  0.000000          1            8.000000          0.000000
                         ISUCitSci   5.000000  0.000000          1            1.000000          0.000000
                       Iamdumb2000 -12.000000  0.000000          1           16.000000          0.000000
                           Iamjpqa   2.000000  0.000000          1            3.000000          0.000000
                          IantoLis   0.000000  0.000000          1            8.000000          0.000000
not-logged-in-cc521352ec9aeef1319a   0.000000  0.000000          1            3.000000          0.000000
not-logged-in-cc31efa59ad2a2751e0f   2.000000  0.000000          1           14.000000          0.000000
                         swiiftiie   1.000000  0.000000          1            2.000000          0.000000
                           Aielina  -2.000000  0.000000          1           11.000000          0.000000
                         JeanNimes   1.000000  0.000000          1            1.000000          0.000000
not-logged-in-badb0a99c1f708c1b974   0.000000  0.000000          1           10.000000          0.000000
                      25hwangemann   0.000000  0.000000          1            9.000000          0.000000
                            yanyam   0.000000  0.000000          2            3.000000          0.000000
not-logged-in-a9ee9c4ff46b689034d6   1.000000  0.000000          1            1.000000          0.000000
                    yashbundile_04  -9.000000  0.000000          1           19.000000          0.000000
                            26ifox   0.000000  0.000000          2            3.000000          0.000000
                          26cwerth   1.000000  0.000000          1            1.000000          0.000000
not-logged-in-a97b58b59f20dfed96fc -40.000000  0.000000          1           50.000000          0.000000
                       ytsesleeper   0.000000  0.000000          1            5.000000          0.000000
not-logged-in-a97b333b827cbc4b0229   1.000000  0.000000          1            7.000000          0.000000
not-logged-in-a8fb4c011e533e2c44e0   2.000000  0.000000          2            4.000000          0.000000
                           KalvinL   0.000000  0.000000          3            1.666667          0.000000
                             Kamks   0.000000  0.000000          3            5.666667          0.000000
                        26Kfischer  -1.000000  0.000000          1            4.000000          0.000000
                          Kamrynmg   0.000000  0.000000          2            5.000000          0.000000
                         25hallnev  -4.000000  0.000000          1            5.000000          0.000000
                          25cmroof  -3.000000  0.000000          1            8.000000          0.000000
not-logged-in-a8776e7379179eaf8755  -1.000000  0.000000          1           13.000000          0.000000
not-logged-in-a860261a7730f123c124   0.000000  0.000000          2            1.000000          0.000000
not-logged-in-a7e55de10b4e781c29e8   0.000000  0.000000          2            1.000000          0.000000
                    yussrakedjouti  -4.000000  0.000000          1           10.000000          0.000000
                  KangSae-byeok067 -10.000000  0.000000          1           18.000000          0.000000
                         KaraAlber  -1.000000  0.000000          2           11.500000          0.000000
not-logged-in-a7479c7a8ae9dca9d345   0.000000  0.000000          1            4.000000          0.000000
                          Kargansk  -5.000000  0.000000          1           20.000000          0.000000
                       25edreiling   2.000000  0.000000          1           14.000000          0.000000
not-logged-in-a700a0a510a875a62db3   0.000000  0.000000          3            2.666667          0.000000
not-logged-in-a6de28159c148b232596   5.000000  0.000000          1           14.000000          0.000000
                         Kashmiree   1.000000  0.000000          1            5.000000          0.000000
                     Katie_Eutsler   0.000000  0.000000          1            1.000000          0.000000
                         26tstults  -1.000000  0.000000          1           21.000000          0.000000
                             K_P_D   3.000000  0.000000          1            1.000000          0.000000
                            36548L  -1.000000  0.000000          1           27.000000          0.000000
                           KZaucha   0.000000  0.000000          1            7.000000          0.000000
not-logged-in-ac8d088a5940fad7b2f4   1.000000  0.000000          1            4.000000          0.000000
                     x-StarPilot-x  -2.000000  0.000000          1           10.000000          0.000000
not-logged-in-ac6dc0b544bc624eb12c   8.000000  0.000000          1            5.000000          0.000000
                        JuggoVuggo   0.000000  0.000000          2            5.000000          0.000000
                         862442600  13.000000  0.000000          1           13.000000          0.000000
not-logged-in-ac5ad51ff8baaa925bac  -3.000000  0.000000          1           10.000000          0.000000
                         xavier.11   0.000000  0.000000          1            2.000000          0.000000
                         47_76_113  -1.000000  0.000000          2           10.000000          0.000000
                          Julie-M.   0.000000  0.000000          1            5.000000          0.000000
                         469979621   2.000000  0.000000          1            2.000000          0.000000
not-logged-in-abb5ce41a3ee044ad137   2.000000  0.000000          1            1.000000          0.000000
not-logged-in-ab87a90ae7a063223abb   3.000000  0.000000          1            2.000000          0.000000
not-logged-in-ab833db6b706fe604047   0.000000  0.000000          1            2.000000          0.000000
not-logged-in-ab6f067e4b884e305b7a  -1.000000  0.000000          1           17.000000          0.000000
                         xvaldez26   0.000000  0.000000          2            5.500000          0.000000
not-logged-in-ab670691491abf6717f1   0.000000  0.000000          1            9.000000          0.000000
                            453191  28.000000  0.000000          1           20.000000          0.000000
                    Jupiter2AlphaC   0.000000  0.000000          1            2.000000          0.000000
                            Juvana  -1.000000  0.000000          1            7.000000          0.000000
                        yankiwozzi   0.000000  0.000000          1            3.000000          0.000000
                         KAVIYA_HR  16.000000  0.000000          1            1.000000          0.000000
not-logged-in-ab458d106a7164bd072d   0.000000  0.000000          2            1.500000          0.000000
                            381830   6.000000  0.000000          1            1.000000          0.000000
not-logged-in-aac8a5f6699be783844b   0.000000  0.000000          1            1.000000          0.000000
                            yann_g   1.000000  0.000000          2            2.000000          0.000000
not-logged-in-aa915338c11ede9895e6  -1.000000  0.000000          1            1.000000          0.000000
                         KShep2023   0.000000  0.000000          1            3.000000          0.000000
                              zaik   0.000000  0.000000          1            1.000000          0.000000
                           zandert   0.000000  0.000000          1            2.000000          0.000000
not-logged-in-ba92746e4ed790d3a396  -2.000000  0.000000          1            2.000000          0.000000
                         zotnatasa   0.000000  0.000000          1            6.000000          0.000000
not-logged-in-a328a7bc099769b44a2c   0.000000  0.000000          1            1.000000          0.000000
not-logged-in-a2a89d6c44284d6c40bb   1.000000  0.000000          1            3.000000          0.000000
not-logged-in-a286543b8c4cc7cca9a8   2.000000  0.000000          1           22.000000          0.000000
                             Khagn -18.000000  0.000000          1           41.000000          0.000000
                          216308LM  -1.000000  0.000000          1           10.000000          0.000000
                           2159209   0.000000  0.000000          1           27.000000          0.000000
                           2156403   0.000000  0.000000          1            1.000000          0.000000
                           2152235  -1.000000  0.000000          1           15.000000          0.000000
                         Khalilldk  -1.000000  0.000000          1           13.000000          0.000000
                      zooniepierce  -4.000000  0.000000          1           17.000000          0.000000
                           2145458   0.000000  0.000000          1            3.000000          0.000000
not-logged-in-a18bd18229b8635e33de  -3.000000  0.000000          1           11.000000          0.000000
           2142314jeffcoschools.us  -1.000000  0.000000          1            7.000000          0.000000
not-logged-in-a181718e59c576a556e3   0.000000  0.000000          1            1.000000          0.000000
                      zantheman575   0.000000  0.000000          2            1.500000          0.000000
                          Kirachan   3.000000  0.000000          1           17.000000          0.000000
                           Kirazin  -3.000000  0.000000          1           14.000000          0.000000
                        zsethereal   1.000000  0.000000          1            1.000000          0.000000
not-logged-in-a170c6fb1363ae750023  -3.000000  0.000000          1           27.000000          0.000000
                           2134255  -3.000000  0.000000          1           13.000000          0.000000
                          00302988  -2.000000  0.000000          1            7.000000          0.000000
                          Kishmish   0.000000  0.000000          1            7.000000          0.000000
not-logged-in-a0f580c5ed5aa5f69842   0.000000  0.000000          1            1.000000          0.000000
not-logged-in-a0dd0dbb29652315a5c4  -2.000000  0.000000          1            4.000000          0.000000
                          Kiwi1010   3.000000  0.000000          1            3.000000          0.000000
                            Kiwing  -1.000000  0.000000          1           15.000000          0.000000
                      ...lunaaa... -27.000000  0.000000          1           50.000000          0.000000
                            Knif33   1.000000  0.000000          1            1.000000          0.000000
                           ziyaoma  -1.000000  0.000000          1           13.000000          0.000000
                           2170558   0.000000  0.000000          1            1.000000          0.000000
                          ziellaaa -12.000000  0.000000          1           12.000000          0.000000
not-logged-in-a33093ced6ff45e0f9ac   0.000000  0.000000          1            9.000000          0.000000
not-logged-in-a6745acaaba92c556d37   0.000000  0.000000          1            2.000000          0.000000
not-logged-in-a6528e3346bb063ca9f5 -16.000000  0.000000          1           25.000000          0.000000
                           2229261  -3.000000  0.000000          1           21.000000          0.000000
not-logged-in-a5c5a28d1e3687d49ae5   0.000000  0.000000          1            2.000000          0.000000
                        zbergstrom   1.500000  0.000000          1            3.500000          0.000000
                        zeldasbear   0.000000  0.000000          1            5.000000          0.000000
not-logged-in-a53b4fe9b2010a8e7dcf   0.000000  0.000000          1            1.000000          0.000000
not-logged-in-a512980781b9e8eb7be5  -3.000000  0.000000          1           11.000000          0.000000
                       Kaup2140774   0.000000  0.000000          1            2.000000          0.000000
                           2217624   0.000000  0.000000          1           10.000000          0.000000
not-logged-in-a49ee484641cf6143a4a   0.000000  0.000000          1           17.000000          0.000000
not-logged-in-a4879dd626e59a304127   0.000000  0.000000          1            1.000000          0.000000
                           Kc33678   1.000000  0.000000          1           12.000000          0.000000
                            KeiraS   0.000000  0.000000          1            3.000000          0.000000
                    zeniahkarim112  -2.000000  0.000000          1            4.000000          0.000000
                           Keith-D   0.000000  0.000000          1            6.000000          0.000000
                    KellyClitheroe   3.000000  0.000000          1           21.000000          0.000000
not-logged-in-a44dd82b293572b2638d   0.000000  0.000000          1            3.000000          0.000000
                         Keosha707   5.000000  0.000000          1            2.000000          0.000000
not-logged-in-a3d57bd954e4329c8fe3   0.000000  0.000000          1            1.000000          0.000000
not-logged-in-a3b6bb38b20ad1dacb2c  -1.000000  0.000000          1            2.000000          0.000000
not-logged-in-a3a113e496865b11b9ec  -2.000000  0.000000          2           12.500000          0.000000
                        Keshab_oli  -1.000000  0.000000          1            3.000000          0.000000
                      zhengtianhao   0.000000  0.000000          1            1.000000          0.000000
                           Kgauth2  -1.000000  0.000000          1            2.000000          0.000000
not-logged-in-a3731263f12a39b71bde   0.000000  0.000000          1            1.000000          0.000000
not-logged-in-a339f576f6a45d67a580   1.000000  0.000000          1            7.000000          0.000000
not-logged-in-ac9a24a33228246f64ff   1.000000  0.000000          1            3.000000          0.000000
not-logged-in-ac9e35ebd439eddee4fe  -6.000000  0.000000          1            7.000000          0.000000
                        Juan.Ramon   2.000000  0.000000          1            3.000000          0.000000
not-logged-in-b3b026dba04975564312  -6.000000  0.000000          1           24.000000          0.000000
                         JeroSaenz   0.000000  0.000000          1            2.000000          0.000000
not-logged-in-b60611bf523938fffab6   1.000000  0.000000          1            2.000000          0.000000
not-logged-in-b604495e18d68e93c80a   2.000000  0.000000          1            3.000000          0.000000
                              uve3  10.000000  0.000000          1           40.000000          0.000000
not-logged-in-b5bb01e756a093b11cdc  -1.000000  0.000000          1            8.000000          0.000000
not-logged-in-b57fe0da04cf83400422  -1.000000  0.000000          1            8.000000          0.000000
not-logged-in-b4cd78473ce6c68008e3 -23.000000  0.000000          1           23.000000          0.000000
                             v6son  -3.000000  0.000000          1            4.000000          0.000000
not-logged-in-b41b0af88d71ab3ba6d9   4.000000  0.000000          1            2.000000          0.000000
                     vaishnavi0823   2.000000  0.000000          1            1.000000          0.000000
not-logged-in-b3fbd77bc5ec25104bd0   3.000000  0.000000          1           12.000000          0.000000
                        Adityabade   2.000000  0.000000          1            1.000000          0.000000
                        Jesusluv24  11.000000  0.000000          1            5.000000          0.000000
not-logged-in-b3ad1ffa84f3878ade52   0.000000  0.000000          2            1.000000          0.000000
                           wynterp   0.000000  0.000000          5            1.400000          0.000000
not-logged-in-b3aae516a515d25e5886  -1.000000  0.000000          1            3.000000          0.000000
not-logged-in-b39dec4f558da787f52f   6.000000  0.000000          1            2.000000          0.000000
                           Jetter3  -2.000000  0.000000          1            3.000000          0.000000
                     Jewell2203538   2.000000  0.000000          1            1.000000          0.000000
not-logged-in-b332f8b705c8fc9a3ff6   1.000000  0.000000          2            8.000000          0.000000
                             Jez58  -9.000000  0.000000          1           25.000000          0.000000
                   Adanalvarez1529   0.000000  0.000000          1            3.000000          0.000000
                         vanmetera   3.000000  0.000000          1           21.000000          0.000000
                            Abzoro  -1.000000  0.000000          1            2.000000          0.000000
                         varnikrps  49.000000  0.000000          1            1.000000          0.000000
                        Jgbuchanan  -1.000000  0.000000          1            3.000000          0.000000
                    JimJamOfficial  -6.000000  0.000000          1           15.000000          0.000000
                         Abyss0503   0.000000  0.000000          1            2.000000          0.000000
                   AdrianaAzzolino   3.000000  0.000000          1            4.000000          0.000000
                    Adrianagrullon   2.000000  0.000000          1            1.000000          0.000000
not-logged-in-b6393bfb7b4281ea9bee   0.000000  0.000000          1           33.000000          0.000000
not-logged-in-b63b5449a2ae5ad1f634  -8.000000  0.000000          1            9.000000          0.000000
                      AntoinetteMK   0.000000  0.000000          1            1.000000          0.000000
not-logged-in-ba12af64b5088e346fd4   3.000000  0.000000          1            1.000000          0.000000
not-logged-in-b9c964fd0ce75e8caef5   2.000000  0.000000          1            5.000000          0.000000
               trustudentastronomy   4.000000  0.000000          1           16.000000          0.000000
not-logged-in-b98b85c209c908bf258e  -4.000000  0.000000          1           32.000000          0.000000
                         tsakajiri  -1.000000  0.000000          1            3.000000          0.000000
                          AidenH03   3.000000  0.000000          1            1.000000          0.000000
not-logged-in-b904ba272f295e653951   3.000000  0.000000          1            9.000000          0.000000
not-logged-in-b9002f8913ff19347a22   1.000000  0.000000          1            6.000000          0.000000
not-logged-in-b8d5bfd31c62b6645aef   0.000000  0.000000          1            1.000000          0.000000
                       tuckersachs   0.000000  0.000000          1            6.000000          0.000000
not-logged-in-b89452a1ffa3073fa401   1.000000  0.000000          1            5.000000          0.000000
not-logged-in-b8814e6126171b92055a   0.000000  0.000000          2            1.500000          0.000000
                         Agran3571   7.000000  0.000000          1            3.000000          0.000000
                             tyj11   2.000000  0.000000          1            1.000000          0.000000
                      JennBroekman -10.000000  0.000000          1           26.000000          0.000000
                           tylertc   1.000000  0.000000          1            7.000000          0.000000
                            Agnius   1.000000  0.000000          1            7.000000          0.000000
                      JenniferH.L.   1.000000  0.000000          1            2.000000          0.000000
not-logged-in-b785e3c0794c5375c0f0   0.000000  0.000000          1            3.000000          0.000000
not-logged-in-b760d31d64eabfa4f863   4.000000  0.000000          1            1.000000          0.000000
                           Jerf511  -2.000000  0.000000          1            3.000000          0.000000
not-logged-in-b731cd3a37c840331a59   0.000000  0.000000          1            2.000000          0.000000
                         AdriannaN   8.000000  0.000000          1            5.000000          0.000000
not-logged-in-b71e92ed98e379a06218   3.000000  0.000000          2            2.000000          0.000000
not-logged-in-b70bf1a8d816e796e61c -14.000000  0.000000          1           16.000000          0.000000
not-logged-in-b6d30f89eab0ddfd5900   0.000000  0.000000          2            8.000000          0.000000
not-logged-in-b29729ab1a3d4df3ab81  -5.000000  0.000000          2            6.000000          0.000000
                        Abelbluitt   2.000000  0.000000          1            9.000000          0.000000
not-logged-in-b29584930f25a6655778   0.000000  0.000000          1           11.000000          0.000000
                      JoshDaniells   0.000000  0.000000          1            2.000000          0.000000
not-logged-in-af72b5488a752754bcc1   0.000000  0.000000          1            9.000000          0.000000
                     Jovian_Pastry   0.000000  0.000000          2            1.500000          0.000000
                 wheretheseasleeps   0.000000  0.000000          1            1.000000          0.000000
not-logged-in-af5af2deb06ec06f33ef   0.000000  0.000000          1            6.000000          0.000000
not-logged-in-af54cac9102d63c8e380  -1.000000  0.000000          1            7.000000          0.000000
                         whistlesn   1.000000  0.000000          2            7.500000          0.000000
not-logged-in-af127a583c720df53fd0  -2.000000  0.000000          2            9.000000          0.000000
                    wildflowermira   0.000000  0.000000          1            1.000000          0.000000
                          wildinLA   1.000000  0.000000          1            4.000000          0.000000
                  williamhernandez  -1.000000  0.000000          1            3.000000          0.000000
                           ALBIR22   0.000000  0.000000          1            1.000000          0.000000
                     williamweaver   1.000000  0.000000          1            5.000000          0.000000
                         AGDarnell   0.000000  0.000000          2            2.500000          0.000000
                        wintherman  -1.000000  0.000000          1            1.000000          0.000000
not-logged-in-ae4329352fc41c677a25  -9.000000  0.000000          1           18.000000          0.000000
not-logged-in-ae051ba6622bd3c29005   0.000000  0.000000          1            1.000000          0.000000
                         wkane0002   3.000000  0.000000          2            4.000000          0.000000
                             AEhab   0.000000  0.000000          3            1.333333          0.000000
not-logged-in-adf33f2935ed944926a6   0.000000  0.000000          1            2.000000          0.000000
                          Jruiz242   1.000000  0.000000          1            7.000000          0.000000
                          wompwomp   4.000000  0.000000          1            1.000000          0.000000
                           woods58   0.000000  0.000000          1            1.000000          0.000000
                      AAcevedo0310   0.000000  0.000000          1            1.000000          0.000000
not-logged-in-ad704eec13c02be39c27  -1.000000  0.000000          1           13.000000          0.000000
                          wrackard   0.000000  0.000000          1            3.000000          0.000000
not-logged-in-ad5784953ba21111f102   0.000000  0.000000          1            1.000000          0.000000
not-logged-in-ad2ac92c213ea8af3c91   1.000000  0.000000          2            7.000000          0.000000
               weepingwillow_trees  -2.000000  0.000000          1           12.000000          0.000000
not-logged-in-b012b609fdbee1c1cea1   7.000000  0.000000          1            3.000000          0.000000
                      vianamayleen  -1.000000  0.000000          1            4.000000          0.000000
                    Josef_Zapletal   6.000000  0.000000          1            5.000000          0.000000
not-logged-in-b2734de13ae482085a9f   0.000000  0.000000          1            8.000000          0.000000
not-logged-in-b25123afdfab3aa4fdec   2.000000  0.000000          1            1.000000          0.000000
                           Jnord89   0.000000  0.000000          1            1.000000          0.000000
                          vicng.09  -1.000000  0.000000          1           12.000000          0.000000
not-logged-in-b1f792193574f1f70b84   0.000000  0.000000          1            3.000000          0.000000
                             Aaris  -1.000000  0.000000          1           17.000000          0.000000
                             viold   0.000000  0.000000          2            1.500000          0.000000
                           A_Ocall   6.000000  0.000000          1           12.000000          0.000000
                          vjrodri1   0.000000  0.000000          1           10.000000          0.000000
not-logged-in-b1c2384583461009c024   0.000000  0.000000          2            5.000000          0.000000
not-logged-in-b1998592bb5bd4fbc640  -1.000000  0.000000          1            7.000000          0.000000
not-logged-in-b15a3fc3a17619c3a727   1.000000  0.000000          1            2.000000          0.000000
                            Joms05   0.000000  0.000000          3            1.666667          0.000000
                    JonathanMartin  -1.000000  0.000000          1            6.000000          0.000000
not-logged-in-b10d5d8c6a52572a9f04   0.000000  0.000000          1            2.000000          0.000000
                          AQ_starz  -1.000000  0.000000          1           24.000000          0.000000
                            AP1925   0.000000  0.000000          1            5.000000          0.000000
not-logged-in-b0fd9c8a867330326fd8   4.000000  0.000000          1           10.000000          0.000000
                      ANKIT-TIWARI   5.000000  0.000000          1           13.000000          0.000000
                        vramdhanie   0.000000  0.000000          1            2.000000          0.000000
                          vrotundo  26.000000  0.000000          1            5.000000          0.000000
                          vzNap342   0.000000  0.000000          1            3.000000          0.000000
                            Jorned   1.000000  0.000000          1            8.000000          0.000000
not-logged-in-b0a2a2a7c6fa5781b37a   1.000000  0.000000          1            1.000000          0.000000
not-logged-in-b068f53157c0223fa69f   0.000000  0.000000          1            1.000000          0.000000
                            waniak   0.000000  0.000000          1            3.000000          0.000000
                          wcstarks   0.000000  0.000000          1            1.000000          0.000000
                       Hajarouhaga  -1.000000  0.000000          1            7.000000          0.000000
                       spiedrahita   1.000000  0.000000          2            2.500000          0.000000
                          Hagop.Az   0.000000  0.000000          1            5.000000          0.000000
                            CS0630   0.000000  0.000000          1            6.000000          0.000000
                           Ellie15   1.000000  0.000000          1            3.000000          0.000000
                        robelt2026   0.000000  0.000000          1            4.000000          0.000000
                    robertagilbert   0.000000  0.000000          1            1.000000          0.000000
                      robot_wizard   1.000000  0.000000          1            4.000000          0.000000
                          obrien.k   4.000000  0.000000          1            1.000000          0.000000
                             CassR   1.000000  0.000000          1            2.000000          0.000000
                          oberorka   0.000000  0.000000          1            1.000000          0.000000
                          Carmen01   0.000000  0.000000          1            1.000000          0.000000
                            Cam100   1.000000  0.000000          1            4.000000          0.000000
                    EmiliaHough123   0.000000  0.000000          1            1.000000          0.000000
                          roevwade  -1.000000  0.000000          1            6.000000          0.000000
                           oadenny  -1.000000  0.000000          1            2.000000          0.000000
                       romirmittal  -1.000000  0.000000          1            5.000000          0.000000
                           CRD7812  -1.000000  0.000000          1            7.000000          0.000000
                         Emma11113  -2.000000  0.000000          1           11.000000          0.000000
                          novameow   1.000000  0.000000          1            2.000000          0.000000
                        CPeter0926   0.000000  0.000000          1            3.000000          0.000000
                          rotolaur   0.000000  0.000000          1            1.000000          0.000000
not-logged-in-ffe9f359c88e270e7d5d  11.000000  0.000000          1            7.000000          0.000000
not-logged-in-ffcedfece24c1b049c43   0.000000  0.000000          1            4.000000          0.000000
not-logged-in-ff6804cdf82d6ac8297e   2.000000  0.000000          1            2.000000          0.000000
                        CP-Student   0.000000  0.000000          1            2.000000          0.000000
                       CN_Crescent   0.000000  0.000000          1            3.000000          0.000000
                      CL0R1ND3.RPG  -1.000000  0.000000          1            5.000000          0.000000
not-logged-in-ff4e36411dbe2592605b  -2.000000  0.000000          1           29.000000          0.000000
not-logged-in-ff15cc8aea90aff9069d   0.000000  0.000000          1            1.000000          0.000000
                             Emm15   0.000000  0.000000          1           13.000000          0.000000
                     Emma.Grimaldi   1.000000  0.000000          1            3.000000          0.000000
                       Ellagautier   1.000000  0.000000          1            3.000000          0.000000
                          Catapult   3.000000  0.000000          2            1.500000          0.000000
                           Cathy_P  -1.000000  0.000000          1           10.000000          0.000000
                         Catorange   4.000000  0.000000          1            4.000000          0.000000
                         Efrog1020   8.000000  0.000000          2            4.500000          0.000000
                             orzbn   0.000000  0.000000          1            5.000000          0.000000
                        orthopixie   0.000000  0.000000          2            2.000000          0.000000
                Charvi_singhria123   7.000000  0.000000          1            1.000000          0.000000
                            ElT4Ta   0.000000  0.000000          1            1.000000          0.000000
                   ElectronicAlien   0.000000  0.000000          3            1.000000          0.000000
                            rilkiv   0.000000  0.000000          2            2.500000          0.000000
                          EliBetta  -1.000000  0.000000          1            1.000000          0.000000
                        onovak1203   0.000000  0.000000          4            3.000000          0.000000
                         rishavray   0.000000  0.000000          3            2.333333          0.000000
                            omrish   0.000000  0.000000          1           18.000000          0.000000
                             rjb42   2.000000  0.000000          1            2.000000          0.000000
                           rjrcatz   0.000000  0.000000          1            1.000000          0.000000
                          omdursun   0.000000  0.000000          1            1.000000          0.000000
                           oluf3mi   1.000000  0.000000          1            1.000000          0.000000
                           Elias77   3.000000  0.000000          1           12.000000          0.000000
                            ElioLu -16.000000  0.000000          1           16.000000          0.000000
                   CharlesChalliah   0.000000  0.000000          2            5.000000          0.000000
                         oliviac99   0.000000  0.000000          1            4.000000          0.000000
                       oliviaahern   0.000000  0.000000          1            4.000000          0.000000
                          oligal01   3.000000  0.000000          1            1.000000          0.000000
                          okutanar  -1.000000  0.000000          1           21.000000          0.000000
                       okarathomas   0.000000  0.000000          1            3.000000          0.000000
                     Chairman_Meow   1.000000  0.000000          1            1.000000          0.000000
                      Elizabethkup   0.000000  0.000000          2            1.000000          0.000000
                          Cayden_B   0.000000  0.000000          1            6.000000          0.000000
                          EllaDeer   0.000000  0.000000          2            5.500000          0.000000
                          Byrdty16  -1.000000  0.000000          1            6.000000          0.000000
                        Emma200039   0.000000  0.000000          2            4.000000          0.000000
not-logged-in-d836e816d4f5c9d5e32a   4.000000  0.000000          1            2.000000          0.000000
not-logged-in-f8515bbc93c979a48e50   1.000000  0.000000          1            5.000000          0.000000
                           Bobrun2   0.000000  0.000000          1            6.000000          0.000000
                       ErinFleming   0.000000  0.000000          2            2.000000          0.000000
                         BoStinson   1.000000  0.000000          3            1.333333          0.000000
not-logged-in-fa172a6557634db4022c   3.000000  0.000000          1            1.000000          0.000000
not-logged-in-f9d9e6face5b38134ed4   0.000000  0.000000          1            1.000000          0.000000
not-logged-in-f9cf81d699bbaa563f5e   3.000000  0.000000          1            1.000000          0.000000
                ErinMcLaughlin1999 -32.000000  0.000000          1           41.000000          0.000000
not-logged-in-f97bef9768e63787edfc   0.000000  0.000000          1            4.000000          0.000000
not-logged-in-f94918ce5cac3c9e6580   2.000000  0.000000          1            6.000000          0.000000
not-logged-in-f9250f4c5f413e05415c   0.000000  0.000000          1            2.000000          0.000000
                          Erniepie   0.000000  0.000000          1            2.000000          0.000000
                       rylee.peak1  -6.000000  0.000000          1           11.000000          0.000000
not-logged-in-f88d1be8a29d14ff668d  -2.000000  0.000000          1            2.000000          0.000000
                            Erva68  -2.000000  0.000000          2            4.500000          0.000000
                        Empyrean55   0.000000  0.000000          1            1.000000          0.000000
                         BlendInto   1.000000  0.000000          1            1.000000          0.000000
                         ryleighlx  -9.000000  0.000000          1           10.000000          0.000000
not-logged-in-f7b67f1832dc7c502d33  -2.000000  0.000000          1           13.000000          0.000000
not-logged-in-f786cdd9df82c2388359  14.000000  0.000000          1           35.000000          0.000000
                           Bertude   0.000000  0.000000          1           10.000000          0.000000
not-logged-in-f761d9d358274f5cfbac   0.000000  0.000000          1            9.000000          0.000000
not-logged-in-f71c4e9c7ff4f86db648   5.000000  0.000000          1            6.000000          0.000000
not-logged-in-f7080243725d9d881d4d  -1.000000  0.000000          1           11.000000          0.000000
not-logged-in-f6c04abc9591f261415f   0.000000  0.000000          2            5.000000          0.000000
                         s28027951   0.000000  0.000000          1            1.000000          0.000000
                      EthanRamirez   4.000000  0.000000          1            5.000000          0.000000
                    Ethanspudmills   0.000000  0.000000          1           19.000000          0.000000
not-logged-in-f654d593f41976f5ba10  -2.000000  0.000000          1            3.000000          0.000000
                            Borto_   0.000000  0.000000          1            1.000000          0.000000
not-logged-in-fae0750ed57cdb11df29   1.000000  0.000000          1            2.000000          0.000000
                     BrandieMaddox   0.000000  0.000000          1            1.000000          0.000000
                   ryan.langston81   0.000000  0.000000          2            3.000000          0.000000
not-logged-in-fe8cdf21c641e48877b7   0.000000  0.000000          1            2.000000          0.000000
                          rshinkai   0.000000  0.000000          1            3.000000          0.000000
                          rsletten   0.000000  0.000000          4            1.000000          0.000000
not-logged-in-fe822ee08deb86debbfb   1.000000  0.000000          1            8.000000          0.000000
                           Endrias  -2.000000  0.000000          1           14.000000          0.000000
not-logged-in-fe56e8dfadccde86e682   0.000000  0.000000          3            9.666667          0.000000
                            Enious   0.000000  0.000000          1            1.000000          0.000000
                          Bshoptaw  37.000000  0.000000          1           13.000000          0.000000
not-logged-in-fe1dda7a3f8a846b03bb  -1.000000  0.000000          1           36.000000          0.000000
not-logged-in-fe1dcddd923bbad84057   1.000000  0.000000          1            3.000000          0.000000
                          ruby.t.s   0.000000  0.000000          1            3.000000          0.000000
not-logged-in-fe0d4592be37d58d311c   0.000000  0.000000          2            2.000000          0.000000
not-logged-in-fdcd4e96fdcb95d43ed5  -1.000000  0.000000          2            1.500000          0.000000
not-logged-in-fd472b24a08b2fef7b79   0.000000  0.000000          1            1.000000          0.000000
not-logged-in-fd2f3b9eff1cb3c12458   0.000000  0.000000          1            1.000000          0.000000
not-logged-in-fd2aede7986fb3b555cd  -2.000000  0.000000          1           18.000000          0.000000
                   Brother_Sothoth  14.000000  0.000000          1            6.000000          0.000000
not-logged-in-fc24f8c3cbcbb884676d   0.000000  0.000000          1            1.000000          0.000000
                  EnterTheNameHere   0.000000  0.000000          3            2.666667          0.000000
not-logged-in-fc0e7926bad1577c82ae  -2.000000  0.000000          1            4.000000          0.000000
                           rudyr01  -1.000000  0.000000          1            3.000000          0.000000
                            ruishi   0.000000  0.000000          1            5.000000          0.000000
not-logged-in-fb483d21a0ef45f41c43   1.000000  0.000000          1            1.000000          0.000000
not-logged-in-fb109b4a03d17e113dd8  -1.000000  0.000000          1           10.000000          0.000000
not-logged-in-fb1027a1039260b004fe -10.000000  0.000000          1           13.000000          0.000000
                          rwaubrie   0.000000  0.000000          1            2.000000          0.000000
                      BrandonS3451   0.000000  0.000000          1            4.000000          0.000000
                            Chemer   2.000000  0.000000          1           16.000000          0.000000
                          richwalk  14.000000  0.000000          1            4.000000          0.000000
                  EddieTheElevator  -2.000000  0.000000          1            5.000000          0.000000
                 parmagnus_utep814  45.000000  0.000000          1            1.000000          0.000000
                    parth_bhawsar3  -1.000000  0.000000          2            3.500000          0.000000
                          Cris3377  -4.000000  0.000000          1           50.000000          0.000000
                        Cosmosis09   0.000000  0.000000          1            1.000000          0.000000
                      CosmicNature  11.000000  0.000000          1            3.000000          0.000000
                         prakash.d  -5.000000  0.000000          1            6.000000          0.000000
                           preduck   0.000000  0.000000          1            1.000000          0.000000
                       presquevu11   1.000000  0.000000          1            9.000000          0.000000
                 parmagnus_utep863   7.000000  0.000000          1            2.000000          0.000000
                            psross   1.000000  0.000000          1            3.000000          0.000000
                      psychocult83   0.000000  0.000000          1           13.000000          0.000000
                       Dawnweather   0.000000  0.000000          1            5.000000          0.000000
                 parmagnus_utep834  -3.000000  0.000000          1            7.000000          0.000000
                 parmagnus_utep833   1.000000  0.000000          3            3.333333          0.000000
                             Dazor  -1.000000  0.000000          2            6.500000          0.000000
                          Chris_75   3.000000  0.000000          1            3.000000          0.000000
                       pumpkin2500   1.000000  0.000000          1            1.000000          0.000000
                          Ddavis18  -1.000000  0.000000          1           27.000000          0.000000
                        purplerind  -2.000000  0.000000          1           15.000000          0.000000
                 parmagnus_utep769  16.000000  0.000000          1            4.000000          0.000000
                          pwhite00   1.000000  0.000000          1            1.000000          0.000000
                           DeeLTom  -1.000000  0.000000          1            7.000000          0.000000
                          CoraMoen   0.000000  0.000000          1            1.000000          0.000000
                            qpham4   1.000000  0.000000          1            4.000000          0.000000
                      quinnkorinek   0.000000  0.000000          1            1.000000          0.000000
                 parmagnus_utep667  -2.000000  0.000000          1            5.000000          0.000000
                            Delyth   0.000000  0.000000          1            1.000000          0.000000
                           Cora112  -1.000000  0.000000          1           13.000000          0.000000
                          Coopman0   0.000000  0.000000          1            9.000000          0.000000
                      positron2002   0.000000  0.000000          1            1.000000          0.000000
                  portiamurphy1028  -5.000000  0.000000          1            6.000000          0.000000
                   DarashikohRehan  -1.000000  0.000000          1            5.000000          0.000000
                         Danieltzd  -1.000000  0.000000          1            5.000000          0.000000
                     phenixlancien   0.000000  0.000000          2            1.500000          0.000000
                    phattharaphorn   0.000000  0.000000          1            2.000000          0.000000
                           pianoli  -6.000000  0.000000          1            7.000000          0.000000
                      DallenHarris   2.000000  0.000000          1            3.000000          0.000000
                  pinkkpandaa23345  -1.000000  0.000000          2            3.000000          0.000000
                  petesaunders1066   0.000000  0.000000          1            6.000000          0.000000
                        DanBoyFRCS  -5.000000  0.000000          1            9.000000          0.000000
              DaleBryTheScienceGuy   0.000000  0.000000          4            2.750000          0.000000
                             DaneH  -2.000000  0.000000          1           14.000000          0.000000
                    Dani_Dumbrique   0.000000  0.000000          1            2.000000          0.000000
                     DanielGreen27   1.000000  0.000000          1            5.000000          0.000000
                            peitrx  -0.500000  0.000000          1            1.500000          0.000000
                            pja21e -11.000000  0.000000          1           14.000000          0.000000
                       pkp_1232001  -2.000000  0.000000          1            6.000000          0.000000
                     peelybonehead   0.000000  0.000000          1            1.000000          0.000000
                             DJ253  -7.000000  0.000000          1            9.000000          0.000000
                         peachycat   2.000000  0.000000          1            7.000000          0.000000
                      DanielSoos93  -6.000000  0.000000          2           22.500000          0.000000
                         pduggan_1  -4.000000  0.000000          1            8.000000          0.000000
                              DHSO   4.000000  0.000000          1            6.000000          0.000000
             DanielleTourikian4034  -1.000000  0.000000          1           11.000000          0.000000
                          pbhan008  -6.000000  0.000000          1           14.000000          0.000000
                          DESVOIGT   4.000000  0.000000          1            4.000000          0.000000
                   poiuytrewq12345   0.000000  0.000000          1            8.000000          0.000000
                         pauljulie  -2.000000  0.000000          1            7.000000          0.000000
                       Cruncher999   0.000000  0.000000          1            4.000000          0.000000
                       Crownover34   2.000000  0.000000          1            1.000000          0.000000
                        CooperTrav   1.000000  0.000000          1           10.000000          0.000000
                 parmagnus_utep581   0.000000  0.000000          3            1.000000          0.000000
                         DianneP22   0.000000  0.000000          1            1.000000          0.000000
                 parmagnus_epcc086  -1.000000  0.000000          1            3.000000          0.000000
                  Dr_Ultra_Madness   1.500000  0.000000          1            3.500000          0.000000
                 parmagnus_epcc078   2.000000  0.000000          1           14.000000          0.000000
                         Cobie1205   0.000000  0.000000          1            3.000000          0.000000
                           CloryoV   4.000000  0.000000          1            6.000000          0.000000
                     DukeTheNobody  -5.000000  0.000000          1           11.000000          0.000000
                       CloneJediXI  -1.000000  0.000000          1            8.000000          0.000000
                    parav_goyal_ff  11.000000  0.000000          1            1.000000          0.000000
                         ClaudiaGS   0.000000  0.000000          1            1.000000          0.000000
not-logged-in-a04c0395c9e5f74c32f6  -1.000000  0.000000          1            8.000000          0.000000
                      Clark2263243   2.000000  0.000000          1            2.000000          0.000000
                      Clark2123731   0.000000  0.000000          1            7.000000          0.000000
                       Clare.Sweet   5.000000  0.000000          1           27.000000          0.000000
                           palasch  10.000000  0.000000          1           18.000000          0.000000
                         Ckemond11   6.000000  0.000000          1           14.000000          0.000000
                        relaratner  -4.000000  0.000000          1            4.000000          0.000000
                            padams   8.000000  0.000000          1            4.000000          0.000000
                          pacman24   1.000000  0.000000          1            7.000000          0.000000
                            pachya   3.000000  0.000000          1            1.000000          0.000000
                        Cjones1114  -1.000000  0.000000          1            2.000000          0.000000
                              ECP1   0.000000  0.000000          1            2.000000          0.000000
                     ETwhereareyou   1.000000  0.000000          2            3.500000          0.000000
                         Citizen.K   1.000000  0.000000          1           11.000000          0.000000
                        ozzfestnut   1.000000  0.000000          1            2.000000          0.000000
                   ChristianMadsen   0.000000  0.000000          2            2.500000          0.000000
                        EagleScout  -3.000000  0.000000          1            4.000000          0.000000
                    ChristianJancz   1.000000  0.000000          1            1.000000          0.000000
                     Easton2172326   1.000000  0.000000          1            9.000000          0.000000
                            rdhara  -6.000000  0.000000          1            6.000000          0.000000
                         rcrockett   1.000000  0.000000          1            6.000000          0.000000
                radioactive.wasabi  -4.000000  0.000000          1           13.000000          0.000000
                          Dr-Sutty   0.000000  0.000000          1            1.000000          0.000000
                        raffaele62   5.000000  0.000000          1            1.000000          0.000000
                   ragonesimichael   0.000000  0.000000          4            2.000000          0.000000
                            Dina.B  -5.000000  0.000000          1            8.000000          0.000000
                 parmagnus_utep570  -3.000000  0.000000          1            5.000000          0.000000
                 parmagnus_utep459  -5.000000  0.000000          1            8.000000          0.000000
                 parmagnus_utep449   0.000000  0.000000          2            2.000000          0.000000
                   rajibranjandhar  12.000000  0.000000          1            2.000000          0.000000
                          rangeman  -1.000000  0.000000          1            9.000000          0.000000
                      DisConsulate   0.000000  0.000000          1            2.000000          0.000000
                        raspberrhi   5.000000  0.000000          1           10.000000          0.000000
                         Dixierose   0.000000  0.000000          1            2.000000          0.000000
                 parmagnus_utep259  -5.000000  0.000000          1            8.000000          0.000000
                          Dlinnard   0.000000  0.000000          1            1.000000          0.000000
                         rayja0525  -3.000000  0.000000          1            6.000000          0.000000
                      Dmartinez727   0.000000  0.000000          2            7.000000          0.000000
                    rbelllightduty   2.000000  0.000000          1            3.000000          0.000000
                parmagnus_utep1104  26.000000  0.000000          1            6.000000          0.000000
                         rcanziani   0.000000  0.000000          1            2.000000          0.000000
                           rcasey1  -1.000000  0.000000          1            7.000000          0.000000
                parmagnus_utep1100  -1.000000  0.000000          1            6.000000          0.000000
                        DonutLord0   1.000000  0.000000          1            3.000000          0.000000
                          rchoi333   0.000000  0.000000          2            9.000000          0.000000
                parmagnus_utep1073   0.000000  0.000000          1            3.000000          0.000000
                          CocoCave  -1.000000  0.000000          1            6.000000          0.000000
                 parmagnus_utep058   0.000000  0.000000          1            3.000000          0.000000
                 parmagnus_utep027 -18.000000  0.000000          1           38.000000          0.000000
                           Douae.D   0.000000  0.000000          1            1.000000          0.000000
                     Eva.johannson   0.000000  0.000000          1            3.000000          0.000000
                         s28824761   0.000000  0.000000          1            7.000000          0.000000
                     EveCarruthers   0.000000  0.000000          2            1.000000          0.000000
                   sidekickavenger   0.000000  0.000000          3            1.333333          0.000000
                       AutumnCoyne   0.000000  0.000000          1            2.000000          0.000000
not-logged-in-e1beb613e00754e96892  -3.000000  0.000000          1            5.000000          0.000000
                          GoColeGo   2.000000  0.000000          1            3.000000          0.000000
                     shreyapatel19   0.000000  0.000000          1           14.000000          0.000000
                         shreyas08  -8.000000  0.000000          1           12.000000          0.000000
not-logged-in-e19d12c72c18395b617c   6.000000  0.000000          1            6.000000          0.000000
not-logged-in-e1685e98014f5c21e97d   0.000000  0.000000          1            1.000000          0.000000
                           Astron7   0.000000  0.000000          4            6.000000          0.000000
                         Goffineer   0.000000  0.000000          1            4.000000          0.000000
                           Gogil24  -6.000000  0.000000          1           17.000000          0.000000
                        shuang.hou   0.000000  0.000000          1            5.000000          0.000000
                            Goose_   0.000000  0.000000          1            1.000000          0.000000
                          shubbell  -3.000000  0.000000          1            4.000000          0.000000
                           Gopi_mb  -3.000000  0.000000          1           14.000000          0.000000
not-logged-in-e62040bcf2f1a7abadc6 -15.000000  0.000000          1           31.000000          0.000000
not-logged-in-e02e3ab6aa5bb0f3ca24   0.000000  0.000000          1            1.000000          0.000000
                          GopikaSM   1.000000  0.000000          2            1.000000          0.000000
not-logged-in-dfbe622a7c218b617a4f   2.000000  0.000000          1            7.000000          0.000000
not-logged-in-dfab3c8ce05a5a399b4a   0.000000  0.000000          1            2.000000          0.000000
                   simone.menyhart   5.000000  0.000000          1            6.000000          0.000000
                           GraceBL   0.000000  0.000000          1            2.000000          0.000000
                   GraceNewman1957   2.000000  0.000000          1            1.000000          0.000000
                         AstroKrab   0.000000  0.000000          1            6.000000          0.000000
                        siyakhanna   1.000000  0.000000          1            9.000000          0.000000
                         skilaru66   2.000000  0.000000          1            1.000000          0.000000
                          skraczek   0.000000  0.000000          1           15.000000          0.000000
not-logged-in-de13c09be13c9f3298fd   3.000000  0.000000          1            1.000000          0.000000
not-logged-in-de0770797a252005efed   0.000000  0.000000          2            6.500000          0.000000
                       shogunmax10  40.000000  0.000000          1            8.000000          0.000000
                            AvaB0t   0.000000  0.000000          1            1.000000          0.000000
                          shipm4te   2.000000  0.000000          1            4.000000          0.000000
not-logged-in-e1ed0a1610f19fa7a3b6   0.000000  0.000000          1            2.000000          0.000000
                         Galaxy172  -1.000000  0.000000          1            7.000000          0.000000
                       shamsalmarz   0.000000  0.000000          1            8.000000          0.000000
                   shannonfranssen  -3.000000  0.000000          1           13.000000          0.000000
                          sharqden   2.000000  0.000000          1            1.000000          0.000000
                         Gaurav_rb   7.000000  0.000000          1           15.000000          0.000000
not-logged-in-e4e73ad3fd3f0f05d15b  -3.000000  0.000000          1           13.000000          0.000000
not-logged-in-e4cb7807a3762abef2f3  -3.000000  0.000000          1            7.000000          0.000000
not-logged-in-e48c089b9de4650aa039   0.000000  0.000000          1            3.000000          0.000000
                          shasan03   1.000000  0.000000          1            1.000000          0.000000
not-logged-in-e4737091c1c468a737a2   1.000000  0.000000          1            5.000000          0.000000
not-logged-in-e473200c4603dbc62eb6   0.000000  0.000000          4            1.750000          0.000000
                            Gauri.   0.000000  0.000000          1           10.000000          0.000000
                           Gavbo97   0.000000  0.000000          1            1.000000          0.000000
                           GavinSB   5.000000  0.000000          1           16.000000          0.000000
not-logged-in-e43be4e11865d4178593   0.000000  0.000000          2            2.500000          0.000000
                         Gbrown613  -4.000000  0.000000          1            8.000000          0.000000
not-logged-in-e3a7fe1012765633add8   0.000000  0.000000          1            5.000000          0.000000
                        GeoSpotter  -2.000000  0.000000          3           19.666667          0.000000
not-logged-in-e39f887d6aaf31e2188a  -7.000000  0.000000          1           14.000000          0.000000
                   Geraldinefarfan  -9.000000  0.000000          1            9.000000          0.000000
                           Ave1231   0.000000  0.000000          1            7.000000          0.000000
                           shikher  -2.000000  0.000000          1            4.000000          0.000000
                      GhenaMostafa -15.000000  0.000000          1           29.000000          0.000000
not-logged-in-e27d64c08713c77f47a8  -1.000000  0.000000          1            3.000000          0.000000
                       shimsha2005   1.000000  0.000000          1            6.000000          0.000000
                          Glenda23   3.000000  0.000000          1            1.000000          0.000000
not-logged-in-e20f8dcca775f442302c  -1.000000  0.000000          1            9.000000          0.000000
not-logged-in-ddf867f0cb33b6305b7a  -2.000000  0.000000          1           13.000000          0.000000
                     GrahamPitcher   0.000000  0.000000          2            2.500000          0.000000
not-logged-in-dd8d1461135837e747e7 -11.000000  0.000000          1           26.000000          0.000000
                            ArianK   0.000000  0.000000          1            1.000000          0.000000
not-logged-in-da6d4c0d28c6633334eb   2.000000  0.000000          1            6.000000          0.000000
not-logged-in-da43035bf85a218b7db2   1.000000  0.000000          1            4.000000          0.000000
not-logged-in-da111bbcf1e0a3a0ee3c   3.000000  0.000000          1            1.000000          0.000000
                             GuyAB  -2.000000  0.000000          1           17.000000          0.000000
                       sophiafolco   0.000000  0.000000          2            6.000000          0.000000
                     ArchieBseneca  -8.000000  0.000000          1           12.000000          0.000000
not-logged-in-da067db932e72fb7eed0   0.000000  0.000000          1            1.000000          0.000000
not-logged-in-d9ef36bed0af98911801   0.000000  0.000000          6            2.333333          0.000000
not-logged-in-d9eaafbcbc010b58036c  -9.000000  0.000000          1           11.000000          0.000000
                           Gwirrel   2.000000  0.000000          1            3.000000          0.000000
                      sophiamurphy   0.000000  0.000000          1            1.000000          0.000000
not-logged-in-d96fa4b19f8cdadd5406  -1.000000  0.000000          1           12.000000          0.000000
                       sophiegross -16.000000  0.000000          1           18.000000          0.000000
                             Ar468   0.000000  0.000000          1            2.000000          0.000000
                     Aqualove30000   0.000000  0.000000          1            2.000000          0.000000
                    Appl3Raspb3rry   0.000000  0.000000          1            2.000000          0.000000
                          HaddenKH  -2.000000  0.000000          1            6.000000          0.000000
                        spaceplace   2.000000  0.000000          1            1.000000          0.000000
                          ApolloVI   0.000000  0.000000          2            3.500000          0.000000
not-logged-in-d9206b45d7c62fac8b85   1.000000  0.000000          1            1.000000          0.000000
not-logged-in-d8fd27dfaf81dd1abd26  -1.000000  0.000000          1           13.000000          0.000000
not-logged-in-d8ccd82d5d4fa4a6042d  -8.000000  0.000000          1           12.000000          0.000000
not-logged-in-d8c0e64510d7c65563cd   6.000000  0.000000          1            2.000000          0.000000
not-logged-in-d8a6372409bbabd3ae77   1.000000  0.000000          1            5.000000          0.000000
                         Dalesfolk   0.000000  0.000000          1            5.000000          0.000000
                           spitkin  -3.000000  0.000000          1           14.000000          0.000000
                          spositog   0.000000  0.000000          1            6.000000          0.000000
                          GutmanAl  -2.000000  0.000000          1           17.000000          0.000000
not-logged-in-dab48a9d1c2de1d3f5ec   0.000000  0.000000          1            1.000000          0.000000
                      skrelpskrelp  -1.000000  0.000000          1           15.000000          0.000000
                            solull   1.000000  0.000000          1            3.000000          0.000000
                           skyrayh   0.000000  0.000000          1            2.000000          0.000000
not-logged-in-dd8259d5066fe360a959   1.000000  0.000000          1            6.000000          0.000000
not-logged-in-dd71d715e61876779309   0.000000  0.000000          1            1.000000          0.000000
not-logged-in-dd5d172c76f4eaae57a6  -2.000000  0.000000          1            3.000000          0.000000
not-logged-in-dd427facaba10566c1e2   6.000000  0.000000          2            1.500000          0.000000
                         Asperibra  -1.000000  0.000000          2            8.000000          0.000000
                   slimethestudent   0.000000  0.000000         10            1.800000          0.000000
                         sliyanage   1.000000  0.000000          1            1.000000          0.000000
                         slushgirl   0.000000  0.000000          1            4.000000          0.000000
                       Greedy_Sin3 -11.000000  0.000000          1           12.000000          0.000000
                       GreenmanOTG   0.000000  0.000000          1            1.000000          0.000000
                      Ashtami_Anil   0.000000  0.000000          1            2.000000          0.000000
                             AryaL   0.000000  0.000000          1            4.000000          0.000000
not-logged-in-dc3bd8903ecb01dc7902  -1.000000  0.000000          1           15.000000          0.000000
                     ArvindKaushal   0.000000  0.000000          2            7.000000          0.000000
not-logged-in-dc030f23530aed86123a   2.000000  0.000000          1            4.000000          0.000000
                          snmcbeth   0.000000  0.000000          1            3.000000          0.000000
                         Gryphon79   1.000000  0.000000          1            5.000000          0.000000
not-logged-in-db9936e62750eb23367a  21.000000  0.000000          1            4.000000          0.000000
                          Arthur06  -1.000000  0.000000          1            7.000000          0.000000
                        sociolingo   0.000000  0.000000          2            2.500000          0.000000
                    sofiagrecoo222   1.000000  0.000000          2           15.000000          0.000000
                       Artemis0422   0.000000  0.000000          1            1.000000          0.000000
not-logged-in-db33c2dd6dabd438486b   0.000000  0.000000          1            1.000000          0.000000
not-logged-in-db2b0a7d8691fc6c78b6   0.000000  0.000000          1            4.000000          0.000000
                         Gustavobc   0.000000  0.000000          6            2.833333          0.000000
not-logged-in-db1651756b39060a8922   1.000000  0.000000          1           12.000000          0.000000
                         Galactixx  10.000000  0.000000          1           12.000000          0.000000
not-logged-in-e6277d1a1a6a39f44cb5   1.000000  0.000000          2            1.000000          0.000000
                           Evenaut  -1.000000  0.000000          1            4.000000          0.000000
not-logged-in-efd52262b6d9ff6a63eb  -3.000000  0.000000          1            9.000000          0.000000
                          Faizyyyl   4.000000  0.000000          1           11.000000          0.000000
not-logged-in-f22ba964ade3f1c4b78b   0.000000  0.000000          1            2.000000          0.000000
                        samleung33   1.000000  0.000000          1            3.000000          0.000000
not-logged-in-f1b0f65d34a6f0e47088 -16.000000  0.000000          1           21.000000          0.000000
                     Beca_Sunshine   0.000000  0.000000          2            8.500000          0.000000
              sanchita.subramaniam   1.000000  0.000000          1           11.000000          0.000000
                      Fatima133sbr   0.000000  0.000000          1            4.000000          0.000000
                           Favorek   0.000000  0.000000          1            8.000000          0.000000
                           Fcast52   5.000000  0.000000          1            1.000000          0.000000
                    Fearing2179904   0.000000  0.000000          1            3.000000          0.000000
                            Batt63   1.000000  0.000000          1            1.000000          0.000000
not-logged-in-f023823d2404c0b7f3f0   0.000000  0.000000          3            2.333333          0.000000
not-logged-in-efe553be7fc459ca45f2   1.000000  0.000000          1            9.000000          0.000000
not-logged-in-ef852f8d24fc1ec2e032   0.000000  0.000000          1            1.000000          0.000000
                      shaiannekirn   2.000000  0.000000          1            1.000000          0.000000
not-logged-in-ef37ed0544e7830a3d35   0.000000  0.000000          1            1.000000          0.000000
not-logged-in-ef290700356078692143   0.000000  0.000000          1            4.000000          0.000000
not-logged-in-ef2333b7ab4bd338b0c9  -1.000000  0.000000          1            6.000000          0.000000
                          sandy_23  -2.000000  0.000000          1            2.000000          0.000000
not-logged-in-ef110eae017c08cb4017   2.000000  0.000000          1           17.000000          0.000000
not-logged-in-ef023abdad57329340b8   0.000000  0.000000          2            1.500000          0.000000
                         saneal929   3.000000  0.000000          1            2.000000          0.000000
not-logged-in-eef19f1f1b4a88bddb95  -2.000000  0.000000          1            2.000000          0.000000
                           Finarda   2.000000  0.000000          1            1.000000          0.000000
                         sanjanaj0   1.000000  0.000000          1            3.000000          0.000000
                             sanpm  -2.000000  0.000000          1            6.000000          0.000000
                     sara.acimovic   0.000000  0.000000          1            1.000000          0.000000
                    saragaripulova  -1.000000  0.000000          2            3.500000          0.000000
                     Faith_Fiddian   1.000000  0.000000          2            2.000000          0.000000
not-logged-in-f258772648ed8b42d9e5   4.000000  0.000000          1            4.000000          0.000000
                            sam100   0.000000  0.000000          3            1.666667          0.000000
not-logged-in-f27b07901a8009455895   3.000000  0.000000          1            4.000000          0.000000
                             Eviki   0.000000  0.000000          2            2.000000          0.000000
not-logged-in-f55ebe2bb4aaf97d139e   0.000000  0.000000          1            3.000000          0.000000
not-logged-in-f5195a5c927a7dfd7685  -2.000000  0.000000          1           15.000000          0.000000
not-logged-in-f4cd0dd7cffedd7c44d8   0.000000  0.000000          1            1.000000          0.000000
                             Ben.a  -1.000000  0.000000          1           17.000000          0.000000
                            s8hill   0.000000  0.000000          1            2.000000          0.000000
not-logged-in-f44a7cdaf598127b44ec -35.000000  0.000000          1           37.000000          0.000000
                          Exp_Aman   3.000000  0.000000          1           14.000000          0.000000
                      ExplosiveTMT   5.000000  0.000000          1            2.000000          0.000000
                             s_a_r -12.000000  0.000000          1           18.000000          0.000000
                       sacchyarine   0.000000  0.000000          1            2.000000          0.000000
not-logged-in-f357fb91e76059b67ff1   0.000000  0.000000          1            2.000000          0.000000
not-logged-in-f3501f7531a2e100d44b  -1.000000  0.000000          1            6.000000          0.000000
not-logged-in-f33ec41a81c4496d0a08  -4.000000  0.000000          1           12.000000          0.000000
                       Bellaberg20   0.000000  0.000000          1            6.000000          0.000000
not-logged-in-f3349c0df5d0bdadd6f2   0.000000  0.000000          1            7.000000          0.000000
not-logged-in-f2f46f8d3fc7595bde47  -1.000000  0.000000          2            1.000000          0.000000
                       Bell2201983   0.000000  0.000000          1           12.000000          0.000000
not-logged-in-f2e9f5f00e66f705b59a   0.000000  0.000000          1            1.000000          0.000000
                           FIPatel  -3.000000  0.000000          1           14.000000          0.000000
not-logged-in-f2e2a57b2d3a08361e40  -1.000000  0.000000          1            2.000000          0.000000
                          sahilsav   2.000000  0.000000          1            9.000000          0.000000
                             Beena   0.000000  0.000000          1            2.000000          0.000000
                         salientnz   0.000000  0.000000          1            1.000000          0.000000
                         salma1870  -6.000000  0.000000          1            9.000000          0.000000
                   FJ-SOUNDHEROINE   3.000000  0.000000          1            2.000000          0.000000
not-logged-in-f2aba977d9f131a17c37   0.000000  0.000000          1            5.000000          0.000000
not-logged-in-ee11ab653f8f568f3c36   8.000000  0.000000          1            2.000000          0.000000
                         Barrymac6  -1.000000  0.000000          1            3.000000          0.000000
not-logged-in-edf1fd48ee91920997eb  -3.000000  0.000000          1           12.000000          0.000000
not-logged-in-e95a29ac2747dffb08cc   1.500000  0.000000          1            3.500000          0.000000
not-logged-in-e90230b2b5a165f90d2d   3.000000  0.000000          1            5.000000          0.000000
not-logged-in-e8f11aa22b8e9cf7ae8c  -4.000000  0.000000          1            9.000000          0.000000
not-logged-in-e8d6de116f84e769fb93 -20.000000  0.000000          1           23.000000          0.000000
                         Franzisco  -2.000000  0.000000          1            5.000000          0.000000
                  sconnergausepohl  -1.000000  0.000000          1           13.000000          0.000000
                        scoobeedoo   0.000000  0.000000          1            8.000000          0.000000
                     scottzellar73   0.000000  0.000000          1            1.000000          0.000000
                     FreddieRocero   0.000000  0.000000          1            1.000000          0.000000
not-logged-in-e7a49f81e02df01cba36  -1.000000  0.000000          1            3.000000          0.000000
                             sdeff  -8.000000  0.000000          1           18.000000          0.000000
                             Ayuda  -3.000000  0.000000          1            3.000000          0.000000
not-logged-in-e74c59f817d9888ec7c0 -13.000000  0.000000          1           23.000000          0.000000
                          Axel_Fox   0.000000  0.000000          1            5.000000          0.000000
                         seemoua98   0.000000  0.000000          5            2.200000          0.000000
                           Awdasda   1.000000  0.000000          1            4.000000          0.000000
                              Frej  -3.000000  0.000000          1           10.000000          0.000000
                             sep68   0.000000  0.000000          1            6.000000          0.000000
                           serge62   1.000000  0.000000          1            5.000000          0.000000
                      Fulayjesscor   0.000000  0.000000          1            1.000000          0.000000
                          Furti100  -2.000000  0.000000          1            3.000000          0.000000
                       GMPS.Zoo147  38.000000  0.000000          1            2.000000          0.000000
                       G_Sidorenko   1.000000  0.000000          1           27.000000          0.000000
not-logged-in-e6ade1f291976e56fd51  -1.000000  0.000000          1            3.000000          0.000000
                           seyaraw   0.000000  0.000000          2           14.500000          0.000000
                           sfajors   0.000000  0.000000          1            3.000000          0.000000
                           sgazard  -1.000000  0.000000          2            6.000000          0.000000
                        shadymag12   4.000000  0.000000          1            1.000000          0.000000
                           BEG5210   0.000000  0.000000          1            1.000000          0.000000
not-logged-in-e98379ff15dada3cdf13   9.000000  0.000000          1            1.000000          0.000000
                  Barbara.m.hunter   0.000000  0.000000          1            4.000000          0.000000
                     sciencewiz123   2.000000  0.000000          1            6.000000          0.000000
not-logged-in-ed7b5515e62587cf8259  -9.000000  0.000000          1           16.000000          0.000000
                        Barbalbero   1.000000  0.000000          1            4.000000          0.000000
                         BambusBoo   0.000000  0.000000          1            1.000000          0.000000
                            sarmaq  -6.000000  0.000000          1            6.000000          0.000000
                         Balurbala   0.000000  0.000000          1            1.000000          0.000000
not-logged-in-ec83e6a788af7eab6113   1.000000  0.000000          1            1.000000          0.000000
                     FireObsidian_   0.000000  0.000000          1            2.000000          0.000000
                       FireWolf144   0.000000  0.000000          1            1.000000          0.000000
                       Flowerstone   2.000000  0.000000          1           10.000000          0.000000
not-logged-in-ec1501c588d953f0fb3e   1.000000  0.000000          1            1.000000          0.000000
not-logged-in-ec03cb3f0d78a2f4b647   0.000000  0.000000          1            2.000000          0.000000
not-logged-in-ebce1eede6cabc2b661a   0.000000  0.000000          1            1.000000          0.000000
                      savannahgirl -11.000000  0.000000          1           13.000000          0.000000
not-logged-in-ebaa574ae4c2e935b1a0   1.000000  0.000000          1            1.000000          0.000000
                        Balawisian  -2.000000  0.000000          1           19.000000          0.000000
not-logged-in-eb907be80b67eaf86bf2  -1.000000  0.000000          1            5.000000          0.000000
not-logged-in-eb3e9f70d1df7e075223   0.000000  0.000000          2            2.000000          0.000000
                    FourHundredTen   0.000000  0.000000          1            1.000000          0.000000
                             Fox_F   1.000000  0.000000          1            6.000000          0.000000
not-logged-in-eb28689c7d787e33b1a0   2.000000  0.000000          1            5.000000          0.000000
                 FoxicusMetallicus   0.000000  0.000000          1            1.000000          0.000000
                   Frankbarton4427  -1.000000  0.000000          1            2.000000          0.000000
                            Bacman  17.000000  0.000000          1            2.000000          0.000000
                          scerrato -17.000000  0.000000          1           22.000000          0.000000
                      BabyBabushka -11.000000  0.000000          1           15.000000          0.000000
not-logged-in-e9903f3f410109fc5182  -2.000000  0.000000          1            4.000000          0.000000
                           BKS1191   2.000000  0.000000          1            6.000000          0.000000
                          Duron111   0.000000  0.000000          1            3.000000          0.000000
                       Maksymilion   5.000000  0.000000          1            1.000000          0.000000
not-logged-in-a04a2a158a6ab07c5e70   0.000000  0.000000          1            6.000000          0.000000
                          ZoonBlob   0.000000  0.000000          1            1.000000          0.000000
                   meganbertolette   0.000000  0.000000          1            3.000000          0.000000
                       meghasharma   0.000000  0.000000          1            4.000000          0.000000
                          mel_rose   0.000000  0.000000          1            1.000000          0.000000
                            melhan   0.000000  0.000000          1            2.000000          0.000000
                      melonogaster   0.000000  0.000000          1            3.000000          0.000000
                         melpinick   2.000000  0.000000          1            6.000000          0.000000
                          memmar02  -1.000000  0.000000          1            5.000000          0.000000
                           Zoie_19   0.000000  0.000000          1            3.000000          0.000000
                          mensacka  -1.000000  0.000000          1           11.000000          0.000000
                           ZoeLu66   1.000000  0.000000          1            1.000000          0.000000
                       ZoeKoopmans   6.000000  0.000000          1            1.000000          0.000000
                             Zoe12   0.000000  0.000000          1            1.000000          0.000000
                    merryphysician   0.000000  0.000000          1           12.000000          0.000000
                           meryemm   0.000000  0.000000          1            6.000000          0.000000
                    metagalaxy1970   0.000000  0.000000          1            1.000000          0.000000
                       mewerencelo   1.000000  0.000000          1            2.000000          0.000000
                    Zilin_mag_lila  -1.500000  0.000000          1            8.500000          0.000000
                  ZooUniversecoled   0.000000  0.000000          1            1.000000          0.000000
                         mdelaney7   0.000000  0.000000          1            1.000000          0.000000
                      mayacorcoran   3.000000  0.000000          1            1.000000          0.000000
                             _FaZe   1.000000  0.000000          1            5.000000          0.000000
                          maylynnw   4.000000  0.000000          1            5.000000          0.000000
                     maysonsteinke   1.000000  0.000000          1            1.000000          0.000000
                        mayurasunu   4.000000  0.000000          1            8.000000          0.000000
                    abdirahman5125   1.000000  0.000000          1            5.000000          0.000000
                           abarcas   2.000000  0.000000          1            1.000000          0.000000
                         mbargagna   2.000000  0.000000          1            4.000000          0.000000
                        mbeasley01   6.000000  0.000000          1           10.000000          0.000000
                          aaziz022 -23.000000  0.000000          1           27.000000          0.000000
                       mbrooks-pfg  -1.000000  0.000000          1            7.000000          0.000000
                      aarushpillai  -1.000000  0.000000          1            2.000000          0.000000
                        mcastano19   1.000000  0.000000          1            4.000000          0.000000
                         mcastro70  14.000000  0.000000          1            1.000000          0.000000
                    mccartert11023  48.000000  0.000000          1            2.000000          0.000000
                              mcds   0.000000  0.000000          1            1.000000          0.000000
                         aahmed408   2.000000  0.000000          2            4.500000          0.000000
                             a.m.v  -8.000000  0.000000          1           10.000000          0.000000
                           __sam__   0.000000  0.000000          2            4.500000          0.000000
                            mgosse  -3.000000  0.000000          1           24.000000          0.000000
                           Ziggzag   7.000000  0.000000          1           16.000000          0.000000
                          ZenobiaJ   2.000000  0.000000          1            6.000000          0.000000
                           Zebudah  -2.000000  0.000000          1            6.000000          0.000000
                         mkishinev   6.000000  0.000000          1            4.000000          0.000000
                          Yoav0412  -3.000000  0.000000          1           17.000000          0.000000
                    YoGabbaGabba25   1.000000  0.000000          1            1.000000          0.000000
                            mkulka  -1.000000  0.000000          1            6.000000          0.000000
                            mlc049  -1.000000  0.000000          2            5.500000          0.000000
                            Yixith   0.000000  0.000000          1            2.000000          0.000000
                  Yiwei-Li-BLP-ENG  -2.000000  0.000000          1            4.000000          0.000000
                          mmaher36   2.000000  0.000000          1            2.000000          0.000000
                       mmonteiross   0.000000  0.000000          2            1.500000          0.000000
                          Yashp281  14.000000  0.000000          1            2.000000          0.000000
                            YannFu   0.000000  0.000000          2            3.000000          0.000000
                          mobil929   2.000000  0.000000          1            3.000000          0.000000
                         mocha._00   0.000000  0.000000          1            1.000000          0.000000
                           Yajie11   3.000000  0.000000          1            5.000000          0.000000
                        XinyueWang   0.000000  0.000000          2            2.000000          0.000000
                          Xavier42   1.000000  0.000000          1            3.000000          0.000000
                       Wyvernshade   0.000000  0.000000          3            1.666667          0.000000
                     Youssef_Saleh   3.000000  0.000000          1            6.000000          0.000000
                         mjwyrick1  -1.000000  0.000000          1            5.000000          0.000000
                            mjudah   1.000000  0.000000          1           12.000000          0.000000
                        milliemars   1.000000  0.000000          1            1.000000          0.000000
                            Zakria -11.000000  0.000000          1           11.000000          0.000000
                         Zacharyag   0.000000  0.000000          1            1.000000          0.000000
                           ZMariam  -5.000000  0.000000          1            8.000000          0.000000
                          ZFan1960   3.000000  0.000000          1           12.000000          0.000000
                              Yuga   0.000000  0.000000          1           11.000000          0.000000
                         mikheaven   2.000000  0.000000          1            2.000000          0.000000
                           mikster  -1.000000  0.000000          1            5.000000          0.000000
               milosevicsbalint007   0.000000  0.000000          1            4.000000          0.000000
                         mjth.2023  15.000000  0.000000          1            2.000000          0.000000
                           milucas   1.000000  0.000000          1           14.000000          0.000000
                            Ytntyy   0.000000  0.000000          3            3.333333          0.000000
                        mirasstone -13.000000  0.000000          1           50.000000          0.000000
                         mithu1506   6.000000  0.000000          1           29.000000          0.000000
                        mjaylarson   0.000000  0.000000          1            1.000000          0.000000
                          mjbehren   2.000000  0.000000          1            1.000000          0.000000
                         mjjohns13   0.000000  0.000000          1            4.000000          0.000000
                         abenedict   2.000000  0.000000          2            5.500000          0.000000
                       maya_ollie2   0.000000  0.000000          3            2.000000          0.000000
                            mpreis   0.000000  0.000000          1            2.000000          0.000000
                          lorozcof   3.000000  0.000000          1           11.000000          0.000000
                          alonsovt   0.000000  0.000000          1            6.000000          0.000000
                       alliecugnet  -1.000000  0.000000          1            5.000000          0.000000
                    alisha.mahajan  -2.000000  0.000000          1           16.000000          0.000000
                            lrm438   0.000000  0.000000          1            5.000000          0.000000
                          alirosee   0.000000  0.000000          2            7.000000          0.000000
                          alinkina   7.000000  0.000000          1           13.000000          0.000000
                           ali_007   0.000000  0.000000          1            2.000000          0.000000
                          lsogiati   5.000000  0.000000          1            1.000000          0.000000
                     alfredreyes92   5.000000  0.000000          2            4.000000          0.000000
                   luciananogueira   0.000000  0.000000          2            1.000000          0.000000
                          luciq_20  -1.000000  0.000000          1            8.000000          0.000000
                            aleeme   2.000000  0.000000          1            2.000000          0.000000
                       luna3412000  -6.000000  0.000000          1           10.000000          0.000000
                          luncheon   1.000000  0.000000          1            3.000000          0.000000
                       luviesmomma   7.000000  0.000000          1            2.000000          0.000000
                        luxidenger   0.000000  0.000000          1           12.000000          0.000000
              alchemyscatastrophie  -3.000000  0.000000          1            6.000000          0.000000
                          loulou89   0.000000  0.000000          1            1.000000          0.000000
                          altheist   0.000000  0.000000          1            1.000000          0.000000
                            abhx27   2.000000  0.000000          1            6.000000          0.000000
                              alxn   1.000000  0.000000          1            1.000000          0.000000
                         andrewc21  12.000000  0.000000          1            1.000000          0.000000
                  livia_bieliaieva   0.000000  0.000000          1           16.000000          0.000000
             liz.chambersgmail.com   0.000000  0.000000          2            2.000000          0.000000
                       lizfletcher   0.000000  0.000000          1            1.000000          0.000000
                        lizgleason   0.000000  0.000000          1            1.000000          0.000000
                           anawiel   0.000000  0.000000          1            1.000000          0.000000
                           ljjaoui   1.000000  0.000000          1            1.000000          0.000000
                         amywinkle  -2.000000  0.000000          1            7.000000          0.000000
                        lluger0750  -2.000000  0.000000          1           15.000000          0.000000
                            lmagny  -4.000000  0.000000          1            6.000000          0.000000
                            lmatau   1.000000  0.000000          1            5.000000          0.000000
                       amyjean1975  -1.000000  0.000000          2            1.000000          0.000000
                           amonroe   6.000000  0.000000          1            2.000000          0.000000
                          lockphys   0.000000  0.000000          1            4.000000          0.000000
                          loganlev  -2.000000  0.000000          1            9.000000          0.000000
                            am4ira   0.000000  0.000000          2            3.500000          0.000000
                       alysonrison   1.000000  0.000000          2            1.000000          0.000000
                         ly2muuchh   2.000000  0.000000          1           15.000000          0.000000
                         alanaanil   0.000000  0.000000          2            3.000000          0.000000
                       akbarharits   0.000000  0.000000          1            6.000000          0.000000
                          mINEDIME   1.000000  0.000000          1            6.000000          0.000000
                         ademetris  -3.000000  0.000000          1            6.000000          0.000000
                   marijamcfarland   0.000000  0.000000          1            2.000000          0.000000
                   addielovesspace   0.000000  0.000000          1            9.000000          0.000000
                         adamzwawy   3.000000  0.000000          1            6.000000          0.000000
                        marrottere  -5.000000  0.000000          1           21.000000          0.000000
                           adampua   1.000000  0.000000          1            1.000000          0.000000
                          masatapa  -1.000000  0.000000          1            4.000000          0.000000
                 adam_derdzikowski   0.000000  0.000000          2            3.000000          0.000000
                       matheusmelo   1.000000  0.000000          1            2.000000          0.000000
                        mathewshaw   2.000000  0.000000          1            1.000000          0.000000
                            acpost   0.000000  0.000000          2            1.000000          0.000000
                            matiem  -1.000000  0.000000          1           10.000000          0.000000
                      absentbeauty   1.000000  0.000000          1            4.000000          0.000000
                            absatx  -9.000000  0.000000          1           24.000000          0.000000
                         abiasotti  -2.000000  0.000000          1            9.000000          0.000000
                       maxdickey88  -1.000000  0.000000          1            7.000000          0.000000
                         maxfreele   0.000000  0.000000          1            5.000000          0.000000
                              afai   3.000000  0.000000          1            5.000000          0.000000
                          malik114   0.000000  0.000000          1            2.000000          0.000000
                          aggatlin  -3.000000  0.000000          2            9.000000          0.000000
                      madison.low1  -1.000000  0.000000          1           12.000000          0.000000
                            akb124   1.000000  0.000000          1            6.000000          0.000000
                   mablewoodbury17   0.000000  0.000000          1            1.000000          0.000000
                            mabrur   2.000000  0.000000          1            4.000000          0.000000
                            ajmoss   6.000000  0.000000          1            6.000000          0.000000
                           ajbicgz   0.000000  0.000000          3            4.333333          0.000000
                    aitanalopezpoo   0.000000  0.000000          1            1.000000          0.000000
                           aimeeot   0.000000  0.000000          5            2.600000          0.000000
                       maegano0421   4.000000  0.000000          1            2.000000          0.000000
                       makayla0027   1.000000  0.000000          1           11.000000          0.000000
                   maggiekwright06   0.000000  0.000000          1            3.000000          0.000000
                         ahanashah -12.000000  0.000000          1           21.000000          0.000000
                           magoon1   0.000000  0.000000          1            1.000000          0.000000
                             aha18  -2.000000  0.000000          1           10.000000          0.000000
                           maitg26   1.000000  0.000000          1            4.000000          0.000000
                       maja.phelan   2.500000  0.000000          1            1.500000          0.000000
                        makatzoura   0.000000  0.000000          3            3.333333          0.000000
                      WykidMasheen   1.000000  0.000000          1            1.000000          0.000000
                            mra019   0.000000  0.000000          3            1.333333          0.000000
                          Stitch26   0.000000  0.000000          2            2.000000          0.000000
not-logged-in-0bae802c5649fc2f12f8   8.000000  0.000000          1            2.000000          0.000000
                     Taylor2152238   2.000000  0.000000          1            1.000000          0.000000
                        Taliyah_83   1.000000  0.000000          1            6.000000          0.000000
not-logged-in-0c5c9e1dfdb130863f07   0.000000  0.000000          1            4.000000          0.000000
not-logged-in-0c704f042391237a1ed1   1.000000  0.000000          1            6.000000          0.000000
not-logged-in-0d49a85dd545a0d5afea   0.000000  0.000000          1            1.000000          0.000000
not-logged-in-0d6d49165a40b13c5fac   1.000000  0.000000          1            3.000000          0.000000
                  TakuFukunaga_AUS   4.000000  0.000000          1            7.000000          0.000000
not-logged-in-0dfaed8fb207107cc020   0.000000  0.000000          4            3.000000          0.000000
not-logged-in-0e799017d245ff429dcf   0.000000  0.000000          2            4.000000          0.000000
                         TahaCelik   0.000000  0.000000          1           12.000000          0.000000
not-logged-in-0f4470ddaa291dd300e5  -6.000000  0.000000          1            9.000000          0.000000
not-logged-in-0f478656e7b4d90ecee9   0.000000  0.000000          2            2.500000          0.000000
not-logged-in-0f61dd4a7c1926476173   0.000000  0.000000          1            2.000000          0.000000
not-logged-in-0f80bc79ce0ef75bad56   0.000000  0.000000          1            1.000000          0.000000
not-logged-in-0f9f4b272d8da8e85174  -8.000000  0.000000          1           11.000000          0.000000
not-logged-in-0fa3fb988507e7d13a42   3.000000  0.000000          1            2.000000          0.000000
                         Tacos1826   3.000000  0.000000          1            1.000000          0.000000
                         Teju_0306  -2.000000  0.000000          1            2.000000          0.000000
                        Tenzin1959   0.000000  0.000000          1            7.000000          0.000000
                     Tobiasokoisor   1.000000  0.000000          1            3.000000          0.000000
                           Tessa_A   1.000000  0.000000          1            7.000000          0.000000
not-logged-in-0812d9ab45e2a5230eff   0.000000  0.000000          1            4.000000          0.000000
not-logged-in-08bf3d7f84b407084169  -8.000000  0.000000          1           10.000000          0.000000
                           Thrashz   1.000000  0.000000          1            1.000000          0.000000
                         ThisIsLiz  -4.000000  0.000000          1           20.000000          0.000000
                             Thean  -2.000000  0.000000          1           15.000000          0.000000
                         The_Ocean   0.000000  0.000000          1            3.000000          0.000000
                           The_Lab  -1.000000  0.000000          1            5.000000          0.000000
                       TheNightjar   0.000000  0.000000          1            1.000000          0.000000
                      TheMSavenger   0.000000  0.000000          3            6.000000          0.000000
not-logged-in-09b2f79613f0cbe55e14   0.000000  0.000000          1            1.000000          0.000000
not-logged-in-09c6cce3b75ff4a56218   3.000000  0.000000          1            1.000000          0.000000
                      TheKowalczuk   0.000000  0.000000          1            4.000000          0.000000
not-logged-in-09ff39e8876f68375967   6.000000  0.000000          1            1.000000          0.000000
not-logged-in-0a3baf453c1f0570fd99   2.000000  0.000000          1            3.000000          0.000000
not-logged-in-0ab139672e12dfeb3d82   0.000000  0.000000          1            3.000000          0.000000
not-logged-in-0ab7ffe1070391706f57  -3.000000  0.000000          1           12.000000          0.000000
                             Testi   4.000000  0.000000          1            2.000000          0.000000
not-logged-in-1006b89740d18f398259   0.000000  0.000000          1            4.000000          0.000000
not-logged-in-10184f0a85270d8eb38a   0.000000  0.000000          1            1.000000          0.000000
not-logged-in-10859c5349f7d7e328b7   0.000000  0.000000          1            3.000000          0.000000
not-logged-in-108929a19a3a86314eb9 -12.000000  0.000000          1           16.000000          0.000000
                    Susan.Snyder22   1.000000  0.000000          1            2.000000          0.000000
                      SuryaKaushik   0.000000  0.000000          1           14.000000          0.000000
                      Suppersapper   1.000000  0.000000          1            3.000000          0.000000
not-logged-in-156992d38c812a8d9d1a   1.000000  0.000000          1            7.000000          0.000000
                         Superfrog   0.000000  0.000000          1            1.000000          0.000000
                      SuperbCosmos   0.000000  0.000000          1            1.000000          0.000000
not-logged-in-15cb2c2ecd5d51ee7f38  -1.000000  0.000000          1            6.000000          0.000000
not-logged-in-15d7b9bb13d0186f2a6c   1.000000  0.000000          1            9.000000          0.000000
                         Sunshower   0.000000  0.000000          1            3.000000          0.000000
not-logged-in-1686739b3e654599af37   6.000000  0.000000          1            1.000000          0.000000
                         Sunnyball   0.000000  0.000000          2            2.500000          0.000000
                    SummerSolstice   0.000000  0.000000          2            1.500000          0.000000
not-logged-in-170f8ecaa0f14d901eff   3.000000  0.000000          1            3.000000          0.000000
not-logged-in-171073ae0283f77daa7d  -2.000000  0.000000          1            4.000000          0.000000
not-logged-in-1734794a4c317aebc1db   0.000000  0.000000          1            1.000000          0.000000
not-logged-in-1756d3e677cbf764be95  46.000000  0.000000          1            4.000000          0.000000
                        SudouCells  -5.000000  0.000000          1           21.000000          0.000000
not-logged-in-148b90dff62001f3530b   0.000000  0.000000          1            1.000000          0.000000
not-logged-in-146924ad4bc9a8ccf66e   1.000000  0.000000          2            2.500000          0.000000
not-logged-in-144c130114264737081c   0.000000  0.000000          2            1.500000          0.000000
                             SyRey  -1.000000  0.000000          1            6.000000          0.000000
                              TJGR   0.000000  0.000000          1            1.000000          0.000000
                      TERYNYANDELL   0.000000  0.000000          1            7.000000          0.000000
not-logged-in-11acef3f88cf554b1580  10.000000  0.000000          1            2.000000          0.000000
not-logged-in-11e68d372ad01743d1fd  -5.000000  0.000000          1           23.000000          0.000000
not-logged-in-121648fcfec4cf0c7a02   4.000000  0.000000          1            2.000000          0.000000
not-logged-in-1260b91cbc92319766e9   7.000000  0.000000          1            1.000000          0.000000
                          T-CrBdog  -1.000000  0.000000          1            3.000000          0.000000
                       Swsplechter   0.000000  0.000000          1            5.000000          0.000000
not-logged-in-144a87fa72229ae4b3c1   0.000000  0.000000          1            3.000000          0.000000
                          Svitty77   0.000000  0.000000          1            2.000000          0.000000
                  Svitlana_Slonska  -2.000000  0.000000          1           22.000000          0.000000
not-logged-in-13031bba1c3741be0a4d   3.000000  0.000000          1            2.000000          0.000000
not-logged-in-13b681fba0e1bbe1aabc   4.000000  0.000000          1            1.000000          0.000000
not-logged-in-13ccb55937af59226699   0.000000  0.000000          2            6.500000          0.000000
not-logged-in-141881010aafd1e88122   0.000000  0.000000          1            6.000000          0.000000
                         Susan8064   0.000000  0.000000          1            8.000000          0.000000
                       TinyCatBird   0.000000  0.000000          1            4.000000          0.000000
not-logged-in-07ef247cee7843334c9f   0.000000  0.000000          1            1.000000          0.000000
                       mrogosinsky   0.000000  0.000000          3            2.333333          0.000000
                             Vir23   0.000000  0.000000          1            2.000000          0.000000
                         natashalp   1.000000  0.000000          1            2.000000          0.000000
                       Viney.pawar  -1.000000  0.000000          2            3.500000          0.000000
                      navjitksohal  -7.000000  0.000000          1           12.000000          0.000000
                           nbrozak   0.000000  0.000000          1            1.000000          0.000000
                         neel_0126   4.000000  0.000000          1            1.000000          0.000000
                         neptune03   0.000000  0.000000          3            2.666667          0.000000
                          VeraSDKM   0.000000  0.000000          1            2.000000          0.000000
                  Venkatesan_India   0.000000  0.000000          2            6.500000          0.000000
                       Venkat_Dofe   0.000000  0.000000          1            2.000000          0.000000
                            Vbeany  -2.000000  0.000000          1            9.000000          0.000000
                          Vanni-it   7.000000  0.000000          1            8.000000          0.000000
                        nickerfish   0.000000  0.000000          1            1.000000          0.000000
                      Valentina_25  -4.000000  0.000000          1           12.000000          0.000000
                   Vahidsalimzadeh   3.000000  0.000000          1            1.000000          0.000000
                       nicoleresta   6.000000  0.000000          1            1.000000          0.000000
                     VIzrath_Ewkid   0.000000  0.000000          1            5.000000          0.000000
                        nightbliss   0.000000  0.000000          1            1.000000          0.000000
                       ViolaRowena  -1.000000  0.000000          1           15.000000          0.000000
                             nams2  -2.000000  0.000000          1            2.000000          0.000000
                         ToffeePig   0.000000  0.000000          1            1.000000          0.000000
                         nairashim   0.000000  0.000000          1            1.000000          0.000000
                            msaint   1.000000  0.000000          1            1.000000          0.000000
                        Willaida25  -2.000000  0.000000          1            4.000000          0.000000
                            msicko   0.000000  0.000000          1            1.000000          0.000000
                           Wesjoao   3.000000  0.000000          1            1.000000          0.000000
                        mstfa_emin   0.000000  0.000000          1            1.000000          0.000000
                           mucikaa   0.000000  0.000000          2            3.500000          0.000000
                            murpha  -1.000000  0.000000          1            4.000000          0.000000
                            Wendy_   1.000000  0.000000          1           21.000000          0.000000
                        mustardguy  -4.000000  0.000000          1           14.000000          0.000000
                      Weiss2146825   3.000000  0.000000          1            8.000000          0.000000
                      WeatherlyAir   0.000000  0.000000          2            1.500000          0.000000
                     Wagner2174015 -11.000000  0.000000          1           20.000000          0.000000
                        mycatrules  -8.000000  0.000000          1           12.000000          0.000000
                         WENYANXUE   0.000000  0.000000          1            6.000000          0.000000
                           W--Va.V   0.000000  0.000000          6            2.500000          0.000000
                        Vivisteria   0.000000  0.000000          2            3.000000          0.000000
                     nafissadiallo  -8.000000  0.000000          1           12.000000          0.000000
                      VEDIKAGAUTAM   0.000000  0.000000          2            1.500000          0.000000
                     ninamarie1020  -3.000000  0.000000          2            9.500000          0.000000
                             VBP21   0.000000  0.000000          1            3.000000          0.000000
                            nlking  -1.000000  0.000000          1            5.000000          0.000000
                        TristanW13  -1.000000  0.000000          2           10.000000          0.000000
not-logged-in-046b711484e602c28764   0.000000  0.000000          1            1.000000          0.000000
                       Tripwire321   0.000000  0.000000          1           12.000000          0.000000
not-logged-in-04b416829844f3bb399e   1.000000  0.000000          1            1.000000          0.000000
not-logged-in-04ed4a5ff69a42698d4b   5.000000  0.000000          1            1.000000          0.000000
not-logged-in-0506461fb1f58cccb514  -9.000000  0.000000          1           11.000000          0.000000
not-logged-in-0567c84d0fa6db3bfe4a   0.000000  0.000000          2            2.500000          0.000000
                          Trevon_G   0.000000  0.000000          1            1.000000          0.000000
not-logged-in-06057e9fa2cbd6383975   0.000000  0.000000          1            1.000000          0.000000
not-logged-in-06a8ff148838e23b9186 -16.000000  0.000000          1           20.000000          0.000000
not-logged-in-06d6ba5bec41d40695ac  -1.000000  0.000000          1            1.000000          0.000000
not-logged-in-06e11f40f5c94c7816c9   1.000000  0.000000          1            7.000000          0.000000
not-logged-in-06f94b8888ae4b482795  -3.000000  0.000000          1            7.000000          0.000000
not-logged-in-070104161d9208200016  -1.000000  0.000000          1            6.000000          0.000000
                           Tonghui  -1.000000  0.000000          2            7.000000          0.000000
not-logged-in-07c104c8cb88c51cf828   2.000000  0.000000          1            4.000000          0.000000
not-logged-in-07d47abaf2cd2a97d292   0.000000  0.000000          1            8.000000          0.000000
not-logged-in-0420d5fae3f9b3f0ebd2  -2.000000  0.000000          1            9.000000          0.000000
not-logged-in-03f26a3e9f3388b31345   1.000000  0.000000          1            5.000000          0.000000
                            Troden   5.000000  0.000000          2            5.500000          0.000000
                       USGSintern3  -5.000000  0.000000          1           13.000000          0.000000
                      noahlombardi   2.000000  0.000000          1            1.000000          0.000000
                     norastargazes  -1.000000  0.000000          1            7.000000          0.000000
not-logged-in-0050f072e659299ef116   2.000000  0.000000          1            3.000000          0.000000
not-logged-in-00e3bfca84d263cd03f4   0.000000  0.000000          3            2.000000          0.000000
not-logged-in-010aaaf0c851f0b4eeb8   0.000000  0.000000          1            1.000000          0.000000
not-logged-in-0149e23d30c5b277cee0   2.000000  0.000000          1            3.000000          0.000000
not-logged-in-01a5c35b152b52be232a  -2.000000  0.000000          1            7.000000          0.000000
not-logged-in-01cd431ba6c4ec84c421  -1.000000  0.000000          1           21.000000          0.000000
not-logged-in-0365c048220c08163d78  -2.000000  0.000000          1            6.000000          0.000000
                        Tylera5293 -18.000000  0.000000          1           18.000000          0.000000
not-logged-in-01f60033db4260badd6e  -2.000000  0.000000          1            6.000000          0.000000
not-logged-in-0263cf37138cb26b0d38   1.000000  0.000000          1            4.000000          0.000000
not-logged-in-026ba8b9100dad5e1f10  -7.000000  0.000000          1           50.000000          0.000000
                  TsegySherburne_1  32.000000  0.000000          1           18.000000          0.000000
                     Troutheart672  -1.000000  0.000000          1            2.000000          0.000000
not-logged-in-032ebc05323a5c535583   0.000000  0.000000          1            3.000000          0.000000
                   littleappleseed   1.000000  0.000000          1           23.000000          0.000000
                         lindemose   0.000000  0.000000          1            1.000000          0.000000
             angelikabellinghausen  -3.000000  0.000000          1           10.000000          0.000000
                     davidcucunuba   0.000000  0.000000          1            5.000000          0.000000
                           darkuul   4.000000  0.000000          1            5.000000          0.000000
                        hyrulistic   0.000000  0.000000          1            1.000000          0.000000
                dakotahcarlson2003  -1.000000  0.000000          1            1.000000          0.000000
                        ian_mawson  -1.000000  0.000000          1            3.000000          0.000000
                      cymerogers04   1.000000  0.000000          1            5.000000          0.000000
                            cyerby   3.000000  0.000000          1            3.000000          0.000000
                           cwoodke  27.000000  0.000000          1            1.000000          0.000000
                            cutedh  14.000000  0.000000          1            1.000000          0.000000
                              iguc   0.000000  0.000000          1            3.000000          0.000000
                    ilaria.ermolli  -1.000000  0.000000          1           27.000000          0.000000
                      ilemonajacob   0.000000  0.000000          1            1.000000          0.000000
                         imanahmad   0.000000  0.000000          1            5.000000          0.000000
                      csprucefield   0.000000  0.000000          5            2.200000          0.000000
                          ingramce  -1.000000  0.000000          1            5.000000          0.000000
                           crzyred   0.000000  0.000000          1            4.000000          0.000000
                   invalidheart508   1.000000  0.000000          3            1.333333          0.000000
                    cruzemmanuel01   0.000000  0.000000          1            2.000000          0.000000
                        databanana   0.000000  0.000000          1            2.000000          0.000000
                         htsmaily9   2.000000  0.000000          1            2.000000          0.000000
                         djhiphop7   4.000000  0.000000          1            2.000000          0.000000
                          hswinney   2.000000  0.000000          1            1.000000          0.000000
                         dina_alda   0.000000  0.000000          1            1.000000          0.000000
                          dillonhu   3.000000  0.000000          1           10.000000          0.000000
                      hellojoy1107  -4.000000  0.000000          1           14.000000          0.000000
                   herdivineshadow   0.000000  0.000000          1            7.000000          0.000000
                             dg8ve  -1.000000  0.000000          1            5.000000          0.000000
                            dfarto  -1.000000  0.000000          1           15.000000          0.000000
                          devon.vt  -6.000000  0.000000          1           20.000000          0.000000
                    devinpetterson   2.000000  0.000000          1            1.000000          0.000000
                        devinapuri  17.000000  0.000000          1            2.000000          0.000000
                         hjorem101 -12.000000  0.000000          1           15.000000          0.000000
                     deplxyedOnion   0.000000  0.000000          1           10.000000          0.000000
                           hlserra   0.000000  0.000000          2            2.500000          0.000000
                   deleted-2742126   9.000000  0.000000          1            1.000000          0.000000
                    defonotmilllie  -9.000000  0.000000          1           28.000000          0.000000
                        dderickson   0.000000  0.000000          1            1.000000          0.000000
                          dcrowson  -1.000000  0.000000          1            5.000000          0.000000
                        dayrepossi   0.000000  0.000000          1            2.000000          0.000000
                         cris18274  -1.000000  0.000000          1            4.000000          0.000000
                             cp518   1.000000  0.000000          2            3.000000          0.000000
                           courthy   4.000000  0.000000          1            8.000000          0.000000
                   copperhead_cate   1.000000  0.000000          1            1.000000          0.000000
                           jarphys   0.000000  0.000000          1            1.000000          0.000000
                      jarrowsmith1   2.000000  0.000000          1            5.000000          0.000000
                           cjones7   0.000000  0.000000          4            2.000000          0.000000
                        jaschwartz   1.000000  0.000000          1            1.000000          0.000000
                        jasonhanwu   0.000000  0.000000          1            1.000000          0.000000
                     jayburkhalter   0.000000  0.000000          1            1.000000          0.000000
         christinethedatascientist   0.000000  0.000000          4            4.250000          0.000000
                     jaymeenavarro   0.000000  0.000000          1            6.000000          0.000000
                  christine.y10120 -10.000000  0.000000          1           13.000000          0.000000
                            jbelen   0.000000  0.000000          1            3.000000          0.000000
                         jcapitl20   0.000000  0.000000          1            2.000000          0.000000
                    jcasasolarosas   0.000000  0.000000          1            7.000000          0.000000
                                .-   0.000000  0.000000          2            2.000000          0.000000
                          jchen142   1.000000  0.000000          1            7.000000          0.000000
                             jcktr  -5.000000  0.000000          1           11.000000          0.000000
                       christahoem  -6.000000  0.000000          1           19.000000          0.000000
                          jcochlan  -1.000000  0.000000          1           10.000000          0.000000
                         ckarwandy   2.000000  0.000000          1            1.000000          0.000000
                        claire6666   0.000000  0.000000          4            4.500000          0.000000
                           claree7   0.000000  0.000000          2            1.000000          0.000000
                        j3fuentes1  -1.000000  0.000000          1           13.000000          0.000000
                          coolsack  -1.000000  0.000000          1            6.000000          0.000000
                    isabelhuckvale  -1.000000  0.000000          1           11.000000          0.000000
                           isubham   2.000000  0.000000          1           17.000000          0.000000
                          ivetters   0.000000  0.000000          1            2.000000          0.000000
                             ivyns  -2.000000  0.000000          1            7.000000          0.000000
                            coolcd   0.000000  0.000000          1            4.000000          0.000000
                          connmcge   4.000000  0.000000          1           21.000000          0.000000
                            jBrels   1.000000  0.000000          1            4.000000          0.000000
                       jaiiiiiii1_  -1.000000  0.000000          1            5.000000          0.000000
                     cmotdibbler13   0.000000  0.000000          1            4.000000          0.000000
                      jacobpierce_   0.000000  0.000000          1            2.000000          0.000000
                  jacquelinesgoode   0.000000  0.000000          4            5.750000          0.000000
                        jadairene_  -1.000000  0.000000          1            9.000000          0.000000
                           jadayet  -8.000000  0.000000          1           22.000000          0.000000
                         jaejae001   0.000000  0.000000          1            1.000000          0.000000
                          cmlobbin   2.000000  0.000000          1           14.000000          0.000000
                            dingo.   1.000000  0.000000          1            3.000000          0.000000
                          haskielr   0.000000  0.000000          1            4.000000          0.000000
                      lilyEferobor   6.000000  0.000000          1            1.000000          0.000000
                         flalizada   0.000000  0.000000          1            1.000000          0.000000
                        eminemvevo   1.000000  0.000000          2            1.500000          0.000000
                         emilyc246   3.000000  0.000000          1            7.000000          0.000000
                     emily.attrill   0.000000  0.000000          1            1.000000          0.000000
                            emgems   0.000000  0.000000          1            4.000000          0.000000
                            foxx86  -5.000000  0.000000          1           22.000000          0.000000
     frankoceanplsmakeanotheralbum  -3.000000  0.000000          1           10.000000          0.000000
                          froggler   0.000000  0.000000          1            1.000000          0.000000
                           emeriea   1.000000  0.000000          1            3.000000          0.000000
                        emerald987   4.000000  0.000000          1            2.000000          0.000000
                      elvinAlvarez  -4.000000  0.000000          1            8.000000          0.000000
                    gabbyguzman123  -5.000000  0.000000          1           15.000000          0.000000
                      elsienewburg   0.000000  0.000000          2            3.000000          0.000000
                           elsa413   1.000000  0.000000          1            5.000000          0.000000
                   gabrielacenobio   1.000000  0.000000          3            8.000000          0.000000
                        elliotc123   0.000000  0.000000          1            2.000000          0.000000
                          ellieloo   0.000000  0.000000          1            1.000000          0.000000
                          gadelrag  -1.000000  0.000000          1           10.000000          0.000000
                            floral   1.000000  0.000000          1            1.000000          0.000000
                            emmakw   2.000000  0.000000          1            4.000000          0.000000
                         djtyner21 -11.000000  0.000000          1           13.000000          0.000000
                             fduah   3.000000  0.000000          1            1.000000          0.000000
                       esmestarher  -3.000000  0.000000          1            4.000000          0.000000
                             erin_  -4.000000  0.000000          1            7.000000          0.000000
                     erdenizparlak -48.000000  0.000000          1           50.000000          0.000000
                        evemedvetz   0.000000  0.000000          1            2.000000          0.000000
                            ennder   0.000000  0.000000          2            5.500000          0.000000
                          ewalk014  -1.000000  0.000000          1           10.000000          0.000000
                     fabiomariuzza   0.000000  0.000000          1            1.000000          0.000000
                             fafyy   0.000000  0.000000          1           14.000000          0.000000
                           faithOk  -3.000000  0.000000          1           12.000000          0.000000
                            fariah   0.000000  0.000000          1            4.000000          0.000000
                      farooqakhter   1.000000  0.000000          1            5.000000          0.000000
                         fatherzav   4.000000  0.000000          1           11.000000          0.000000
                       emoryyfaith  -6.000000  0.000000          1           11.000000          0.000000
                       fatinanisah   0.000000  0.000000          1            2.000000          0.000000
                         fawnperez   0.000000  0.000000          3            2.333333          0.000000
                         fbsargent   0.000000  0.000000          1           10.000000          0.000000
                            emoonn   2.000000  0.000000          1           16.000000          0.000000
                           elliejr   0.000000  0.000000          1            5.000000          0.000000
                           ellenbk   1.000000  0.000000          1            4.000000          0.000000
                          gaozhany  -1.000000  0.000000          1            5.000000          0.000000
                         elleh3113   1.000000  0.000000          2            1.500000          0.000000
                         greenie45   0.000000  0.000000          1            5.000000          0.000000
                         duaakasim  -3.000000  0.000000          1            5.000000          0.000000
                        greymaiden  -4.000000  0.000000          1            7.000000          0.000000
                         gschmiege   0.000000  0.000000          1            1.000000          0.000000
                          gsholtis -16.000000  0.000000          1           18.000000          0.000000
                          gtarullo   0.000000  0.000000          1            3.000000          0.000000
                     gummybear1243   2.000000  0.000000          1            1.000000          0.000000
                          gwynn898   0.000000  0.000000          1            1.000000          0.000000
                           druiz13  -1.000000  0.000000          1            2.000000          0.000000
                           h.platt   0.000000  0.000000          9            2.555556          0.000000
                         donalmaye -12.000000  0.000000          1           26.000000          0.000000
                      haileyalbers   1.000000  0.000000          1            6.000000          0.000000
                    haileysmolcnop  -1.000000  0.000000          1           18.000000          0.000000
                     dominguez_j05   0.000000  0.000000          3            4.333333          0.000000
                         hanaabdel  -4.000000  0.000000          1            8.000000          0.000000
                     hannah.parker  -8.000000  0.000000          1           50.000000          0.000000
                        dockuenkel  -3.000000  0.000000          1            4.000000          0.000000
                            grblue  -1.000000  0.000000          1           11.000000          0.000000
                           dviola1   0.000000  0.000000          1            4.000000          0.000000
                      dzzzzydaniel   0.000000  0.000000          3            6.333333          0.000000
                              gm37  -3.000000  0.000000          1           10.000000          0.000000
                 gauranshgulati123  11.000000  0.000000          1            2.000000          0.000000
                       ellahbellah   1.000000  0.000000          1            3.000000          0.000000
                       ella_cooper   1.000000  0.000000          1           14.000000          0.000000
                      elianamariaa -10.000000  0.000000          1           26.000000          0.000000
                          gep00009   0.000000  0.000000          3            3.000000          0.000000
                       elderbailee   0.000000  0.000000          1            7.000000          0.000000
                           gianike   0.000000  0.000000          2            3.000000          0.000000
                           edenjjj   0.000000  0.000000          1            1.000000          0.000000
                          eaidris5   0.000000  0.000000          1            1.000000          0.000000
                            goggog  -1.000000  0.000000          1            4.000000          0.000000
                            ecosia   1.000000  0.000000          1            1.000000          0.000000
                 goodmorninggalaxy   1.000000  0.000000          1           15.000000          0.000000
                           eboman1  -4.000000  0.000000          1           12.000000          0.000000
                              eavs   0.000000  0.000000          1            1.000000          0.000000
                            gpapak   0.000000  0.000000          2            1.500000          0.000000
                          earth2jo  -2.000000  0.000000          1            3.000000          0.000000
                        chriscmuir   0.000000  0.000000          1            2.000000          0.000000
                         chris1992   2.000000  0.000000          1            1.000000          0.000000
                            jcs101   2.000000  0.000000          1            3.000000          0.000000
                         ayoung444  12.000000  0.000000          1            7.000000          0.000000
                          kiameiis   2.000000  0.000000          1            2.000000          0.000000
                        kiara14927  -1.000000  0.000000          1            3.000000          0.000000
                            kimalv   0.000000  0.000000          4            6.000000          0.000000
                          kimcon04   4.000000  0.000000          1            1.000000          0.000000
                            kimous   0.000000  0.000000          1            2.000000          0.000000
                        king.midas  18.000000  0.000000          1            2.000000          0.000000
                         averyroth   5.000000  0.000000          1            1.000000          0.000000
                   kingwilliam4258  -8.000000  0.000000          1            9.000000          0.000000
                   kinhangcheung57   3.000000  0.000000          1            3.000000          0.000000
                        kinsli4man  -3.000000  0.000000          1           13.000000          0.000000
                        kiwicaiden   0.000000  0.000000          1            1.000000          0.000000
                        kjhblevins   0.000000  0.000000          1            2.000000          0.000000
                          kmora072  -8.000000  0.000000          1           29.000000          0.000000
                      kmsandberg15   1.000000  0.000000          1           10.000000          0.000000
                         averymaar  -1.000000  0.000000          1           10.000000          0.000000
                        avakvaughn  -1.000000  0.000000          1           13.000000          0.000000
                      aubreyatyson   1.000000  0.000000          1            4.000000          0.000000
                        khaiiskhai   1.000000  0.000000          1            1.000000          0.000000
                        kfreeman42  -4.000000  0.000000          1            5.000000          0.000000
                          chpascoe   1.000000  0.000000          2            7.000000          0.000000
                         kfaqiryar  -2.000000  0.000000          1            3.000000          0.000000
                     karolaosinska   0.000000  0.000000          2            1.000000          0.000000
                           karuna8   1.000000  0.000000          1            2.000000          0.000000
                          bcjonese   2.000000  0.000000          1            4.000000          0.000000
                         bceriotti  31.000000  0.000000          1            1.000000          0.000000
                          bcarl019   2.000000  0.000000          1            1.000000          0.000000
                             bbolo   2.000000  0.000000          1           18.000000          0.000000
                      katylucchese  -1.000000  0.000000          1            4.000000          0.000000
                              kb33   1.000000  0.000000          1            7.000000          0.000000
                       kbergin1987  -2.000000  0.000000          1           10.000000          0.000000
                              keak   0.000000  0.000000          1            3.000000          0.000000
                         barrickza   0.000000  0.000000          1            2.000000          0.000000
                          kehriann   1.000000  0.000000          1            6.000000          0.000000
                           banluil  -2.000000  0.000000          1            6.000000          0.000000
                     kennedymarler   0.000000  0.000000          1            2.000000          0.000000
                  bailey_bamford03   1.000000  0.000000          1            4.000000          0.000000
                       kenobi212th  -3.000000  0.000000          1            8.000000          0.000000
                         kenthehat   0.000000  0.000000          1            4.000000          0.000000
                             korty  -2.000000  0.000000          1           10.000000          0.000000
                            atakji  -2.000000  0.000000          1            3.000000          0.000000
                aspiring_astronaut  -2.000000  0.000000          1            4.000000          0.000000
                    kristinasj2021   2.000000  0.000000          2            1.500000          0.000000
                        layastrong   3.000000  0.000000          1            9.000000          0.000000
                          apolos36  -1.000000  0.000000          1            4.000000          0.000000
                        anwesha987   1.000000  0.000000          1            2.000000          0.000000
                  leeknow.puddingz   0.000000  0.000000          1            6.000000          0.000000
                           leelaht   0.000000  0.000000          1            4.000000          0.000000
                           lehcar0   0.000000  0.000000          3            6.000000          0.000000
                       lelisie4528   0.000000  0.000000          1            2.000000          0.000000
                   annieparthenais  -1.000000  0.000000          2            2.500000          0.000000
                   leornastrobrent   1.000000  0.000000          1            1.000000          0.000000
                          lepage83   1.000000  0.000000          1            3.000000          0.000000
                        lexislucid   1.000000  0.000000          1           10.000000          0.000000
                       annalocaris  -3.000000  0.000000          2           14.500000          0.000000
                          annakemm   3.000000  0.000000          1            2.000000          0.000000
                      annaalberti1  11.000000  0.000000          1            6.000000          0.000000
                           anikam8   0.000000  0.000000          1            4.000000          0.000000
                         liapialex   0.000000  0.000000          1            1.000000          0.000000
                       lilacrave01  -2.000000  0.000000          1            4.000000          0.000000
                    aquabluesplash   0.000000  0.000000          1            2.000000          0.000000
                        aralynwise   1.000000  0.000000          1            4.000000          0.000000
                          areejcho   0.000000  0.000000          1           11.000000          0.000000
                             kxi_7  -1.000000  0.000000          1            6.000000          0.000000
                          ksant082   0.000000  0.000000          1            1.000000          0.000000
                          kscheidt   0.000000  0.000000          1            1.000000          0.000000
                     ashleighannee   0.000000  0.000000          2            2.000000          0.000000
                          asaly001   5.000000  0.000000          1            2.000000          0.000000
                             as213   0.000000  0.000000          5            4.600000          0.000000
                          kwallis4   1.000000  0.000000          1            9.000000          0.000000
                          kwiereng   0.000000  0.000000          2            1.500000          0.000000
                        artemisaro   0.000000  0.000000          1            7.000000          0.000000
                       lanamartiin   1.000000  0.000000          1           24.000000          0.000000
                      kylamclin123   0.000000  0.000000          1            1.000000          0.000000
                       arnavbarua1   1.000000  0.000000          1            1.000000          0.000000
                           kzimany   0.000000  0.000000          1            4.000000          0.000000
                   arianaprelvukaj   0.000000  0.000000          1           13.000000          0.000000
                      laciwilliams  -2.000000  0.000000          1           15.000000          0.000000
                        lakshya123   0.000000  0.000000          1            2.000000          0.000000
                           lala101   0.000000  0.000000          1            1.000000          0.000000
                         bdavidson  -4.000000  0.000000          1            6.000000          0.000000
                           bdolsey  -1.000000  0.000000          1            5.000000          0.000000
                       bellaseidel  -5.000000  0.000000          1           19.000000          0.000000
               caitlynfergison1999  -3.000000  0.000000          1            3.000000          0.000000
                           jhuery4   1.000000  0.000000          1            4.000000          0.000000
                           ccraddo   2.000000  0.000000          1           21.000000          0.000000
                       catipillar7   1.000000  0.000000          1            2.000000          0.000000
                       jimmyyterry   0.000000  0.000000          1            2.000000          0.000000
                          jimwisor   0.000000  0.000000          2            1.500000          0.000000
                           jinayan   0.000000  0.000000          1            1.000000          0.000000
                        jjg00d3417  -3.000000  0.000000          1           17.000000          0.000000
                    caseyfulkerson   0.000000  0.000000          3            2.666667          0.000000
                          jkakos22   1.000000  0.000000          1            1.000000          0.000000
                    jkmartinez1375  -1.000000  0.000000          1            2.000000          0.000000
                  carolinerharperr  -4.000000  0.000000          1            9.000000          0.000000
                           caraaho   1.000000  0.000000          1           12.000000          0.000000
                        canopus228   0.000000  0.000000          1            1.000000          0.000000
                          jmald045   7.000000  0.000000          1            8.000000          0.000000
                             jmj08   1.000000  0.000000          1            3.000000          0.000000
                       cake4me2day   3.000000  0.000000          1            4.000000          0.000000
                          caitlynq   0.000000  0.000000          1            5.000000          0.000000
                        cdarch0001  -3.000000  0.000000          1            5.000000          0.000000
                         jharmon04   2.000000  0.000000          1            3.000000          0.000000
                    jfuller2828282   0.000000  0.000000          1            3.000000          0.000000
                    chelsea1wilson  -1.000000  0.000000          1            3.000000          0.000000
                        chillfella   1.000000  0.000000          1           12.000000          0.000000
                         jean-luc-   1.000000  0.000000          2            2.500000          0.000000
                         jeh5horse   1.000000  0.000000          1            4.000000          0.000000
                         chenghung  -1.000000  0.000000          1            9.000000          0.000000
                            jenjim   0.000000  0.000000          2            7.000000          0.000000
                     chelsy.reuter   0.000000  0.000000          1            2.000000          0.000000
                     jenniferwu714   0.000000  0.000000          1            3.000000          0.000000
                          chava781   0.000000  0.000000          1            9.000000          0.000000
                        cdecosta08   1.000000  0.000000          1            6.000000          0.000000
                  jericho.cooper53  -4.000000  0.000000          1           13.000000          0.000000
                            charvs   1.000000  0.000000          1            3.000000          0.000000
                       jesscatroth  -1.000000  0.000000          1            6.000000          0.000000
                    jessesanchez23  -7.000000  0.000000          1            8.000000          0.000000
                           jessetb   0.000000  0.000000          1            3.000000          0.000000
                      ceciliazhang  -1.000000  0.000000          1            3.000000          0.000000
                       jesuisrayne  -1.000000  0.000000          1            3.000000          0.000000
                           jnsmith  -3.000000  0.000000          1            7.000000          0.000000
                      joe-mccarthy   5.000000  0.000000          1            3.000000          0.000000
                          kaluga56   1.000000  0.000000          1            2.000000          0.000000
                        burntstarr  36.000000  0.000000          1           10.000000          0.000000
                        jsgrignoli  -2.000000  0.000000          1           16.000000          0.000000
                        bound2livv  12.000000  0.000000          1            1.000000          0.000000
                          borleias -10.000000  0.000000          1           18.000000          0.000000
                          bohanank   0.000000  0.000000          1            1.000000          0.000000
                      bogieandbaby  -2.000000  0.000000          1            6.000000          0.000000
                           bnuenz8   1.000000  0.000000          1            2.000000          0.000000
                            bms22k  -1.000000  0.000000          1            3.000000          0.000000
                          bmarkham   0.000000  0.000000          1           11.000000          0.000000
                      junaid.ihsan   0.000000  0.000000          1            3.000000          0.000000
                     birdboy-blues  -1.000000  0.000000          1            3.000000          0.000000
                         bioflower  -5.000000  0.000000          1            9.000000          0.000000
                          billdehn -14.000000  0.000000          1           22.000000          0.000000
                            jwr013   0.000000  0.000000          2            2.000000          0.000000
                         bgbridges  -2.000000  0.000000          1            7.000000          0.000000
                       benwheeler1   0.000000  0.000000          2            1.500000          0.000000
                         kabanbaba  19.000000  0.000000          1            1.000000          0.000000
                        benoit7850   1.000000  0.000000          1            6.000000          0.000000
                          bowwowie   0.000000  0.000000          1            1.000000          0.000000
                    breadbutcooler   0.000000  0.000000          1            2.000000          0.000000
                         bri_gospo   0.000000  0.000000          1            3.000000          0.000000
                       jonasty1892  -1.000000  0.000000          1            1.000000          0.000000
                        joernrosen  -1.000000  0.000000          1            4.000000          0.000000
                            joeygu  -1.000000  0.000000          1            8.000000          0.000000
                            burkej   4.000000  0.000000          1            4.000000          0.000000
                          bsolis04   2.000000  0.000000          1            2.000000          0.000000
                           jolie55   1.000000  0.000000          1            6.000000          0.000000
                        jonashaxen   0.000000  0.000000          2            1.500000          0.000000
                         bschall41   2.000000  0.000000          1            4.000000          0.000000
                            joozep   0.000000  0.000000          1            1.000000          0.000000
                             jpugh  -1.000000  0.000000          1            1.000000          0.000000
                     jordanetta253  -5.000000  0.000000          1            5.000000          0.000000
                     jordanklein12  31.000000  0.000000          1            4.000000          0.000000
                        jordanw926   3.000000  0.000000          1            5.000000          0.000000
                        josieeckha   0.000000  0.000000          2            5.500000          0.000000
                        brucemoreg  -1.000000  0.000000          1            4.000000          0.000000
                          britntab  12.000000  0.000000          1            4.000000          0.000000
                          jppilarr   0.000000  0.000000          1            1.000000          0.000000
not-logged-in-17d76d4a2fe2c381a9a4  -1.000000  0.000000          1           10.000000          0.000000
                      Stelladanser  -5.000000  0.000000          1            6.000000          0.000000
                  Knusperwoelfchen  -1.000000  0.000000          1           11.000000          0.000000
                           MeemsMe   0.000000  0.000000          1            2.000000          0.000000
not-logged-in-764f5fb7904f0373e05a   0.000000  0.000000          1            1.000000          0.000000
not-logged-in-7652685ca2670f73df8b   0.000000  0.000000          1            1.000000          0.000000
                      Mazen_A_Afif   0.000000  0.000000          1            3.000000          0.000000
not-logged-in-767d651b04c41cca4a01   3.000000  0.000000          1           11.000000          0.000000
                           May2006   8.000000  0.000000          1            8.000000          0.000000
                            Maxile -10.000000  0.000000          1           20.000000          0.000000
                      Matthewm0987   2.000000  0.000000          1           18.000000          0.000000
                         Matteofra   0.000000  0.000000          1            1.000000          0.000000
                          Mati7737   1.000000  0.000000          1            2.000000          0.000000
not-logged-in-77c229dc6a208cc7cad7  -7.000000  0.000000          1           33.000000          0.000000
                      MathewHenson  12.000000  0.000000          1            2.000000          0.000000
not-logged-in-77f5d9a039677baa8178   0.000000  0.000000          1            7.000000          0.000000
not-logged-in-77fd85c0124a52d992e2   0.000000  0.000000          1            1.000000          0.000000
not-logged-in-7814116611c75c86bbb3  -2.000000  0.000000          1            4.000000          0.000000
                         MathRules   2.000000  0.000000          1            2.000000          0.000000
not-logged-in-783f1a4a8eabb784327d  -1.000000  0.000000          2            6.500000          0.000000
                         MaryJane6   3.000000  0.000000          1           13.000000          0.000000
not-logged-in-75113e621ba14f45eb2e   0.000000  0.000000          1            4.000000          0.000000
not-logged-in-74b46ce04de3274a4b53   1.000000  0.000000          1            4.000000          0.000000
not-logged-in-6c53a0b6bdeaeb1a625a  27.000000  0.000000          1            7.000000          0.000000
                MehjabeenBandali04   0.000000  0.000000          1            1.000000          0.000000
                          Mkmila19   0.000000  0.000000          3            3.666667          0.000000
not-logged-in-6ccb666345be03afa0bc   0.000000  0.000000          2            8.000000          0.000000
not-logged-in-6ce0c1db94ba110ec28f   1.000000  0.000000          1            9.000000          0.000000
not-logged-in-6cf0bb066389231d5bd9   0.000000  0.000000          2            2.000000          0.000000
                        MissDonkey   0.000000  0.000000          1            2.000000          0.000000
                           MissCyn  -4.000000  0.000000          1           13.000000          0.000000
                      MischiefBird   0.000000  0.000000          1            3.000000          0.000000
not-logged-in-6e878057c86522bbcf0a   3.000000  0.000000          1           10.000000          0.000000
                         Mikolaj_K   0.000000  0.000000          1            1.000000          0.000000
not-logged-in-7095fe02ac148cabd7de   0.000000  0.000000          1            1.000000          0.000000
                      MichaelH2112   0.000000  0.000000          2            1.000000          0.000000
                       Miamcfadyen   0.000000  0.000000          1            1.000000          0.000000
                    MiaMeszarosova  -5.000000  0.000000          1           21.000000          0.000000
                      Meteor_PhaZe   0.000000  0.000000          1            4.000000          0.000000
                         Messywill   0.000000  0.000000          1            1.000000          0.000000
not-logged-in-73646d2a0fd40b168246  -3.000000  0.000000          1           11.000000          0.000000
not-logged-in-73d0260911bf673511e3  -5.000000  0.000000          1           19.000000          0.000000
not-logged-in-78c7fa6b2497001c2796   0.000000  0.000000          1            1.000000          0.000000
                      MartinTurner   0.000000  0.000000          3            1.333333          0.000000
not-logged-in-79369193edacfc00f3fb   0.000000  0.000000          1            5.000000          0.000000
                     MartinColeman   2.000000  0.000000          1            4.000000          0.000000
not-logged-in-7cc2ff2d78c7ade3c1cc   1.000000  0.000000          2            3.000000          0.000000
not-logged-in-7d0605d8a0db2d9760fc  -5.000000  0.000000          1           12.000000          0.000000
                           Manafan   0.000000  0.000000          1            1.000000          0.000000
                     Mallikarjun01   2.000000  0.000000          1           13.000000          0.000000
not-logged-in-7d85814e9149b068e82a   2.000000  0.000000          1            1.000000          0.000000
not-logged-in-7dc1b3812efeb0fa86dd -10.000000  0.000000          1           27.000000          0.000000
not-logged-in-7dce398333b77db43289  -2.000000  0.000000          1            4.000000          0.000000
not-logged-in-7dd6fe7cddf4d76998cb   0.000000  0.000000          1            1.000000          0.000000
not-logged-in-7e4f9209797c915a953f   0.000000  0.000000          1            6.000000          0.000000
                            et4444   0.000000  0.000000          1            4.000000          0.000000
                    Majd-Alhossein -10.000000  0.000000          1           20.000000          0.000000
not-logged-in-7eece620ecf281d56a7d   1.000000  0.000000          1            3.000000          0.000000
not-logged-in-7ef24045d1bb82e67839   2.000000  0.000000          1            3.000000          0.000000
not-logged-in-7f52bd471136af1b0cc6  -1.000000  0.000000          1            5.000000          0.000000
                          MajaNova  -2.000000  0.000000          1            5.000000          0.000000
not-logged-in-7f9bdb631c951ab6a616   1.000000  0.000000          2            8.000000          0.000000
                    Maitreya_Joshi   1.000000  0.000000          1            1.000000          0.000000
not-logged-in-7c84fd4ae5f8a852ea18  -1.000000  0.000000          1            9.000000          0.000000
not-logged-in-7c73886864355bcbd812   0.000000  0.000000          2            1.500000          0.000000
                       Manakal2009   1.000000  0.000000          1            1.000000          0.000000
                          Mariela3  -3.000000  0.000000          1            7.000000          0.000000
not-logged-in-798b24fca852a599a8c6  -1.000000  0.000000          1           23.000000          0.000000
not-logged-in-79a4e337dd6677171492  -4.000000  0.000000          1            6.000000          0.000000
not-logged-in-79b99eb039c62e2a5371  -1.000000  0.000000          1            4.000000          0.000000
                     Marmex_Mander -13.000000  0.000000          1           19.000000          0.000000
not-logged-in-79f4ab0c3fcd45f0d1ab  -1.000000  0.000000          1            3.000000          0.000000
                       MarionNegus   0.000000  0.000000          1            3.000000          0.000000
not-logged-in-7a4a59284647cfaeafc6   0.000000  0.000000          2            3.500000          0.000000
                       Marieharley   0.000000  0.000000          2            2.500000          0.000000
not-logged-in-7c031a0bfa779c896834   0.000000  0.000000          1            3.000000          0.000000
not-logged-in-7aa2fa7b4eca7edc5404   0.000000  0.000000          1            1.000000          0.000000
                 Mariamitatishvili  -2.000000  0.000000          1           26.000000          0.000000
not-logged-in-7b014ab2e4e0f1b8fdf4  -3.000000  0.000000          1            4.000000          0.000000
not-logged-in-7b017b5e4ca963b66da9  -1.000000  0.000000          1            1.000000          0.000000
not-logged-in-7b223448aeb76d757b44  -4.000000  0.000000          1           12.000000          0.000000
                           MariaSC   0.000000  0.000000          1            6.000000          0.000000
                         MarSCHeid   0.000000  0.000000          2            7.000000          0.000000
                     MoeshaTherese  -3.000000  0.000000          1            3.000000          0.000000
not-logged-in-6c4ca962f701022211c2   3.000000  0.000000          1            3.000000          0.000000
not-logged-in-801f52060b112ff5fdba   0.000000  0.000000          1            4.000000          0.000000
                          NathanVu  -3.000000  0.000000          1           10.000000          0.000000
                          NathalyH   0.000000  0.000000          1            2.000000          0.000000
                  Nathalia_Martins   1.000000  0.000000          1            2.000000          0.000000
not-logged-in-6294e665a8d2db67e4d2   8.000000  0.000000          1            1.000000          0.000000
                        NateZavala  -1.000000  0.000000          1            5.000000          0.000000
not-logged-in-62e8505f09cafb9c9f03  -1.000000  0.000000          1            6.000000          0.000000
not-logged-in-630fc0f2abf6da13c901  -1.000000  0.000000          1            3.000000          0.000000
                           NatalyG  -2.000000  0.000000          2            6.000000          0.000000
not-logged-in-63559564ba83ee6491af   6.000000  0.000000          1           13.000000          0.000000
not-logged-in-636750563683b70b2bea   0.000000  0.000000          1            5.000000          0.000000
                         Natalia.p   0.000000  0.000000          1            1.000000          0.000000
                         Nando2305  49.000000  0.000000          1            1.000000          0.000000
not-logged-in-63c92470542ba2e89fee   0.000000  0.000000          1            7.000000          0.000000
                         Namikazee -13.000000  0.000000          1           17.000000          0.000000
not-logged-in-6497343ae5fc9b44c43c   0.000000  0.000000          1            1.000000          0.000000
not-logged-in-6552f3e33723b0d41d82   0.000000  0.000000          1            1.000000          0.000000
not-logged-in-657d5ec2a9825cddaa28   0.000000  0.000000          1            1.000000          0.000000
not-logged-in-658e4804f3afea76ad57  -2.000000  0.000000          1           10.000000          0.000000
not-logged-in-621ce1c733d41942cf12   0.000000  0.000000          1            4.000000          0.000000
not-logged-in-61fce355e70ee5860b50   3.000000  0.000000          1            2.000000          0.000000
                      MooMooHelper   0.000000  0.000000          1            4.000000          0.000000
                            Naziem   0.000000  0.000000          1            1.000000          0.000000
                            Nrutas  -2.000000  0.000000          1           19.000000          0.000000
                            Nova_A   0.000000  0.000000          2            1.000000          0.000000
                        Norabell21   1.000000  0.000000          1            4.000000          0.000000
not-logged-in-5e1284374a3683f5f50e  -2.000000  0.000000          1            7.000000          0.000000
                        NonnEmilia   1.000000  0.000000          1            1.000000          0.000000
not-logged-in-5e4b9b611cb48bceda6f   0.000000  0.000000          1            4.000000          0.000000
                            Noah_M   1.000000  0.000000          1           14.000000          0.000000
                      NoahGrinberg   0.000000  0.000000          1            3.000000          0.000000
                   Niketha_Sabesan   0.000000  0.000000          1            2.000000          0.000000
                          Nicole46  -1.000000  0.000000          1           12.000000          0.000000
                           Nevatha   5.000000  0.000000          1            1.000000          0.000000
                     Nelson2166257  -1.000000  0.000000          1            2.000000          0.000000
                         NeilTonge  -1.000000  0.000000          1            4.000000          0.000000
                     Neeraj_Barara -19.000000  0.000000          1           25.000000          0.000000
                          Ncolon28  -2.000000  0.000000          1            7.000000          0.000000
not-logged-in-619926239448ab111ce0   2.000000  0.000000          1            1.000000          0.000000
                 Ncazarottoferro92   4.000000  0.000000          1            2.000000          0.000000
                           NadineO   2.000000  0.000000          1            2.000000          0.000000
not-logged-in-662bb9fd9cc818eb24a4   2.000000  0.000000          1            1.000000          0.000000
not-logged-in-668d6108c8c6c1e95298   1.000000  0.000000          1            7.000000          0.000000
not-logged-in-669043d22f5e7f2df2bf   0.000000  0.000000          1            6.000000          0.000000
not-logged-in-69c56b8aa9719b8951a4   0.000000  0.000000          1            1.000000          0.000000
not-logged-in-69fa2720c749d7ef8b30  -4.000000  0.000000          1            8.000000          0.000000
not-logged-in-69fc4b206603da78045c   0.000000  0.000000          2            7.000000          0.000000
not-logged-in-69fd63a863fe6612d568   0.000000  0.000000          1            4.000000          0.000000
not-logged-in-6a04a7aaf41a67b05837   7.000000  0.000000          1            1.000000          0.000000
                   MsHeathersClass   3.000000  0.000000          1           10.000000          0.000000
not-logged-in-6a29de3f8c0bb7c48273  -2.000000  0.000000          1            6.000000          0.000000
                        MrTinker64   0.000000  0.000000          1            3.000000          0.000000
not-logged-in-6a5ec1f3335c5e87e024   0.000000  0.000000          1            7.000000          0.000000
                   MrChristopher20   0.000000  0.000000          1            1.000000          0.000000
not-logged-in-6b0a8d673fee0d9cd90c   0.000000  0.000000          1            1.000000          0.000000
not-logged-in-6b257d9bfb85c24ef9ed   0.000000  0.000000          1            1.000000          0.000000
not-logged-in-6b4008f59394b1262986   1.000000  0.000000          1            4.000000          0.000000
not-logged-in-6ba8be7fa93072966fd3   1.000000  0.000000          1            4.000000          0.000000
                         Mr.Mclaws   1.000000  0.000000          1            1.000000          0.000000
not-logged-in-6bec1caa40afdbf33264   0.000000  0.000000          2            1.000000          0.000000
not-logged-in-6bfa9b3a1850be0874f5  -6.000000  0.000000          1           16.000000          0.000000
                          Mstepane   0.000000  0.000000          3            5.333333          0.000000
not-logged-in-6905d3328fe203a02d31  -8.000000  0.000000          1           16.000000          0.000000
                            Mvegaz  -3.000000  0.000000          1           12.000000          0.000000
not-logged-in-67a97f072532f269f5f7  -1.000000  0.000000          1           11.000000          0.000000
not-logged-in-66b36ad31e215d881c2d   1.000000  0.000000          1            9.000000          0.000000
not-logged-in-66c74ff09e3049cd7df4   0.000000  0.000000          1            6.000000          0.000000
not-logged-in-66f22ca55e92170d202c   0.000000  0.000000          1            2.000000          0.000000
not-logged-in-67146980b9cf003cc077  -1.000000  0.000000          1            6.000000          0.000000
                 NXBirdsofaFeather   1.000000  0.000000          1            1.000000          0.000000
not-logged-in-67479f79e634f7509354   0.000000  0.000000          1            1.000000          0.000000
not-logged-in-679d3fb226a52807248c   3.000000  0.000000          1            7.000000          0.000000
not-logged-in-67ad4323963e41ae5330   0.000000  0.000000          1            2.000000          0.000000
                MykhailoKliushanov   0.000000  0.000000          1            6.000000          0.000000
not-logged-in-67c82f3e4e6eb51582e6  -2.000000  0.000000          1           10.000000          0.000000
                            NPCLoM   0.000000  0.000000          1            2.000000          0.000000
not-logged-in-67f3ca13c8e5c08bc7e5   0.000000  0.000000          1            4.000000          0.000000
                              NC93  -1.000000  0.000000          1           14.000000          0.000000
                               N8B  -1.000000  0.000000          1           10.000000          0.000000
not-logged-in-682c81958ee74aa2f113   1.000000  0.000000          1            4.000000          0.000000
                              N5bz   0.000000  0.000000          2            2.500000          0.000000
                            MagdaM   0.000000  0.000000          1            2.000000          0.000000
                        MackaWoods   0.000000  0.000000          1            7.000000          0.000000
not-logged-in-1844be9c0f3c707cc610  -2.000000  0.000000          1            6.000000          0.000000
                             Laxly -10.000000  0.000000          1           18.000000          0.000000
not-logged-in-965932e5b4dc8df730f7  -2.000000  0.000000          1            7.000000          0.000000
not-logged-in-96782cb2ff223388690d  13.000000  0.000000          1           13.000000          0.000000
                       Lavi_Tran09  -5.000000  0.000000          1           19.000000          0.000000
                     Laurenavaye17  -1.000000  0.000000          1            1.000000          0.000000
not-logged-in-9745c242949ffb63b6c2   0.000000  0.000000          1            1.000000          0.000000
not-logged-in-9785ae2125394a4f3f51   0.000000  0.000000          2            1.500000          0.000000
not-logged-in-978cdaec49a397a911cc   0.000000  0.000000          1            4.000000          0.000000
                         Lauren_NA   0.000000  0.000000          1            4.000000          0.000000
                            Larnik   0.000000  0.000000          1            4.000000          0.000000
not-logged-in-983d6487d2fc9048fe8f   0.000000  0.000000          1            2.000000          0.000000
                            Larane  -2.000000  0.000000          1           11.000000          0.000000
not-logged-in-985efe9b9bc62b6980e4  -9.000000  0.000000          1           12.000000          0.000000
                        Lambchops1   0.000000  0.000000          2            2.500000          0.000000
                       Lalvarado28 -19.000000  0.000000          1           21.000000          0.000000
                           Lakhan7  -2.000000  0.000000          1           29.000000          0.000000
not-logged-in-98cc7e700ee8654b73b9  -3.000000  0.000000          1            7.000000          0.000000
                     LadyCastamere  -3.000000  0.000000          1           20.000000          0.000000
not-logged-in-964afb0141a268d5a899   0.000000  0.000000          1            1.000000          0.000000
not-logged-in-95f77fb5e9e0e1d3dd9a  -5.000000  0.000000          1           13.000000          0.000000
not-logged-in-916018c7a46011531726   0.000000  0.000000          1           16.000000          0.000000
not-logged-in-95b6801d6c8ccfdaf6f3  -3.000000  0.000000          1            3.000000          0.000000
                           Lexymon   0.000000  0.000000          5            1.800000          0.000000
                        Lewisclink   0.000000  0.000000          1            1.000000          0.000000
                          Levevgel  -2.000000  0.000000          1            8.000000          0.000000
                         LetsLemon  -2.000000  0.000000          1            9.000000          0.000000
not-logged-in-929aad338325322b3da3   0.000000  0.000000          1            1.000000          0.000000
not-logged-in-92b8c8c116b214beaea4   1.000000  0.000000          1            5.000000          0.000000
not-logged-in-92c6a9a3c12c670269ba   0.000000  0.000000          1            4.000000          0.000000
not-logged-in-92f4e12e4995ce954873  -2.000000  0.000000          1            5.000000          0.000000
not-logged-in-9324fb073c905b1e3c2a   0.000000  0.000000          1            5.000000          0.000000
                       LeslieVirag   7.000000  0.000000          1           11.000000          0.000000
not-logged-in-94045b30cd380b37751c   3.000000  0.000000          1            3.000000          0.000000
not-logged-in-9468d86c276c16baf9c4   0.000000  0.000000          1            1.000000          0.000000
not-logged-in-94b4ad15cb2a08b29fcd  18.000000  0.000000          1            3.000000          0.000000
                    LeilaAyadi1212   0.000000  0.000000          2            6.500000          0.000000
not-logged-in-94d8135dc0b97e026e60   0.000000  0.000000          1            7.000000          0.000000
not-logged-in-9533b9d0af6db8e7d06d  -2.000000  0.000000          1            6.000000          0.000000
                             LeifS   0.000000  0.000000          1            2.000000          0.000000
not-logged-in-99333b54904c3f43edd6   0.000000  0.000000          1            5.000000          0.000000
not-logged-in-993667e8920ce1483c14   2.000000  0.000000          1            1.000000          0.000000
not-logged-in-99471746b5393a0e9606   2.000000  0.000000          1            1.000000          0.000000
                           Labhesh  -6.000000  0.000000          1           18.000000          0.000000
                 Kyllianzooniverse   1.000000  0.000000          1            3.000000          0.000000
                             Kwaze  12.000000  0.000000          1            2.000000          0.000000
not-logged-in-9da2f3db982a026c87e4   0.000000  0.000000          1            6.000000          0.000000
not-logged-in-9db2336c5eb9cb287e2a  -1.000000  0.000000          1            4.000000          0.000000
not-logged-in-9e00e546e70649a7fff2   0.000000  0.000000          2            3.500000          0.000000
                           Ksiusia   0.000000  0.000000          1            3.000000          0.000000
not-logged-in-9eb40637f4f4399d076d   0.000000  0.000000          1            1.000000          0.000000
                      KristenRenee  -5.000000  0.000000          1           17.000000          0.000000
not-logged-in-9ed88c4389d12eccc726 -21.000000  0.000000          1           28.000000          0.000000
not-logged-in-9f0132736a695aca54ea  36.000000  0.000000          1           14.000000          0.000000
                       Krishnaroxs  -2.000000  0.000000          1           10.000000          0.000000
not-logged-in-9f4fd378b607809c45ea   0.000000  0.000000          1            5.000000          0.000000
not-logged-in-9f62b4e6c1b4303c75b1  -4.000000  0.000000          1            5.000000          0.000000
                        Krish22-11   3.000000  0.000000          1            3.000000          0.000000
not-logged-in-9f8d5c72c9b3b0263ac9  -1.000000  0.000000          1           17.000000          0.000000
not-logged-in-9f9f8e5cc58407d45790   8.000000  0.000000          1            4.000000          0.000000
                          Kridha04   2.000000  0.000000          2            2.500000          0.000000
not-logged-in-9c46e1eca155b3b6c2ef   1.000000  0.000000          1            5.000000          0.000000
                            L7LY_9   2.000000  0.000000          1           16.000000          0.000000
not-logged-in-9bd2722275b9d6a0ef3a -11.000000  0.000000          1           16.000000          0.000000
not-logged-in-9ab45422e31ce1e5c8af  -2.000000  0.000000          1           12.000000          0.000000
not-logged-in-998ef48200549a2e4c80  -1.000000  0.000000          1            1.000000          0.000000
not-logged-in-9996d1f400e8c723f051   5.000000  0.000000          1            8.000000          0.000000
not-logged-in-9a30343849cc3cb5960f   0.000000  0.000000          2            2.000000          0.000000
                           LS65784   0.000000  0.000000          1            3.000000          0.000000
not-logged-in-9a860e6be66515388b04   8.000000  0.000000          1            3.000000          0.000000
                      LDrummond213  -5.000000  0.000000          1           13.000000          0.000000
not-logged-in-9ab12874a844cd931455   8.000000  0.000000          1            2.000000          0.000000
not-logged-in-9abf378461206b8b3e55   1.000000  0.000000          1            1.000000          0.000000
not-logged-in-9bc2505e8fe40f24e02a   0.000000  0.000000          1            3.000000          0.000000
not-logged-in-9ae32cf4d57e1790a091   4.000000  0.000000          1            3.000000          0.000000
not-logged-in-9b20a3b9477b4c22ef0d   0.000000  0.000000          1            2.000000          0.000000
                         LDSPettys   2.000000  0.000000          1            2.000000          0.000000
not-logged-in-9b2fa11091edd717abd4   0.000000  0.000000          1            2.000000          0.000000
not-logged-in-9b33e5cc425b52e135fc  -1.000000  0.000000          1           12.000000          0.000000
not-logged-in-9b6d5c85770b7583f54b   2.000000  0.000000          1            2.000000          0.000000
not-logged-in-9b73052d717e92f47c76  -6.000000  0.000000          1           24.000000          0.000000
not-logged-in-917a4cb8fcaa923e6181  -8.000000  0.000000          1           37.000000          0.000000
not-logged-in-911b5bba6b67dfa5aa75   0.000000  0.000000          1            2.000000          0.000000
not-logged-in-8038bd29325b69056cce   0.000000  0.000000          1           14.000000          0.000000
not-logged-in-83a576465f1a7b02daeb   1.000000  0.000000          1            1.000000          0.000000
not-logged-in-83c87437bdd20f847e69   5.000000  0.000000          1            1.000000          0.000000
                             LudoR   0.000000  0.000000          1            6.000000          0.000000
                            Lucy__   3.000000  0.000000          1            7.000000          0.000000
                        LuckyD2006   1.000000  0.000000          1            5.000000          0.000000
not-logged-in-84814ca7c61d3ab09ee2   2.000000  0.000000          1            2.000000          0.000000
not-logged-in-854961ae634a52d02edf   0.000000  0.000000          1            2.000000          0.000000
                       LucCrabtree   4.000000  0.000000          1            2.000000          0.000000
                            Lu-UNA   1.000000  0.000000          2            1.500000          0.000000
not-logged-in-85a5a3b7d0b40a32ec17  14.000000  0.000000          1            6.000000          0.000000
not-logged-in-864103eec780554e3db6   0.000000  0.000000          1            1.000000          0.000000
not-logged-in-86936c5f7114ef07dba5   0.000000  0.000000          1            1.000000          0.000000
                           LouiseP   4.000000  0.000000          1            6.000000          0.000000
not-logged-in-86eb542f51df8c670e45   4.000000  0.000000          1            6.000000          0.000000
                        LorenzoPel   2.000000  0.000000          1            5.000000          0.000000
                       LordKragaru  -2.000000  0.000000          1            8.000000          0.000000
                       Loot_Goblin   2.000000  0.000000          1            1.000000          0.000000
not-logged-in-87675122903d082942f0   0.000000  0.000000          2            1.000000          0.000000
not-logged-in-83acfdb27da3afc107ce  -2.000000  0.000000          1            4.000000          0.000000
not-logged-in-837acd613702a45859e4  -2.000000  0.000000          1            2.000000          0.000000
not-logged-in-91032374623eeb42034f  -3.000000  0.000000          1            8.000000          0.000000
not-logged-in-833fe811733d0183fd48   0.000000  0.000000          1            2.000000          0.000000
                         Maaike_06   0.000000  0.000000          1           13.000000          0.000000
                            MSM647   0.000000  0.000000          1            7.000000          0.000000
not-logged-in-80a7b07fa8b6a3631c88   0.000000  0.000000          1            6.000000          0.000000
            MRussell_Phy162_FA2024   0.000000  0.000000          1            1.000000          0.000000
not-logged-in-80f53eb63bbb3901741c  13.000000  0.000000          1            5.000000          0.000000
not-logged-in-810c61e14edc05025a21   0.000000  0.000000          1            3.000000          0.000000
                           Lzapp16   0.000000  0.000000          1            5.000000          0.000000
not-logged-in-81c2fbdaa3b2754275d9   1.000000  0.000000          2            1.000000          0.000000
                          Lyon_Fox   1.000000  0.000000          1            5.000000          0.000000
not-logged-in-82413cf080ff6f4d458e   0.000000  0.000000          2            5.500000          0.000000
                             Lux05   1.000000  0.000000          2            2.000000          0.000000
not-logged-in-82a1da3342bec2e8591a   3.000000  0.000000          1            1.000000          0.000000
                         Luminaris   1.000000  0.000000          1            1.000000          0.000000
not-logged-in-82e1547159fba840dcd3   0.000000  0.000000          1            2.000000          0.000000
not-logged-in-8320237ecaccc0a0a352   0.000000  0.000000          1            3.000000          0.000000
                       LukeSakawat   5.000000  0.000000          1            2.000000          0.000000
not-logged-in-8337816fbff7f9e0d529   2.000000  0.000000          1            1.000000          0.000000
not-logged-in-87aad6bc1951e9b5d720   0.000000  0.000000          1            1.000000          0.000000
not-logged-in-87edeabe2402de5d1476  -1.000000  0.000000          1            2.000000          0.000000
not-logged-in-88e1956b86dcf306f20e  -8.000000  0.000000          1           17.000000          0.000000
not-logged-in-8904f4ec6665fa7c7288   0.000000  0.000000          1            3.000000          0.000000
not-logged-in-8ca02b59285833e39a97   5.000000  0.000000          1            7.000000          0.000000
                          LilyA625   0.000000  0.000000          1            3.000000          0.000000
not-logged-in-8d7225494bd2e18a4815   2.000000  0.000000          1            3.000000          0.000000
not-logged-in-8dc4c8f694b5b5b64a8b   1.000000  0.000000          1           15.000000          0.000000
not-logged-in-8e1780c124f3c099080c   6.000000  0.000000          1            3.000000          0.000000
not-logged-in-8e4ee49348254bf51b42   0.000000  0.000000          2            4.500000          0.000000
not-logged-in-8e6a83b947fd84c53b8c   0.000000  0.000000          1            3.000000          0.000000
                            LilliH   0.000000  0.000000          1            4.000000          0.000000
not-logged-in-8ef84b307353183604d1   9.000000  0.000000          1            3.000000          0.000000
                        Liliana487   1.000000  0.000000          1            4.000000          0.000000
                       LilianSanto   3.000000  0.000000          1            2.000000          0.000000
                      LiliaTheSeya   0.000000  0.000000          2            2.000000          0.000000
not-logged-in-90324564f27372c25dc3  -3.000000  0.000000          1            3.000000          0.000000
                         LigerAbby   0.000000  0.000000          1            3.000000          0.000000
                            Leya85   0.000000  0.000000          3            1.000000          0.000000
not-logged-in-90e4b996c93e3452ac5a  -1.000000  0.000000          1            9.000000          0.000000
not-logged-in-90ea5037ff7b0f8e5218   4.000000  0.000000          1            6.000000          0.000000
not-logged-in-8c7f163a9ae1c0daf7fb   0.000000  0.000000          1           11.000000          0.000000
not-logged-in-8c5fe3fcb32241747b5b   0.000000  0.000000          2            3.500000          0.000000
not-logged-in-8c2d0a81f15b5321984b   0.000000  0.000000          1           11.000000          0.000000
not-logged-in-8a0ef0407accc9d3a881   0.000000  0.000000          2            2.500000          0.000000
not-logged-in-8922755972a9c58425b7   0.000000  0.000000          1            6.000000          0.000000
not-logged-in-892902fa3bc059b58a9a   0.000000  0.000000          1            1.000000          0.000000
not-logged-in-89360b09d96cc14e487a   0.000000  0.000000          1            3.000000          0.000000
not-logged-in-8970a967cdd5c7c60a45   0.000000  0.000000          1            1.000000          0.000000
not-logged-in-897cdc88afc47bbb15e4   0.000000  0.000000          1            2.000000          0.000000
not-logged-in-897e45d8a3fa11f91b8a   1.000000  0.000000          1            5.000000          0.000000
not-logged-in-89ea38a9d44d72b68683  -7.000000  0.000000          1            9.000000          0.000000
                             Lobke   0.000000  0.000000          1            4.000000          0.000000
                        Lisamg3946   0.000000  0.000000          2            1.000000          0.000000
                    LloydChristmas   1.000000  0.000000          1            2.000000          0.000000
not-logged-in-8ab1f708fdc0a152f3cf   0.000000  0.000000          1            2.000000          0.000000
not-logged-in-8ad1b31d179c46e04df3   0.000000  0.000000          1            3.000000          0.000000
not-logged-in-8aed85cea6a7ca725a93  -2.000000  0.000000          1            6.000000          0.000000
not-logged-in-8b229b6d396d79820c66  -1.000000  0.000000          1            4.000000          0.000000
                        LittleLuna   1.000000  0.000000          1            1.000000          0.000000
                            Lisatt   0.000000  0.000000          1           11.000000          0.000000
not-logged-in-5c9c046c8b52c0bc462c   1.000000  0.000000          1            3.000000          0.000000
                              Ns22   1.000000  0.000000          1            4.000000          0.000000
              Number1RiddicismsFan   1.000000  0.000000          1            1.000000          0.000000
not-logged-in-2d8ce0a5fb5c6c5e6908   1.000000  0.000000          1            4.000000          0.000000
                           Saunded   0.000000  0.000000          1           14.000000          0.000000
not-logged-in-2e027b9fc2e21be84940  15.000000  0.000000          1           16.000000          0.000000
                         Sathyakam   0.000000  0.000000          1            2.000000          0.000000
                SarahAlexislybrand   0.000000  0.000000          1            2.000000          0.000000
not-logged-in-2e26be468d90eb069276  -2.000000  0.000000          1            6.000000          0.000000
not-logged-in-2e2ec441b4eb3e3e0e8c  -1.000000  0.000000          1            6.000000          0.000000
                          Samragyi   0.000000  0.000000          1            1.000000          0.000000
                         Sammy_061  -4.000000  0.000000          1            4.000000          0.000000
not-logged-in-2e8918f8fd1e88478b03   1.000000  0.000000          2            3.000000          0.000000
                 SamanthaMelloHrrs   0.000000  0.000000          1           16.000000          0.000000
not-logged-in-2ed0d8c378dc01ff2150   2.000000  0.000000          1           16.000000          0.000000
                       Samanta1902  -1.000000  0.000000          1            2.000000          0.000000
not-logged-in-2f2d9726c1a2f22fd56f   0.000000  0.000000          1           14.000000          0.000000
                          Samad000   0.000000  0.000000          2            3.000000          0.000000
not-logged-in-2fc7769fd80d7d3a1877   0.000000  0.000000          1            8.000000          0.000000
not-logged-in-2fcf0593d3d7680a791e   0.000000  0.000000          1            1.000000          0.000000
not-logged-in-2fdbf2dedf362a09b4d9  -9.000000  0.000000          1           18.000000          0.000000
                            Sawats  -3.000000  0.000000          1           32.000000          0.000000
not-logged-in-2d4e23aefe0e4d95bf67  15.000000  0.000000          1            1.000000          0.000000
not-logged-in-28f75751c4e98f3b930b   0.000000  0.000000          1            2.000000          0.000000
               Saxophone_is_best26  -6.000000  0.000000          1            9.000000          0.000000
not-logged-in-293fb8147cd8a69450df   0.000000  0.000000          1            1.000000          0.000000
not-logged-in-2940c17a5bca9bb6dd90   1.000000  0.000000          1            7.000000          0.000000
                           Selenos  -1.000000  0.000000          1            5.000000          0.000000
                        SeleneHose   0.000000  0.000000          1            2.000000          0.000000
                            SelKBL   6.000000  0.000000          1            3.000000          0.000000
not-logged-in-2a92e53f15bf4df56918   0.000000  0.000000          2            3.000000          0.000000
not-logged-in-2a98b044439885c919b6   0.500000  0.000000          1            1.500000          0.000000
                      Seconds_2026  -3.000000  0.000000          1           10.000000          0.000000
not-logged-in-2b0a5becac4621db8e35   0.000000  0.000000          1            1.000000          0.000000
                           Sebulpa   0.000000  0.000000          3            2.000000          0.000000
                           SeanS16  -3.000000  0.000000          1            4.000000          0.000000
                           Sckyeee  -1.000000  0.000000          1            2.000000          0.000000
                    Schwink2159410  -1.000000  0.000000          1           10.000000          0.000000
not-logged-in-2bfcac5734676a7e01eb  -1.000000  0.000000          1            2.000000          0.000000
not-logged-in-2c1adc0708645cceb5e5  -1.000000  0.000000          1            7.000000          0.000000
                   Schnell_2236022   8.000000  0.000000          1            1.000000          0.000000
not-logged-in-2ccc50c28ec417954e2a  -1.000000  0.000000          2            4.000000          0.000000
not-logged-in-2fef4e45a5193929384f   6.000000  0.000000          1            1.000000          0.000000
not-logged-in-2ff2f8aaac8b573bf1cd  -1.000000  0.000000          1            4.000000          0.000000
not-logged-in-303f1debf5682bb035f4   5.000000  0.000000          1            1.000000          0.000000
not-logged-in-30cd3d3eb7e28cb45b8a  14.000000  0.000000          1            4.000000          0.000000
not-logged-in-3450ad18ed9058627cea   2.000000  0.000000          1            1.000000          0.000000
not-logged-in-34bf799f6c0e185628b9   0.000000  0.000000          1            2.000000          0.000000
not-logged-in-34cc305294ebf7cac105   0.000000  0.000000          1            2.000000          0.000000
                          SIDDHI11  -4.000000  0.000000          1           14.000000          0.000000
not-logged-in-34efb048a0eb7b30feb3  -2.000000  0.000000          1            7.000000          0.000000
                        SHIVAM0007   2.000000  0.000000          1           12.000000          0.000000
not-logged-in-35afc471f279ae54163a -11.000000  0.000000          1           22.000000          0.000000
not-logged-in-35cf07d67fd3484c42bb  -2.000000  0.000000          1            5.000000          0.000000
not-logged-in-360f08e067d3c786115d  -1.000000  0.000000          1            8.000000          0.000000
                         SHARANRAJ  -1.000000  0.000000          1            5.000000          0.000000
not-logged-in-365f94acdecf1b2bd064   0.000000  0.000000          1            9.000000          0.000000
                          SDupree4   0.000000  0.000000          1            9.000000          0.000000
                        SCUBABecca   0.000000  0.000000          1            1.000000          0.000000
                             SCLAC  -3.000000  0.000000          1            6.000000          0.000000
                          Ryanlef4   4.000000  0.000000          1            3.000000          0.000000
not-logged-in-36d367c90a0d852da6e3   3.000000  0.000000          1            3.000000          0.000000
not-logged-in-3757bc38989e6face0b3   3.000000  0.000000          1            4.000000          0.000000
not-logged-in-344f419b825ee1b09c08  -3.000000  0.000000          1           13.000000          0.000000
not-logged-in-33c7cc3498081da37884  -2.000000  0.000000          1            8.000000          0.000000
                            SLUG06  17.000000  0.000000          1            3.000000          0.000000
                           Sage535  -1.000000  0.000000          1            2.000000          0.000000
not-logged-in-30ce9b85068615cc577f   1.000000  0.000000          1            7.000000          0.000000
not-logged-in-30d33f73f3b8a4f3622d   5.000000  0.000000          1            7.000000          0.000000
                          Saki0109   1.000000  0.000000          1            3.000000          0.000000
not-logged-in-313014e0c019c89ab899  11.000000  0.000000          1            8.000000          0.000000
not-logged-in-3186c43b8f9dc7421664   0.000000  0.000000          2            1.000000          0.000000
not-logged-in-31a9c1d17cff4451b012  -1.000000  0.000000          1            4.000000          0.000000
not-logged-in-31bf4b781472fa421079   1.000000  0.000000          1            9.000000          0.000000
                          Sagabear  -2.000000  0.000000          1            5.000000          0.000000
not-logged-in-339c87551fc50a383b6b   0.000000  0.000000          1            1.000000          0.000000
not-logged-in-32730d9172691bc23958   0.000000  0.000000          1            8.000000          0.000000
not-logged-in-328833fb455fe49b7615   5.000000  0.000000          1            3.000000          0.000000
                               SW0   0.000000  0.000000          3            1.333333          0.000000
not-logged-in-32ad780e68d0f434b86b  -6.000000  0.000000          1            7.000000          0.000000
not-logged-in-32b21aed795000f16f59  -7.000000  0.000000          1            8.000000          0.000000
                SMOLL-Science-Bean  -4.000000  0.000000          1            8.000000          0.000000
not-logged-in-33576c93b6260d9308db  -1.000000  0.000000          1            6.000000          0.000000
                  Serinitybaldizzi   3.000000  0.000000          1           11.000000          0.000000
not-logged-in-28e5c0ae8158f09d36e3   0.000000  0.000000          1            1.000000          0.000000
not-logged-in-5c34a41a71064628aede   1.000000  0.000000          1           17.000000          0.000000
                      Soham-Thaker   0.000000  0.000000          1            3.000000          0.000000
not-logged-in-1d009c363374e0e5a7c9   1.000000  0.000000          1           19.000000          0.000000
not-logged-in-1d7bb9470ff444133963   0.000000  0.000000          1            1.000000          0.000000
                          Sofia771   0.000000  0.000000          1            1.000000          0.000000
                       Snickerscat  -2.000000  0.000000          1           14.000000          0.000000
                           Slash49   0.000000  0.000000          1            5.000000          0.000000
not-logged-in-1e54c429b326124a8e26   2.000000  0.000000          1            1.000000          0.000000
not-logged-in-1e613143b1bdfbb7715f   2.000000  0.000000          1            1.000000          0.000000
                      Skelekitty42   1.000000  0.000000          1            6.000000          0.000000
                           SkeeYee  21.000000  0.000000          1           29.000000          0.000000
not-logged-in-1f089c53de9a163c767e   0.000000  0.000000          1            1.000000          0.000000
not-logged-in-1f33c46dc705a1f6adf6  -7.000000  0.000000          1            8.000000          0.000000
not-logged-in-1f75b09f3ab5af957c8c   1.000000  0.000000          1            1.000000          0.000000
not-logged-in-1f78928e0757004af8ff   0.000000  0.000000          1            3.000000          0.000000
not-logged-in-1fa869cd303f707803bb   1.000000  0.000000          1            1.000000          0.000000
                              SirG   0.000000  0.000000          1            1.000000          0.000000
                          SintraPL   0.000000  0.000000          4            4.000000          0.000000
not-logged-in-1ffd6a47e1384c2eb069   0.000000  0.000000          2            2.000000          0.000000
                             Soggi   0.000000  0.000000          5            2.200000          0.000000
not-logged-in-1ba3fadf260340f74a60   0.000000  0.000000          2            7.500000          0.000000
not-logged-in-28cc4b4ebdc721d00300   0.000000  0.000000          3            1.000000          0.000000
not-logged-in-1b7ff64ca779e6965951   1.000000  0.000000          1            4.000000          0.000000
not-logged-in-187616853cba9f551d58   0.000000  0.000000          1            1.000000          0.000000
not-logged-in-188b98f264657f9408fd   0.000000  0.000000          1            1.000000          0.000000
not-logged-in-18a72c2b4543404928be  -3.000000  0.000000          1            7.000000          0.000000
                    StargazingGoat   1.000000  0.000000          1            1.000000          0.000000
                      Star_Gazer76  -5.000000  0.000000          1            6.000000          0.000000
not-logged-in-191d01c0a7cb44a1d644   3.000000  0.000000          1           15.000000          0.000000
not-logged-in-1924ad8568d3133b2721   2.000000  0.000000          1           16.000000          0.000000
                          SruKrish   1.000000  0.000000          1            2.000000          0.000000
                              Sros   1.000000  0.000000          1            1.000000          0.000000
not-logged-in-1a76f50e7fd2772f7933   2.000000  0.000000          1            4.000000          0.000000
not-logged-in-1a8ea8a02ffe14054205 -13.000000  0.000000          1           17.000000          0.000000
not-logged-in-1aea096d9287c97f3996   0.000000  0.000000          1            2.000000          0.000000
                       Srijan-2013  -9.000000  0.000000          1           10.000000          0.000000
                        SpacingOut   1.000000  0.000000          1            3.000000          0.000000
                         Space_brd   2.000000  0.000000          1            8.000000          0.000000
                        Spaaaaaace   0.000000  0.000000          1           18.000000          0.000000
                         SoulEvans  -4.000000  0.000000          1            6.000000          0.000000
                        Simranghag   0.000000  0.000000          1            1.000000          0.000000
not-logged-in-20a09ea31ebc5bdeb42d   0.000000  0.000000          2            9.500000          0.000000
not-logged-in-20cd888e0a41263d4e02   0.000000  0.000000          2            1.500000          0.000000
                       SimonSAllen   0.000000  0.000000          3            1.333333          0.000000
                            ShariV  -2.000000  0.000000          1            3.000000          0.000000
not-logged-in-25311dab8baf4e81a788   1.000000  0.000000          1            5.000000          0.000000
not-logged-in-25651258e93dc2e95895  -1.000000  0.000000          1           12.000000          0.000000
not-logged-in-25cd25cfd01c5e868c1c   0.000000  0.000000          1            2.000000          0.000000
not-logged-in-262dbae6b34631688a9b   0.000000  0.000000          2            1.000000          0.000000
not-logged-in-2654a70222918a28ae30  -1.000000  0.000000          1            2.000000          0.000000
                    ShajCaringal07  -1.000000  0.000000          1            7.000000          0.000000
not-logged-in-26b85b9ee409d4243b6b   9.000000  0.000000          1            5.000000          0.000000
not-logged-in-26c1e2b902ac7d121476   1.000000  0.000000          1            2.000000          0.000000
not-logged-in-274cc8506ed37e6fae18   0.000000  0.000000          1            4.000000          0.000000
not-logged-in-276560c9f6fcc7a127d0   0.000000  0.000000          1            4.000000          0.000000
not-logged-in-278bc6f7cb2fa4d79670   0.000000  0.000000          1            1.000000          0.000000
not-logged-in-27bb8e76950c56a399a2   8.000000  0.000000          1            7.000000          0.000000
                              Sgt.   0.000000  0.000000          3            3.000000          0.000000
not-logged-in-28aec6f6d69bf760fcb1   0.000000  0.000000          1            5.000000          0.000000
                          Sevans11   0.000000  0.000000          1            1.000000          0.000000
not-logged-in-28cb16271fda9942b6c3  -1.000000  0.000000          1            3.000000          0.000000
not-logged-in-2495d4b7d872215014af   1.000000  0.000000          1            4.000000          0.000000
not-logged-in-24363cb9d4ba54ad8b75   3.000000  0.000000          1            1.000000          0.000000
                          ShayneFH -11.000000  0.000000          1           14.000000          0.000000
                     Shripanwar003  -1.000000  0.000000          1           18.000000          0.000000
not-logged-in-211528f8b5f228747adb   0.000000  0.000000          1            5.000000          0.000000
                        Silvertime   0.000000  0.000000          1            3.000000          0.000000
not-logged-in-216aab6c10eb287f93e3  -3.000000  0.000000          1           14.000000          0.000000
                           Siani15   0.000000  0.000000          4            1.000000          0.000000
not-logged-in-21e59c0bedbb85e4b24d  -1.000000  0.000000          1            7.000000          0.000000
not-logged-in-2221f3fb53a0872f09c9   0.000000  0.000000          1            1.000000          0.000000
not-logged-in-2259b981de7f96231f95  -3.000000  0.000000          1            4.000000          0.000000
not-logged-in-227ffcc1d97ff2abe1f9  -1.000000  0.000000          1            8.000000          0.000000
not-logged-in-23c190bd91d290925f53   1.500000  0.000000          1            3.500000          0.000000
not-logged-in-22974fa368815655d6e7   2.000000  0.000000          1            2.000000          0.000000
not-logged-in-22cd8274078bc3402a45   1.000000  0.000000          1            4.000000          0.000000
                   Shreyanshi_2003  -1.000000  0.000000          1            1.000000          0.000000
not-logged-in-22f4703ab93a3553d94d   2.000000  0.000000          1            3.000000          0.000000
not-logged-in-2328815e4c3bf998c629   0.000000  0.000000          1            5.000000          0.000000
                           Shoebug   0.000000  0.000000          2            3.500000          0.000000
                          Shenoas1   1.000000  0.000000          1            3.000000          0.000000
                         RupsaPaul  -1.000000  0.000000          1            3.000000          0.000000
                              Runi   0.000000  0.000000          1            4.000000          0.000000
                        Runevarela  17.000000  0.000000          2            2.500000          0.000000
not-logged-in-4e3adffb217623b9f334   1.000000  0.000000          1            7.000000          0.000000
not-logged-in-4e9b2a3e2d908f110bbd  46.000000  0.000000          1            4.000000          0.000000
                    PuffinMelody90   0.000000  0.000000          1            6.000000          0.000000
not-logged-in-4eff1375398ff33ed611  32.000000  0.000000          1            4.000000          0.000000
                         Pritika04   1.000000  0.000000          2            1.500000          0.000000
                          Prinsy21   0.000000  0.000000          1            2.000000          0.000000
not-logged-in-5050b792ca3d969c6f74   0.000000  0.000000          1            6.000000          0.000000
not-logged-in-50ee74795ba2efe74efb   2.000000  0.000000          1            2.000000          0.000000
                  Potterhead051214   0.000000  0.000000          1           11.000000          0.000000
not-logged-in-510e6e67e59ca619ca7b   0.000000  0.000000          5            4.000000          0.000000
                    PorterGoldHill   2.000000  0.000000          1            1.000000          0.000000
not-logged-in-51dbca291cd4b685502e  -1.000000  0.000000          1            5.000000          0.000000
                      Pollitoloco1   0.000000  0.000000          1            3.000000          0.000000
not-logged-in-526721b9cfc32b58b98c   1.000000  0.000000          1            4.000000          0.000000
                        Polarpat22   0.000000  0.000000          1            2.000000          0.000000
                        Plutoblues  -5.000000  0.000000          1           18.000000          0.000000
not-logged-in-52d6475f90de91ce7e5a -45.000000  0.000000          1           50.000000          0.000000
                      PioneerOverC   1.000000  0.000000          1            1.000000          0.000000
not-logged-in-4e5ca82383cd18e5fb4b   0.000000  0.000000          1            4.000000          0.000000
not-logged-in-4dfb63cc3471540bb1ec -20.000000  0.000000          1           23.000000          0.000000
                    Ruggles2195686   0.000000  0.000000          1            2.000000          0.000000
                     PumpkinsDaddy   3.000000  0.000000          2            2.000000          0.000000
                             ROJ95  -4.000000  0.000000          1           24.000000          0.000000
                          RLuxford  -5.000000  0.000000          1            7.000000          0.000000
                       RHEcrockett  -1.000000  0.000000          2            4.000000          0.000000
                        RAJARATNAM  -2.000000  0.000000          1            4.000000          0.000000
                             R0cc0  -1.000000  0.000000          1            8.000000          0.000000
                           R.watts  -8.000000  0.000000          1           22.000000          0.000000
not-logged-in-4bc7e64de1ced1d01398  -5.000000  0.000000          1           15.000000          0.000000
not-logged-in-4bef3cfa7e531a63760f   5.000000  0.000000          1           14.000000          0.000000
not-logged-in-4c157f53aca7ba88ab45  -2.000000  0.000000          1           14.000000          0.000000
not-logged-in-4c22393a1e2359a5b5b7   0.000000  0.000000          2            1.000000          0.000000
                         QiqaInZoo   0.000000  0.000000          1            2.000000          0.000000
not-logged-in-4d115603b02a49bd8328  -9.000000  0.000000          1           19.000000          0.000000
                         QinxiShen   1.000000  0.000000          1            1.000000          0.000000
                              QbaC   0.000000  0.000000          1            4.000000          0.000000
                 PushkarShukla4648   0.000000  0.000000          1            4.000000          0.000000
not-logged-in-4dc225e087a3beb17d1b   1.000000  0.000000          1            1.000000          0.000000
not-logged-in-4dd3d04542bbc2577f4a  -1.000000  0.000000          1            8.000000          0.000000
                    PickleMonstiez   1.000000  0.000000          1            2.000000          0.000000
not-logged-in-53bc63a052cfdbc97516   1.000000  0.000000          1            4.000000          0.000000
not-logged-in-53c77e3031052a38b374   3.000000  0.000000          1            1.000000          0.000000
                        PhilMartin  -1.000000  0.000000          1            6.000000          0.000000
                          Oskidria   0.000000  0.000000          2            3.000000          0.000000
not-logged-in-581f261e0982d9ec4073   6.000000  0.000000          2            4.000000          0.000000
not-logged-in-581fbe3e666ef0bacee7   2.000000  0.000000          1            4.000000          0.000000
not-logged-in-588860820efa58c49603  -2.000000  0.000000          1           30.000000          0.000000
                        Olivia0314  -1.000000  0.000000          1           13.000000          0.000000
not-logged-in-591fed0bd5669f3c6e5f   0.000000  0.000000          1            1.000000          0.000000
                         OlEnglish -10.000000  0.000000          1           37.000000          0.000000
                             Ohmpt   0.000000  0.000000          2            4.000000          0.000000
                          OMcneill   2.000000  0.000000          1            1.000000          0.000000
not-logged-in-5a2f5d1c2d914b55e849   3.000000  0.000000          1            1.000000          0.000000
not-logged-in-5a3474ecbe1d5b76a400   0.000000  0.000000          1            2.000000          0.000000
not-logged-in-5a6e56ae2ca0c91a2c7d  -1.000000  0.000000          1           17.000000          0.000000
                         OKayPagan  -2.000000  0.000000          1           15.000000          0.000000
not-logged-in-5b76a349a55a0630a3ce   0.000000  0.000000          1            1.000000          0.000000
not-logged-in-5b783809460107f253e2   1.000000  0.000000          1            1.000000          0.000000
not-logged-in-5bdfa17a504044c72e5e   0.000000  0.000000          1            7.000000          0.000000
not-logged-in-5bf6223812afaf8e6a21   2.000000  0.000000          1            1.000000          0.000000
                  OttersAreAllEvil   2.000000  0.000000          1           21.000000          0.000000
                         P4rk3r233   0.000000  0.000000          2            2.000000          0.000000
not-logged-in-57a0db93adfa23be2c37   0.000000  0.000000          1            1.000000          0.000000
not-logged-in-565a85d7a5bbbd967236   0.000000  0.000000          1            1.000000          0.000000
not-logged-in-53dc7bbf5e4e825d3f91   0.000000  0.000000          4            1.000000          0.000000
                         Peter1020   0.000000  0.000000          1            1.000000          0.000000
not-logged-in-553b3ca2881b45936961   0.000000  0.000000          1            1.000000          0.000000
                             Peica  -1.000000  0.000000          1            1.000000          0.000000
                      PatrikBrando   0.000000  0.000000          1            5.000000          0.000000
                      Patriciaam10   1.000000  0.000000          1            9.000000          0.000000
not-logged-in-5613bc3a66b6b773fe0f   1.000000  0.000000          1            9.000000          0.000000
not-logged-in-568290aae2df52082215   0.000000  0.000000          1            5.000000          0.000000
not-logged-in-5753801c220bc2e2e6f6 -22.000000  0.000000          1           50.000000          0.000000
not-logged-in-569c5258ce134fe4a9ac   0.000000  0.000000          1           11.000000          0.000000
                         ParrotMon   0.000000  0.000000          1            1.000000          0.000000
                         Papadavid   2.000000  0.000000          1            5.000000          0.000000
not-logged-in-56b5d3bda6f497a4936b   1.000000  0.000000          1            7.000000          0.000000
not-logged-in-56bfa073300d7f461013   0.000000  0.000000          1            3.000000          0.000000
not-logged-in-56f3fd3241de9a674927  -9.000000  0.000000          1           21.000000          0.000000
not-logged-in-572c192a7bc706ed8b9d   0.000000  0.000000          1            4.000000          0.000000
not-logged-in-4af1bbc6ad9bf9ce5c38   6.000000  0.000000          1            2.000000          0.000000
not-logged-in-4abe45d875ec00aeba19   0.000000  0.000000          1            4.000000          0.000000
                              RWT1  -4.000000  0.000000          1            9.000000          0.000000
                           Richa_N   0.000000  0.000000          3            4.333333          0.000000
                        RobinsStar   1.000000  0.000000          1            3.000000          0.000000
              RobertJanSteenbergen   1.000000  0.000000          2            3.500000          0.000000
                            RobC54   0.000000  0.000000          1            3.000000          0.000000
not-logged-in-3f21b1b706ec1e0437bd -14.000000  0.000000          1           16.000000          0.000000
not-logged-in-3f44bbfb1132c614789f   2.000000  0.000000          1            1.000000          0.000000
not-logged-in-3f56e05b7c1cf1b92c55  -2.000000  0.000000          1            4.000000          0.000000
                    Rmartineau.191  -8.000000  0.000000          2            8.000000          0.000000
                           Rivanni   1.000000  0.000000          1            2.000000          0.000000
                           Rithesh  -3.000000  0.000000          1           18.000000          0.000000
not-logged-in-3fdfe7a67bacdd009d26   0.000000  0.000000          1            4.000000          0.000000
not-logged-in-3fed1ad19b577169b7d1  -3.000000  0.000000          1           10.000000          0.000000
not-logged-in-3ff1ef9c5016d0ffb875   0.000000  0.000000          1            3.000000          0.000000
                         Rissnalin   0.000000  0.000000          1            1.000000          0.000000
                        RickHaramy   8.000000  0.000000          1            2.000000          0.000000
not-logged-in-40c85f62c7695ba52c03   7.000000  0.000000          1            2.000000          0.000000
                     Richlosch1006   5.000000  0.000000          1            1.000000          0.000000
not-logged-in-4161df9a7adc43f8d396   3.000000  0.000000          1            7.000000          0.000000
not-logged-in-3e4764a94b147df3e4dd   0.000000  0.000000          1            2.000000          0.000000
not-logged-in-3e4694a8707169efd741   1.000000  0.000000          1            9.000000          0.000000
not-logged-in-3e152e69fd112d2c40fc   2.000000  0.000000          1            2.000000          0.000000
                      Rothe2219292   0.000000  0.000000          2            8.000000          0.000000
                             Rubru  11.000000  0.000000          1            3.000000          0.000000
                           Rpoteet  29.000000  0.000000          1            1.000000          0.000000
not-logged-in-3a8e2f632e9034aba2dc  -6.000000  0.000000          1            9.000000          0.000000
                           Rpg1960   0.000000  0.000000          2            3.000000          0.000000
                         RozofPern   2.000000  0.000000          1            5.000000          0.000000
not-logged-in-3c16630ec326a5efc75b  26.000000  0.000000          1            5.000000          0.000000
not-logged-in-3c3e59a8acc18a278b7d -20.000000  0.000000          1           23.000000          0.000000
                           Rose_30  -2.000000  0.000000          1           13.000000          0.000000
                          RocketxD  -2.000000  0.000000          1            8.000000          0.000000
not-logged-in-3cec2497cdbbcfeabd81   2.000000  0.000000          1            8.000000          0.000000
not-logged-in-3d469c6bbe0a12e4e435   0.000000  0.000000          1            1.000000          0.000000
not-logged-in-3d60a6be05444462455d  13.000000  0.000000          1            5.000000          0.000000
not-logged-in-3d622b15e37a232e2af3   1.000000  0.000000          1           12.000000          0.000000
not-logged-in-3dcc25c3901af7a7c42e   0.000000  0.000000          1            5.000000          0.000000
                          Root1401  -2.000000  0.000000          1            5.000000          0.000000
                             Roo85  -1.000000  0.000000          1            2.000000          0.000000
                   Richards2196831   0.000000  0.000000          1            5.000000          0.000000
                      Ricardo_Yang  -2.000000  0.000000          1            6.000000          0.000000
not-logged-in-49f76f65a849bee0aa83   1.000000  0.000000          1           15.000000          0.000000
                              Ribi   1.000000  0.000000          1            1.000000          0.000000
not-logged-in-4656412a633376a14759 -11.000000  0.000000          1           23.000000          0.000000
                         Rbircloud   0.000000  0.000000          1            1.000000          0.000000
not-logged-in-4739850e438fa87a6809  -1.000000  0.000000          1            5.000000          0.000000
                       Rasolseyedi  -6.000000  0.000000          1           11.000000          0.000000
                    Ramirez2128480  -6.000000  0.000000          2           31.500000          0.000000
not-logged-in-4777ce8d1ccc79925cf8   1.000000  0.000000          1            3.000000          0.000000
                             Raj98  -1.000000  0.000000          1            4.000000          0.000000
not-logged-in-47a42a1a602620cb3e9a   2.000000  0.000000          1            6.000000          0.000000
not-logged-in-489145254daec60ccf19  -9.000000  0.000000          1           17.000000          0.000000
                         Radnicole   0.000000  0.000000          1            5.000000          0.000000
not-logged-in-48fe06a54d312c6cbe33  -2.000000  0.000000          1           10.000000          0.000000
                  Radhikadesai2003   2.000000  0.000000          1            6.000000          0.000000
not-logged-in-493f96a2fc4d1bbd330d  -3.000000  0.000000          1           13.000000          0.000000
not-logged-in-49471363bbf1e79eb282  -9.000000  0.000000          1           11.000000          0.000000
not-logged-in-496e834191f7221990d2   0.000000  0.000000          1            5.000000          0.000000
not-logged-in-4973ea448f305c21d3af  -2.000000  0.000000          1            5.000000          0.000000
                            Rabb08   1.000000  0.000000          1            3.000000          0.000000
not-logged-in-4640937497f8e4493ce9  -2.000000  0.000000          1            6.000000          0.000000
not-logged-in-45cdd430344252aaa870   4.000000  0.000000          1            1.000000          0.000000
not-logged-in-45a65dca27c87b509798   0.000000  0.000000          1            1.000000          0.000000
not-logged-in-443192232bb28b2bebc9   0.000000  0.000000          1            3.000000          0.000000
not-logged-in-41f7ee860360827939cc   1.000000  0.000000          2            5.500000          0.000000
                            Regass   1.000000  0.000000          1            3.000000          0.000000
not-logged-in-422def246e713eb4cf2e  -1.000000  0.000000          1            7.000000          0.000000
                      Red_Zephyr91   0.000000  0.000000          1            1.000000          0.000000
not-logged-in-42d68491e619aa2e7545   1.000000  0.000000          1            1.000000          0.000000
not-logged-in-43e12bfedeb8dfd2fe3e  -6.000000  0.000000          1           18.000000          0.000000
not-logged-in-441454de0a18ab8c7595   0.000000  0.000000          2            7.000000          0.000000
not-logged-in-4432d7c89cf131938a9d   5.500000  0.000000          1            6.500000          0.000000
not-logged-in-456583d38a75b9435521  -2.000000  0.000000          1           13.000000          0.000000
not-logged-in-4457bd27909ea7eaf9a5   1.000000  0.000000          1            2.000000          0.000000
not-logged-in-446431a539e69507203a   0.000000  0.000000          2            1.000000          0.000000
                   RebeccaLynn2000  -2.000000  0.000000          1           13.000000          0.000000
not-logged-in-44f3b849d9acb814a597  18.000000  0.000000          1            6.000000          0.000000
not-logged-in-4500f38c0bcdda8a76c3   0.000000  0.000000          1            1.000000          0.000000
                   Reagancaldwell4   1.000000  0.000000          1            1.000000          0.000000
                          Rdechert   1.000000  0.000000          1            6.000000          0.000000
                             zzane  10.000000  0.000000          1            5.000000          0.000000

Accepted:                    681
Rejected (bad stats):        5113
No teolixx overlap:          3844
Total non-teolixx volunteers:9638
Secondary calibration: 657 additional volunteers accepted
Total accepted volunteers: 1339

COVERAGE
Total days:                  7207
Total (day, group) pairs:    32408
Single-volunteer groups:     114 / 32408 (0.4%)
Mean volunteers per group:   16.10

DAILY COUNT STATISTICS
count    7207.00
mean       21.40
std        17.07
min         0.87
25%         8.08
50%        17.44
75%        30.60
max       152.88
Zero-count days:             0
High-uncertainty days:       1190 (16.5%)

HIGH-UNCERTAINTY DAYS
day_id  daily_count  daily_uncertainty  n_groups  uncertainty_fraction
 03475     1.800000           3.668398         1              2.037999
 03462     1.933333           3.634491         1              1.879909
 01209     1.928571           3.540193         1              1.835656
 03837     1.600000           2.898275         1              1.811422
 00623     2.000000           3.605551         1              1.802776
 03605     2.285714           4.027379         1              1.761978
 11650     2.333333           4.097301         1              1.755986
 01118     2.200000           3.858201         1              1.753728
 06029     2.066667           3.594970         1              1.739502
 05033     2.000000           3.464102         1              1.732051
 03740     2.357143           4.049827         1              1.718108
 03243     1.741935           2.954857         1              1.696307
 01322     2.000000           3.359422         1              1.679711
 03497     1.733333           2.865227         1              1.653015
 03324     1.933333           3.104528         1              1.605790
 01394     1.800000           2.883450         1              1.601917
 03571     2.076923           3.303068         1              1.590366
 04032     1.800000           2.833473         1              1.574152
 01249     2.000000           3.139609         1              1.569804
 05857     2.533333           3.961722         1              1.563837

TOP 10 HIGHEST COUNT DAYS
day_id  daily_count  daily_uncertainty  n_groups quality_flag
 01817   152.875000          10.855849        16           ok
 10094   125.087241          13.102115         7           ok
 01822   124.850000          12.555753        14           ok
 01818   114.150164          13.259874        17           ok
 10682   112.806061          18.833320         6           ok
 01821   103.954054          11.083270        18           ok
 10684   101.678877          22.135963        12           ok
 01707   101.157946          15.873022         9           ok
 04735   100.260981          16.491423         7           ok
 01778   100.017339          13.347156        14           ok
Sum of mean_count:   154243
Sum of n_volunteers: 521873
Rows before outlier filter: 534644
Rows removed as outliers:   12771
Rows after outlier filter:  521873

OUTPUTS
Saved: daily_sunspot_numbers.csv
Saved: group_sunspot_numbers.csv
Saved: volunteer_stats.csv
